comment_id,docket_id,commenter_type_permissive,commenter_type_ternary
EPA-HQ-OAR-2002-0058-0847,EPA-HQ-OAR-2002-0058,individual,individual
EPA-HQ-OAR-2002-0058-1758,EPA-HQ-OAR-2002-0058,individual,organizational
EPA-HQ-OAR-2002-0058-1846,EPA-HQ-OAR-2002-0058,individual,individual
EPA-HQ-OAR-2002-0058-1848,EPA-HQ-OAR-2002-0058,individual,individual
EPA-HQ-OAR-2002-0058-1882,EPA-HQ-OAR-2002-0058,individual,individual
EPA-HQ-OAR-2002-0058-2679,EPA-HQ-OAR-2002-0058,individual,organizational
EPA-HQ-OAR-2002-0058-2711,EPA-HQ-OAR-2002-0058,individual,organizational
EPA-HQ-OAR-2002-0058-3140,EPA-HQ-OAR-2002-0058,organizational,organizational
EPA-HQ-OAR-2003-0119-1123,EPA-HQ-OAR-2003-0119,organizational,individual
EPA-HQ-OAR-2006-0790-0395,EPA-HQ-OAR-2006-0790,individual,individual
EPA-HQ-OAR-2006-0790-0581,EPA-HQ-OAR-2006-0790,individual,individual
EPA-HQ-OAR-2006-0790-1477,EPA-HQ-OAR-2006-0790,individual,organizational
EPA-HQ-OAR-2006-0790-1782,EPA-HQ-OAR-2006-0790,individual,organizational
EPA-HQ-OAR-2006-0790-1832,EPA-HQ-OAR-2006-0790,individual,individual
EPA-HQ-OAR-2006-0790-1838,EPA-HQ-OAR-2006-0790,individual,organizational
EPA-HQ-OAR-2006-0790-1955,EPA-HQ-OAR-2006-0790,individual,organizational
EPA-HQ-OAR-2006-0790-2157,EPA-HQ-OAR-2006-0790,individual,organizational
EPA-HQ-OAR-2006-0790-2197,EPA-HQ-OAR-2006-0790,individual,organizational
EPA-HQ-OAR-2006-0790-2198,EPA-HQ-OAR-2006-0790,individual,organizational
EPA-HQ-OAR-2006-0790-2199,EPA-HQ-OAR-2006-0790,individual,organizational
EPA-HQ-OAR-2006-0790-2295,EPA-HQ-OAR-2006-0790,individual,organizational
EPA-HQ-OAR-2009-0491-0138,EPA-HQ-OAR-2009-0491,individual,organizational
EPA-HQ-OAR-2009-0491-2535,EPA-HQ-OAR-2009-0491,individual,individual
EPA-HQ-OAR-2009-0491-3735,EPA-HQ-OAR-2009-0491,individual,organizational
EPA-HQ-OAR-2009-0491-3743,EPA-HQ-OAR-2009-0491,individual,organizational
EPA-HQ-OAR-2009-0517-12313,EPA-HQ-OAR-2009-0517,individual,individual
EPA-HQ-OAR-2009-0517-6414,EPA-HQ-OAR-2009-0517,individual,organizational
EPA-HQ-OAR-2009-0517-7296,EPA-HQ-OAR-2009-0517,individual,organizational
EPA-HQ-OAR-2009-0517-8533,EPA-HQ-OAR-2009-0517,individual,organizational
EPA-HQ-OAR-2009-0926-0020,EPA-HQ-OAR-2009-0926,organizational,individual
EPA-HQ-OAR-2009-0926-0021,EPA-HQ-OAR-2009-0926,organizational,individual
EPA-HQ-OAR-2009-0926-0023,EPA-HQ-OAR-2009-0926,organizational,organizational
EPA-HQ-OAR-2009-0926-0056,EPA-HQ-OAR-2009-0926,individual,individual
EPA-HQ-OAR-2009-0926-0069,EPA-HQ-OAR-2009-0926,individual,individual
EPA-HQ-OAR-2009-0926-0089,EPA-HQ-OAR-2009-0926,individual,individual
EPA-HQ-OAR-2009-0926-0116,EPA-HQ-OAR-2009-0926,individual,individual
EPA-HQ-OAR-2009-0926-0141,EPA-HQ-OAR-2009-0926,individual,individual
EPA-HQ-OAR-2009-0926-0156,EPA-HQ-OAR-2009-0926,individual,individual
EPA-HQ-OAR-2009-0926-0159,EPA-HQ-OAR-2009-0926,individual,individual
EPA-HQ-OAR-2009-0926-0170,EPA-HQ-OAR-2009-0926,individual,individual
EPA-HQ-OAR-2009-0926-0202,EPA-HQ-OAR-2009-0926,individual,individual
EPA-HQ-OAR-2009-0926-0268,EPA-HQ-OAR-2009-0926,organizational,other
EPA-HQ-OAR-2009-0926-0278,EPA-HQ-OAR-2009-0926,individual,individual
EPA-HQ-OAR-2009-0926-0304,EPA-HQ-OAR-2009-0926,individual,individual
EPA-HQ-OAR-2009-0926-0354,EPA-HQ-OAR-2009-0926,organizational,other
EPA-HQ-OAR-2009-0926-0363,EPA-HQ-OAR-2009-0926,organizational,other
EPA-HQ-OAR-2009-0926-0391,EPA-HQ-OAR-2009-0926,individual,individual
EPA-HQ-OAR-2009-0926-0414,EPA-HQ-OAR-2009-0926,individual,individual
EPA-HQ-OAR-2009-0926-0436,EPA-HQ-OAR-2009-0926,individual,individual
EPA-HQ-OAR-2009-0926-0499,EPA-HQ-OAR-2009-0926,individual,individual
EPA-HQ-OAR-2009-0926-0517,EPA-HQ-OAR-2009-0926,individual,individual
EPA-HQ-OAR-2009-0926-0540,EPA-HQ-OAR-2009-0926,individual,individual
EPA-HQ-OAR-2009-0926-0617,EPA-HQ-OAR-2009-0926,individual,individual
EPA-HQ-OAR-2009-0926-0641,EPA-HQ-OAR-2009-0926,individual,individual
EPA-HQ-OAR-2009-0926-0675,EPA-HQ-OAR-2009-0926,individual,individual
EPA-HQ-OAR-2009-0926-0733,EPA-HQ-OAR-2009-0926,individual,individual
EPA-HQ-OAR-2009-0926-0746,EPA-HQ-OAR-2009-0926,individual,individual
EPA-HQ-OAR-2009-0926-0749,EPA-HQ-OAR-2009-0926,individual,individual
EPA-HQ-OAR-2009-0926-0769,EPA-HQ-OAR-2009-0926,individual,individual
EPA-HQ-OAR-2009-0926-0776,EPA-HQ-OAR-2009-0926,individual,individual
EPA-HQ-OAR-2009-0926-0784,EPA-HQ-OAR-2009-0926,individual,individual
EPA-HQ-OAR-2009-0926-0797,EPA-HQ-OAR-2009-0926,individual,organizational
EPA-HQ-OAR-2009-0926-0801,EPA-HQ-OAR-2009-0926,individual,individual
EPA-HQ-OAR-2009-0926-0806,EPA-HQ-OAR-2009-0926,individual,organizational
EPA-HQ-OAR-2009-0926-0807,EPA-HQ-OAR-2009-0926,individual,organizational
EPA-HQ-OAR-2009-0926-0808,EPA-HQ-OAR-2009-0926,individual,organizational
EPA-HQ-OAR-2009-0926-0814,EPA-HQ-OAR-2009-0926,individual,organizational
EPA-HQ-OAR-2009-0926-0817,EPA-HQ-OAR-2009-0926,individual,organizational
EPA-HQ-OW-2009-0596-0583,EPA-HQ-OW-2009-0596,organizational,individual
EPA-HQ-OW-2009-0596-0891,EPA-HQ-OW-2009-0596,individual,individual
EPA-HQ-OW-2009-0596-0893,EPA-HQ-OW-2009-0596,individual,individual
EPA-HQ-RCRA-2009-0640-0380,EPA-HQ-RCRA-2009-0640,organizational,individual
EPA-HQ-RCRA-2009-0640-0469,EPA-HQ-RCRA-2009-0640,individual,individual
EPA-HQ-RCRA-2009-0640-0492,EPA-HQ-RCRA-2009-0640,individual,organizational
EPA-HQ-RCRA-2009-0640-2201,EPA-HQ-RCRA-2009-0640,individual,individual
EPA-HQ-RCRA-2009-0640-2204,EPA-HQ-RCRA-2009-0640,organizational,individual
EPA-HQ-RCRA-2009-0640-2284,EPA-HQ-RCRA-2009-0640,individual,individual
EPA-HQ-RCRA-2009-0640-2342,EPA-HQ-RCRA-2009-0640,individual,individual
EPA-HQ-RCRA-2009-0640-2736,EPA-HQ-RCRA-2009-0640,individual,individual
EPA-HQ-RCRA-2009-0640-3056,EPA-HQ-RCRA-2009-0640,organizational,individual
EPA-HQ-RCRA-2009-0640-3281,EPA-HQ-RCRA-2009-0640,organizational,individual
EPA-HQ-RCRA-2009-0640-3293,EPA-HQ-RCRA-2009-0640,individual,individual
EPA-HQ-RCRA-2009-0640-3298,EPA-HQ-RCRA-2009-0640,organizational,individual
EPA-HQ-RCRA-2009-0640-3303,EPA-HQ-RCRA-2009-0640,individual,organizational
EPA-HQ-RCRA-2009-0640-3399,EPA-HQ-RCRA-2009-0640,individual,individual
EPA-HQ-RCRA-2009-0640-3438,EPA-HQ-RCRA-2009-0640,individual,individual
EPA-HQ-RCRA-2009-0640-3886,EPA-HQ-RCRA-2009-0640,individual,individual
EPA-HQ-RCRA-2009-0640-3891,EPA-HQ-RCRA-2009-0640,individual,individual
EPA-HQ-RCRA-2009-0640-3900,EPA-HQ-RCRA-2009-0640,individual,individual
EPA-HQ-RCRA-2009-0640-3927,EPA-HQ-RCRA-2009-0640,individual,individual
EPA-HQ-RCRA-2009-0640-4046,EPA-HQ-RCRA-2009-0640,individual,individual
EPA-HQ-RCRA-2009-0640-4523,EPA-HQ-RCRA-2009-0640,individual,organizational
EPA-HQ-RCRA-2009-0640-5234,EPA-HQ-RCRA-2009-0640,individual,individual
EPA-HQ-RCRA-2009-0640-5587,EPA-HQ-RCRA-2009-0640,individual,organizational
EPA-HQ-RCRA-2009-0640-5797,EPA-HQ-RCRA-2009-0640,individual,individual
EPA-HQ-RCRA-2009-0640-5798,EPA-HQ-RCRA-2009-0640,organizational,individual
EPA-HQ-RCRA-2009-0640-5825,EPA-HQ-RCRA-2009-0640,individual,organizational
EPA-HQ-RCRA-2009-0640-5826,EPA-HQ-RCRA-2009-0640,individual,individual
EPA-HQ-RCRA-2009-0640-5827,EPA-HQ-RCRA-2009-0640,individual,individual
EPA-HQ-RCRA-2009-0640-5828,EPA-HQ-RCRA-2009-0640,individual,individual
EPA-HQ-RCRA-2009-0640-5867,EPA-HQ-RCRA-2009-0640,individual,individual
EPA-HQ-RCRA-2009-0640-5919,EPA-HQ-RCRA-2009-0640,individual,individual
EPA-HQ-RCRA-2009-0640-5922,EPA-HQ-RCRA-2009-0640,organizational,individual
EPA-HQ-RCRA-2009-0640-5927,EPA-HQ-RCRA-2009-0640,individual,individual
EPA-HQ-RCRA-2009-0640-5929,EPA-HQ-RCRA-2009-0640,individual,individual
EPA-HQ-RCRA-2009-0640-5944,EPA-HQ-RCRA-2009-0640,organizational,individual
EPA-HQ-RCRA-2009-0640-6008,EPA-HQ-RCRA-2009-0640,individual,organizational
EPA-HQ-RCRA-2009-0640-6044,EPA-HQ-RCRA-2009-0640,individual,individual
EPA-HQ-RCRA-2009-0640-6055,EPA-HQ-RCRA-2009-0640,individual,individual
EPA-HQ-RCRA-2009-0640-6056,EPA-HQ-RCRA-2009-0640,individual,individual
EPA-HQ-RCRA-2009-0640-6057,EPA-HQ-RCRA-2009-0640,individual,individual
EPA-HQ-RCRA-2009-0640-6060,EPA-HQ-RCRA-2009-0640,organizational,individual
EPA-HQ-RCRA-2009-0640-6071,EPA-HQ-RCRA-2009-0640,individual,individual
EPA-HQ-RCRA-2009-0640-6084,EPA-HQ-RCRA-2009-0640,individual,individual
EPA-HQ-RCRA-2009-0640-6086,EPA-HQ-RCRA-2009-0640,organizational,individual
EPA-HQ-RCRA-2009-0640-6090,EPA-HQ-RCRA-2009-0640,organizational,individual
EPA-HQ-RCRA-2009-0640-6096,EPA-HQ-RCRA-2009-0640,organizational,individual
EPA-HQ-RCRA-2009-0640-6104,EPA-HQ-RCRA-2009-0640,organizational,individual
EPA-HQ-RCRA-2009-0640-6112,EPA-HQ-RCRA-2009-0640,individual,organizational
EPA-HQ-RCRA-2009-0640-6113,EPA-HQ-RCRA-2009-0640,individual,individual
EPA-HQ-RCRA-2009-0640-6115,EPA-HQ-RCRA-2009-0640,organizational,individual
EPA-HQ-RCRA-2009-0640-6140,EPA-HQ-RCRA-2009-0640,organizational,individual
EPA-HQ-RCRA-2009-0640-6148,EPA-HQ-RCRA-2009-0640,individual,individual
EPA-HQ-RCRA-2009-0640-6152,EPA-HQ-RCRA-2009-0640,organizational,individual
EPA-HQ-RCRA-2009-0640-6153,EPA-HQ-RCRA-2009-0640,individual,individual
EPA-HQ-RCRA-2009-0640-6156,EPA-HQ-RCRA-2009-0640,individual,individual
EPA-HQ-RCRA-2009-0640-6157,EPA-HQ-RCRA-2009-0640,organizational,individual
EPA-HQ-RCRA-2009-0640-6184,EPA-HQ-RCRA-2009-0640,individual,individual
EPA-HQ-RCRA-2009-0640-6199,EPA-HQ-RCRA-2009-0640,individual,individual
EPA-HQ-RCRA-2009-0640-6200,EPA-HQ-RCRA-2009-0640,individual,individual
EPA-HQ-RCRA-2009-0640-6255,EPA-HQ-RCRA-2009-0640,organizational,individual
EPA-HQ-RCRA-2009-0640-6269,EPA-HQ-RCRA-2009-0640,organizational,individual
EPA-HQ-RCRA-2009-0640-6271,EPA-HQ-RCRA-2009-0640,organizational,individual
EPA-HQ-RCRA-2009-0640-6290,EPA-HQ-RCRA-2009-0640,organizational,individual
EPA-HQ-RCRA-2009-0640-6291,EPA-HQ-RCRA-2009-0640,individual,individual
EPA-HQ-RCRA-2009-0640-6292,EPA-HQ-RCRA-2009-0640,individual,individual
EPA-HQ-RCRA-2009-0640-6342,EPA-HQ-RCRA-2009-0640,organizational,individual
EPA-HQ-RCRA-2009-0640-6441,EPA-HQ-RCRA-2009-0640,individual,individual
EPA-HQ-RCRA-2009-0640-6831,EPA-HQ-RCRA-2009-0640,individual,organizational
EPA-HQ-RCRA-2009-0640-6913,EPA-HQ-RCRA-2009-0640,individual,individual
EPA-HQ-RCRA-2009-0640-9264,EPA-HQ-RCRA-2009-0640,individual,individual
EPA-HQ-RCRA-2009-0640-9271,EPA-HQ-RCRA-2009-0640,individual,organizational
EPA-HQ-RCRA-2009-0640-9272,EPA-HQ-RCRA-2009-0640,individual,organizational
EPA-HQ-RCRA-2009-0640-9332,EPA-HQ-RCRA-2009-0640,individual,individual
EPA-HQ-RCRA-2009-0640-9402,EPA-HQ-RCRA-2009-0640,individual,individual
EPA-HQ-RCRA-2009-0640-9776,EPA-HQ-RCRA-2009-0640,individual,individual
EPA-HQ-OAR-2009-0234-14017,EPA-HQ-OAR-2009-0234,individual,organizational
EPA-HQ-OAR-2009-0234-14417,EPA-HQ-OAR-2009-0234,organizational,individual
EPA-HQ-OAR-2009-0234-17975,EPA-HQ-OAR-2009-0234,individual,individual
EPA-HQ-OAR-2009-0234-19541,EPA-HQ-OAR-2009-0234,individual,individual
EPA-HQ-OAR-2009-0234-19654,EPA-HQ-OAR-2009-0234,individual,organizational
EPA-HQ-OAR-2009-0234-19679,EPA-HQ-OAR-2009-0234,individual,organizational
EPA-HQ-OAR-2009-0491-3883,EPA-HQ-OAR-2009-0491,individual,organizational
EPA-HQ-OAR-2009-0491-3939,EPA-HQ-OAR-2009-0491,individual,organizational
EPA-HQ-OAR-2009-0491-3942,EPA-HQ-OAR-2009-0491,individual,individual
EPA-HQ-OAR-2009-0491-4811,EPA-HQ-OAR-2009-0491,individual,organizational
EPA-HQ-OAR-2010-0505-0491,EPA-HQ-OAR-2010-0505,individual,individual
EPA-HQ-OAR-2010-0505-0492,EPA-HQ-OAR-2010-0505,organizational,individual
EPA-HQ-OAR-2010-0505-1223,EPA-HQ-OAR-2010-0505,organizational,other
EPA-HQ-OAR-2010-0505-1296,EPA-HQ-OAR-2010-0505,individual,organizational
EPA-HQ-OAR-2010-0505-1462,EPA-HQ-OAR-2010-0505,individual,individual
EPA-HQ-OAR-2010-0505-1598,EPA-HQ-OAR-2010-0505,individual,individual
EPA-HQ-OAR-2010-0505-2187,EPA-HQ-OAR-2010-0505,organizational,individual
EPA-HQ-OAR-2010-0505-2209,EPA-HQ-OAR-2010-0505,organizational,individual
EPA-HQ-OAR-2010-0505-2245,EPA-HQ-OAR-2010-0505,individual,organizational
EPA-HQ-OAR-2010-0505-2797,EPA-HQ-OAR-2010-0505,organizational,individual
EPA-HQ-OAR-2010-0505-2800,EPA-HQ-OAR-2010-0505,individual,individual
EPA-HQ-OAR-2010-0505-2948,EPA-HQ-OAR-2010-0505,individual,individual
EPA-HQ-OAR-2010-0505-3075,EPA-HQ-OAR-2010-0505,individual,individual
EPA-HQ-OAR-2010-0505-3305,EPA-HQ-OAR-2010-0505,individual,individual
EPA-HQ-OAR-2010-0505-3398,EPA-HQ-OAR-2010-0505,organizational,individual
EPA-HQ-OAR-2010-0505-3432,EPA-HQ-OAR-2010-0505,individual,individual
EPA-HQ-OAR-2010-0505-3462,EPA-HQ-OAR-2010-0505,individual,individual
EPA-HQ-OAR-2010-0505-3637,EPA-HQ-OAR-2010-0505,organizational,individual
EPA-HQ-OAR-2010-0505-4134,EPA-HQ-OAR-2010-0505,individual,individual
EPA-HQ-OAR-2010-0505-4210,EPA-HQ-OAR-2010-0505,individual,organizational
EPA-HQ-OAR-2010-0505-4223,EPA-HQ-OAR-2010-0505,organizational,organizational
EPA-HQ-OAR-2010-0505-4232,EPA-HQ-OAR-2010-0505,organizational,other
EPA-HQ-OAR-2010-0505-4323,EPA-HQ-OAR-2010-0505,organizational,individual
EPA-HQ-OAR-2010-0505-4325,EPA-HQ-OAR-2010-0505,organizational,individual
EPA-HQ-OAR-2010-0505-4326,EPA-HQ-OAR-2010-0505,organizational,individual
EPA-HQ-OAR-2010-0505-4327,EPA-HQ-OAR-2010-0505,organizational,individual
EPA-HQ-OAR-2010-0505-4328,EPA-HQ-OAR-2010-0505,organizational,individual
EPA-HQ-OAR-2010-0505-4329,EPA-HQ-OAR-2010-0505,organizational,individual
EPA-HQ-OAR-2010-0505-4330,EPA-HQ-OAR-2010-0505,organizational,individual
EPA-HQ-OAR-2010-0505-4331,EPA-HQ-OAR-2010-0505,organizational,individual
EPA-HQ-OAR-2010-0505-4332,EPA-HQ-OAR-2010-0505,organizational,individual
EPA-HQ-OAR-2010-0505-4334,EPA-HQ-OAR-2010-0505,organizational,individual
EPA-HQ-OAR-2010-0505-4335,EPA-HQ-OAR-2010-0505,individual,individual
EPA-HQ-OAR-2010-0505-4336,EPA-HQ-OAR-2010-0505,organizational,individual
EPA-HQ-OAR-2010-0505-4337,EPA-HQ-OAR-2010-0505,organizational,individual
EPA-HQ-OAR-2010-0505-4338,EPA-HQ-OAR-2010-0505,organizational,individual
EPA-HQ-OAR-2010-0505-4339,EPA-HQ-OAR-2010-0505,organizational,individual
EPA-HQ-OAR-2010-0505-4340,EPA-HQ-OAR-2010-0505,individual,individual
EPA-HQ-OAR-2010-0505-4341,EPA-HQ-OAR-2010-0505,organizational,individual
EPA-HQ-OAR-2010-0505-4342,EPA-HQ-OAR-2010-0505,individual,individual
EPA-HQ-OAR-2010-0505-4343,EPA-HQ-OAR-2010-0505,organizational,individual
EPA-HQ-OAR-2010-0505-4344,EPA-HQ-OAR-2010-0505,individual,individual
EPA-HQ-OAR-2010-0505-4345,EPA-HQ-OAR-2010-0505,organizational,individual
EPA-HQ-OAR-2010-0505-4346,EPA-HQ-OAR-2010-0505,organizational,individual
EPA-HQ-OAR-2010-0505-4347,EPA-HQ-OAR-2010-0505,individual,individual
EPA-HQ-OAR-2010-0505-4348,EPA-HQ-OAR-2010-0505,organizational,individual
EPA-HQ-OAR-2010-0505-4349,EPA-HQ-OAR-2010-0505,organizational,individual
EPA-HQ-OAR-2010-0505-4355,EPA-HQ-OAR-2010-0505,individual,organizational
EPA-HQ-OAR-2010-0505-4417,EPA-HQ-OAR-2010-0505,organizational,individual
EPA-HQ-OAR-2010-0505-4418,EPA-HQ-OAR-2010-0505,organizational,individual
EPA-HQ-OAR-2010-0505-4419,EPA-HQ-OAR-2010-0505,organizational,individual
EPA-HQ-OAR-2010-0505-4420,EPA-HQ-OAR-2010-0505,organizational,individual
EPA-HQ-OAR-2010-0505-4421,EPA-HQ-OAR-2010-0505,organizational,individual
EPA-HQ-OAR-2010-0505-4422,EPA-HQ-OAR-2010-0505,organizational,individual
EPA-HQ-OAR-2010-0505-4423,EPA-HQ-OAR-2010-0505,organizational,individual
EPA-HQ-OAR-2010-0505-4424,EPA-HQ-OAR-2010-0505,individual,individual
EPA-HQ-OAR-2010-0505-4427,EPA-HQ-OAR-2010-0505,organizational,individual
EPA-HQ-OAR-2010-0682-0035,EPA-HQ-OAR-2010-0682,individual,organizational
EPA-HQ-OAR-2010-0682-0036,EPA-HQ-OAR-2010-0682,individual,organizational
EPA-HQ-OAR-2010-0682-0038,EPA-HQ-OAR-2010-0682,individual,organizational
EPA-HQ-OAR-2010-0682-0045,EPA-HQ-OAR-2010-0682,individual,individual
EPA-HQ-OAR-2010-0682-0048,EPA-HQ-OAR-2010-0682,individual,organizational
EPA-HQ-OAR-2011-0044-1168,EPA-HQ-OAR-2011-0044,individual,organizational
EPA-HQ-OAR-2011-0044-2879,EPA-HQ-OAR-2011-0044,individual,organizational
EPA-HQ-OAR-2011-0044-3761,EPA-HQ-OAR-2011-0044,individual,organizational
EPA-HQ-OAR-2011-0044-4541,EPA-HQ-OAR-2011-0044,individual,individual
EPA-HQ-OAR-2011-0044-5720,EPA-HQ-OAR-2011-0044,individual,individual
EPA-HQ-OW-2008-0667-1665,EPA-HQ-OW-2008-0667,individual,individual
EPA-HQ-OW-2008-0667-1962,EPA-HQ-OW-2008-0667,individual,organizational
EPA-HQ-OW-2008-0667-2173,EPA-HQ-OW-2008-0667,individual,organizational
EPA-HQ-OW-2008-0667-2176,EPA-HQ-OW-2008-0667,individual,organizational
EPA-HQ-OW-2008-0667-2233,EPA-HQ-OW-2008-0667,individual,organizational
EPA-HQ-OW-2008-0667-2296,EPA-HQ-OW-2008-0667,organizational,other
EPA-HQ-OW-2008-0667-2555,EPA-HQ-OW-2008-0667,individual,other
EPA-HQ-OAR-2002-0058-3422,EPA-HQ-OAR-2002-0058,individual,individual
EPA-HQ-OAR-2002-0058-3825,EPA-HQ-OAR-2002-0058,individual,organizational
EPA-HQ-OAR-2003-0119-2621,EPA-HQ-OAR-2003-0119,individual,individual
EPA-HQ-OAR-2006-0790-2437,EPA-HQ-OAR-2006-0790,individual,organizational
EPA-HQ-OAR-2010-0505-4485,EPA-HQ-OAR-2010-0505,individual,organizational
EPA-HQ-OAR-2010-0505-4489,EPA-HQ-OAR-2010-0505,individual,organizational
EPA-HQ-OAR-2010-0505-4594,EPA-HQ-OAR-2010-0505,organizational,organizational
EPA-HQ-OAR-2011-0817-0252,EPA-HQ-OAR-2011-0817,organizational,individual
EPA-HQ-OAR-2011-0817-0255,EPA-HQ-OAR-2011-0817,individual,individual
EPA-HQ-OAR-2011-0817-0261,EPA-HQ-OAR-2011-0817,individual,organizational
EPA-HQ-OAR-2011-0817-0474,EPA-HQ-OAR-2011-0817,individual,organizational
EPA-HQ-OAR-2011-0817-0493,EPA-HQ-OAR-2011-0817,organizational,individual
EPA-HQ-OAR-2011-0817-0495,EPA-HQ-OAR-2011-0817,individual,organizational
EPA-HQ-OAR-2011-0817-0504,EPA-HQ-OAR-2011-0817,individual,organizational
EPA-HQ-OAR-2011-0817-0555,EPA-HQ-OAR-2011-0817,organizational,other
EPA-HQ-OAR-2011-0817-0557,EPA-HQ-OAR-2011-0817,organizational,other
EPA-HQ-OAR-2011-0817-0568,EPA-HQ-OAR-2011-0817,organizational,individual
EPA-HQ-OAR-2011-0817-0829,EPA-HQ-OAR-2011-0817,individual,organizational
EPA-HQ-OW-2008-0667-2915,EPA-HQ-OW-2008-0667,individual,organizational
EPA-HQ-OW-2008-0667-2971,EPA-HQ-OW-2008-0667,individual,organizational
EPA-HQ-OAR-2010-0505-4609,EPA-HQ-OAR-2010-0505,individual,individual
EPA-HQ-OW-2009-0596-2975,EPA-HQ-OW-2009-0596,individual,organizational
EPA-HQ-OW-2009-0819-2319,EPA-HQ-OW-2009-0819,individual,individual
EPA-HQ-OW-2009-0819-2539,EPA-HQ-OW-2009-0819,individual,individual
EPA-HQ-OW-2009-0819-2651,EPA-HQ-OW-2009-0819,individual,individual
EPA-HQ-OW-2009-0819-2717,EPA-HQ-OW-2009-0819,individual,individual
EPA-HQ-OW-2009-0819-2820,EPA-HQ-OW-2009-0819,organizational,individual
EPA-HQ-OW-2009-0819-2925,EPA-HQ-OW-2009-0819,individual,individual
EPA-HQ-OW-2009-0819-2927,EPA-HQ-OW-2009-0819,individual,individual
EPA-HQ-OW-2009-0819-2933,EPA-HQ-OW-2009-0819,individual,individual
EPA-HQ-OW-2009-0819-2935,EPA-HQ-OW-2009-0819,organizational,individual
EPA-HQ-OW-2009-0819-2999,EPA-HQ-OW-2009-0819,organizational,individual
EPA-HQ-OW-2009-0819-3037,EPA-HQ-OW-2009-0819,individual,individual
EPA-HQ-OW-2009-0819-3115,EPA-HQ-OW-2009-0819,individual,individual
EPA-HQ-OW-2009-0819-3410,EPA-HQ-OW-2009-0819,individual,individual
EPA-HQ-OW-2009-0819-3713,EPA-HQ-OW-2009-0819,individual,individual
EPA-HQ-OW-2009-0819-3853,EPA-HQ-OW-2009-0819,organizational,individual
EPA-HQ-OW-2009-0819-3855,EPA-HQ-OW-2009-0819,individual,individual
EPA-HQ-OW-2009-0819-3923,EPA-HQ-OW-2009-0819,organizational,individual
EPA-HQ-OW-2009-0819-3940,EPA-HQ-OW-2009-0819,individual,individual
EPA-HQ-OW-2009-0819-3993,EPA-HQ-OW-2009-0819,individual,individual
EPA-HQ-OW-2009-0819-4176,EPA-HQ-OW-2009-0819,individual,individual
EPA-HQ-OW-2009-0819-4184,EPA-HQ-OW-2009-0819,individual,organizational
EPA-HQ-OW-2009-0819-4302,EPA-HQ-OW-2009-0819,organizational,individual
EPA-HQ-OW-2009-0819-4318,EPA-HQ-OW-2009-0819,individual,individual
EPA-HQ-OW-2009-0819-4412,EPA-HQ-OW-2009-0819,individual,individual
EPA-HQ-OW-2009-0819-4463,EPA-HQ-OW-2009-0819,individual,organizational
EPA-HQ-OW-2009-0819-4472,EPA-HQ-OW-2009-0819,individual,organizational
EPA-HQ-OW-2009-0819-4514,EPA-HQ-OW-2009-0819,individual,organizational
EPA-HQ-OW-2009-0819-4565,EPA-HQ-OW-2009-0819,individual,organizational
EPA-HQ-OW-2009-0819-4589,EPA-HQ-OW-2009-0819,organizational,other
EPA-HQ-OW-2009-0819-4629,EPA-HQ-OW-2009-0819,individual,organizational
EPA-HQ-OW-2009-0819-4762,EPA-HQ-OW-2009-0819,organizational,other
EPA-HQ-OW-2009-0819-4776,EPA-HQ-OW-2009-0819,organizational,other
EPA-HQ-OW-2009-0819-5546,EPA-HQ-OW-2009-0819,individual,individual
EPA-HQ-OW-2009-0819-5547,EPA-HQ-OW-2009-0819,individual,individual
EPA-HQ-OW-2009-0819-5548,EPA-HQ-OW-2009-0819,individual,individual
EPA-HQ-OAR-2009-0234-20459,EPA-HQ-OAR-2009-0234,individual,individual
EPA-HQ-OAR-2010-0505-4657,EPA-HQ-OAR-2010-0505,organizational,individual
EPA-HQ-OAR-2010-0682-0291,EPA-HQ-OAR-2010-0682,organizational,individual
EPA-HQ-OAR-2010-0682-0301,EPA-HQ-OAR-2010-0682,individual,organizational
EPA-HQ-OAR-2010-0682-0527,EPA-HQ-OAR-2010-0682,organizational,individual
EPA-HQ-OAR-2010-0682-0572,EPA-HQ-OAR-2010-0682,individual,organizational
EPA-HQ-OAR-2010-0682-0629,EPA-HQ-OAR-2010-0682,individual,organizational
EPA-HQ-OAR-2013-0495-0202,EPA-HQ-OAR-2013-0495,organizational,individual
EPA-HQ-OAR-2013-0495-0204,EPA-HQ-OAR-2013-0495,organizational,individual
EPA-HQ-OAR-2013-0495-10148,EPA-HQ-OAR-2013-0495,organizational,individual
EPA-HQ-OAR-2013-0495-10149,EPA-HQ-OAR-2013-0495,organizational,individual
EPA-HQ-OAR-2013-0495-10150,EPA-HQ-OAR-2013-0495,organizational,individual
EPA-HQ-OAR-2013-0495-10180,EPA-HQ-OAR-2013-0495,organizational,individual
EPA-HQ-OAR-2013-0495-10289,EPA-HQ-OAR-2013-0495,individual,individual
EPA-HQ-OAR-2013-0495-10294,EPA-HQ-OAR-2013-0495,individual,organizational
EPA-HQ-OAR-2013-0495-10306,EPA-HQ-OAR-2013-0495,organizational,individual
EPA-HQ-OAR-2013-0495-10326,EPA-HQ-OAR-2013-0495,organizational,individual
EPA-HQ-OAR-2013-0495-10347,EPA-HQ-OAR-2013-0495,organizational,individual
EPA-HQ-OAR-2013-0495-10366,EPA-HQ-OAR-2013-0495,individual,individual
EPA-HQ-OAR-2013-0495-10388,EPA-HQ-OAR-2013-0495,individual,organizational
EPA-HQ-OAR-2013-0495-10501,EPA-HQ-OAR-2013-0495,individual,organizational
EPA-HQ-OAR-2013-0495-10523,EPA-HQ-OAR-2013-0495,organizational,individual
EPA-HQ-OAR-2013-0495-10527,EPA-HQ-OAR-2013-0495,organizational,individual
EPA-HQ-OAR-2013-0495-10547,EPA-HQ-OAR-2013-0495,organizational,individual
EPA-HQ-OAR-2013-0495-10660,EPA-HQ-OAR-2013-0495,individual,organizational
EPA-HQ-OAR-2013-0495-10742,EPA-HQ-OAR-2013-0495,organizational,individual
EPA-HQ-OAR-2013-0495-1639,EPA-HQ-OAR-2013-0495,organizational,individual
EPA-HQ-OAR-2013-0495-1651,EPA-HQ-OAR-2013-0495,organizational,individual
EPA-HQ-OAR-2013-0495-1689,EPA-HQ-OAR-2013-0495,organizational,individual
EPA-HQ-OAR-2013-0495-1927,EPA-HQ-OAR-2013-0495,individual,individual
EPA-HQ-OAR-2013-0495-1960,EPA-HQ-OAR-2013-0495,organizational,individual
EPA-HQ-OAR-2013-0495-2139,EPA-HQ-OAR-2013-0495,organizational,individual
EPA-HQ-OAR-2013-0495-2144,EPA-HQ-OAR-2013-0495,individual,individual
EPA-HQ-OAR-2013-0495-2232,EPA-HQ-OAR-2013-0495,organizational,individual
EPA-HQ-OAR-2013-0495-2240,EPA-HQ-OAR-2013-0495,organizational,individual
EPA-HQ-OAR-2013-0495-2500,EPA-HQ-OAR-2013-0495,organizational,individual
EPA-HQ-OAR-2013-0495-2511,EPA-HQ-OAR-2013-0495,individual,individual
EPA-HQ-OAR-2013-0495-2522,EPA-HQ-OAR-2013-0495,organizational,individual
EPA-HQ-OAR-2013-0495-3032,EPA-HQ-OAR-2013-0495,organizational,individual
EPA-HQ-OAR-2013-0495-3100,EPA-HQ-OAR-2013-0495,organizational,individual
EPA-HQ-OAR-2013-0495-3167,EPA-HQ-OAR-2013-0495,organizational,individual
EPA-HQ-OAR-2013-0495-3263,EPA-HQ-OAR-2013-0495,individual,individual
EPA-HQ-OAR-2013-0495-3728,EPA-HQ-OAR-2013-0495,organizational,individual
EPA-HQ-OAR-2013-0495-3865,EPA-HQ-OAR-2013-0495,individual,individual
EPA-HQ-OAR-2013-0495-5131,EPA-HQ-OAR-2013-0495,individual,individual
EPA-HQ-OAR-2013-0495-5313,EPA-HQ-OAR-2013-0495,individual,individual
EPA-HQ-OAR-2013-0495-5386,EPA-HQ-OAR-2013-0495,organizational,individual
EPA-HQ-OAR-2013-0495-5487,EPA-HQ-OAR-2013-0495,organizational,individual
EPA-HQ-OAR-2013-0495-5561,EPA-HQ-OAR-2013-0495,individual,individual
EPA-HQ-OAR-2013-0495-6115,EPA-HQ-OAR-2013-0495,organizational,individual
EPA-HQ-OAR-2013-0495-6341,EPA-HQ-OAR-2013-0495,individual,individual
EPA-HQ-OAR-2013-0495-8773,EPA-HQ-OAR-2013-0495,individual,individual
EPA-HQ-OAR-2013-0495-8915,EPA-HQ-OAR-2013-0495,individual,individual
EPA-HQ-OAR-2013-0495-8952,EPA-HQ-OAR-2013-0495,individual,organizational
EPA-HQ-OAR-2013-0495-8953,EPA-HQ-OAR-2013-0495,individual,organizational
EPA-HQ-OAR-2013-0495-9723,EPA-HQ-OAR-2013-0495,individual,organizational
EPA-HQ-OAR-2013-0602-10177,EPA-HQ-OAR-2013-0602,organizational,individual
EPA-HQ-OAR-2013-0602-10186,EPA-HQ-OAR-2013-0602,individual,individual
EPA-HQ-OAR-2013-0602-10208,EPA-HQ-OAR-2013-0602,individual,individual
EPA-HQ-OAR-2013-0602-10209,EPA-HQ-OAR-2013-0602,organizational,individual
EPA-HQ-OAR-2013-0602-10212,EPA-HQ-OAR-2013-0602,individual,individual
EPA-HQ-OAR-2013-0602-10214,EPA-HQ-OAR-2013-0602,organizational,individual
EPA-HQ-OAR-2013-0602-10215,EPA-HQ-OAR-2013-0602,individual,individual
EPA-HQ-OAR-2013-0602-10221,EPA-HQ-OAR-2013-0602,organizational,individual
EPA-HQ-OAR-2013-0602-10231,EPA-HQ-OAR-2013-0602,organizational,individual
EPA-HQ-OAR-2013-0602-10235,EPA-HQ-OAR-2013-0602,organizational,individual
EPA-HQ-OAR-2013-0602-10242,EPA-HQ-OAR-2013-0602,organizational,individual
EPA-HQ-OAR-2013-0602-10243,EPA-HQ-OAR-2013-0602,organizational,individual
EPA-HQ-OAR-2013-0602-12390,EPA-HQ-OAR-2013-0602,organizational,individual
EPA-HQ-OAR-2013-0602-12393,EPA-HQ-OAR-2013-0602,individual,individual
EPA-HQ-OAR-2013-0602-12394,EPA-HQ-OAR-2013-0602,individual,individual
EPA-HQ-OAR-2013-0602-12493,EPA-HQ-OAR-2013-0602,organizational,individual
EPA-HQ-OAR-2013-0602-12494,EPA-HQ-OAR-2013-0602,individual,individual
EPA-HQ-OAR-2013-0602-12499,EPA-HQ-OAR-2013-0602,individual,individual
EPA-HQ-OAR-2013-0602-12505,EPA-HQ-OAR-2013-0602,organizational,individual
EPA-HQ-OAR-2013-0602-12526,EPA-HQ-OAR-2013-0602,organizational,individual
EPA-HQ-OAR-2013-0602-12528,EPA-HQ-OAR-2013-0602,individual,individual
EPA-HQ-OAR-2013-0602-12534,EPA-HQ-OAR-2013-0602,organizational,individual
EPA-HQ-OAR-2013-0602-12535,EPA-HQ-OAR-2013-0602,organizational,individual
EPA-HQ-OAR-2013-0602-12536,EPA-HQ-OAR-2013-0602,organizational,individual
EPA-HQ-OAR-2013-0602-12539,EPA-HQ-OAR-2013-0602,organizational,individual
EPA-HQ-OAR-2013-0602-12546,EPA-HQ-OAR-2013-0602,individual,individual
EPA-HQ-OAR-2013-0602-12636,EPA-HQ-OAR-2013-0602,individual,individual
EPA-HQ-OAR-2013-0602-12647,EPA-HQ-OAR-2013-0602,individual,individual
EPA-HQ-OAR-2013-0602-12651,EPA-HQ-OAR-2013-0602,organizational,individual
EPA-HQ-OAR-2013-0602-12652,EPA-HQ-OAR-2013-0602,organizational,individual
EPA-HQ-OAR-2013-0602-12654,EPA-HQ-OAR-2013-0602,organizational,individual
EPA-HQ-OAR-2013-0602-13068,EPA-HQ-OAR-2013-0602,organizational,individual
EPA-HQ-OAR-2013-0602-13414,EPA-HQ-OAR-2013-0602,organizational,individual
EPA-HQ-OAR-2013-0602-13418,EPA-HQ-OAR-2013-0602,organizational,individual
EPA-HQ-OAR-2013-0602-13657,EPA-HQ-OAR-2013-0602,individual,individual
EPA-HQ-OAR-2013-0602-13660,EPA-HQ-OAR-2013-0602,individual,individual
EPA-HQ-OAR-2013-0602-14004,EPA-HQ-OAR-2013-0602,organizational,individual
EPA-HQ-OAR-2013-0602-14008,EPA-HQ-OAR-2013-0602,organizational,individual
EPA-HQ-OAR-2013-0602-14013,EPA-HQ-OAR-2013-0602,individual,individual
EPA-HQ-OAR-2013-0602-14059,EPA-HQ-OAR-2013-0602,organizational,other
EPA-HQ-OAR-2013-0602-14448,EPA-HQ-OAR-2013-0602,organizational,individual
EPA-HQ-OAR-2013-0602-14450,EPA-HQ-OAR-2013-0602,organizational,individual
EPA-HQ-OAR-2013-0602-17318,EPA-HQ-OAR-2013-0602,individual,individual
EPA-HQ-OAR-2013-0602-17749,EPA-HQ-OAR-2013-0602,organizational,individual
EPA-HQ-OAR-2013-0602-17751,EPA-HQ-OAR-2013-0602,individual,individual
EPA-HQ-OAR-2013-0602-18135,EPA-HQ-OAR-2013-0602,individual,individual
EPA-HQ-OAR-2013-0602-18914,EPA-HQ-OAR-2013-0602,organizational,individual
EPA-HQ-OAR-2013-0602-18920,EPA-HQ-OAR-2013-0602,organizational,individual
EPA-HQ-OAR-2013-0602-18921,EPA-HQ-OAR-2013-0602,organizational,individual
EPA-HQ-OAR-2013-0602-18924,EPA-HQ-OAR-2013-0602,individual,individual
EPA-HQ-OAR-2013-0602-18929,EPA-HQ-OAR-2013-0602,individual,individual
EPA-HQ-OAR-2013-0602-18937,EPA-HQ-OAR-2013-0602,organizational,other
EPA-HQ-OAR-2013-0602-18939,EPA-HQ-OAR-2013-0602,organizational,other
EPA-HQ-OAR-2013-0602-18947,EPA-HQ-OAR-2013-0602,organizational,individual
EPA-HQ-OAR-2013-0602-18955,EPA-HQ-OAR-2013-0602,individual,individual
EPA-HQ-OAR-2013-0602-18963,EPA-HQ-OAR-2013-0602,organizational,individual
EPA-HQ-OAR-2013-0602-18972,EPA-HQ-OAR-2013-0602,individual,individual
EPA-HQ-OAR-2013-0602-18974,EPA-HQ-OAR-2013-0602,organizational,individual
EPA-HQ-OAR-2013-0602-18979,EPA-HQ-OAR-2013-0602,organizational,individual
EPA-HQ-OAR-2013-0602-18986,EPA-HQ-OAR-2013-0602,organizational,individual
EPA-HQ-OAR-2013-0602-18987,EPA-HQ-OAR-2013-0602,organizational,individual
EPA-HQ-OAR-2013-0602-18988,EPA-HQ-OAR-2013-0602,organizational,individual
EPA-HQ-OAR-2013-0602-18990,EPA-HQ-OAR-2013-0602,organizational,individual
EPA-HQ-OAR-2013-0602-18991,EPA-HQ-OAR-2013-0602,organizational,individual
EPA-HQ-OAR-2013-0602-18992,EPA-HQ-OAR-2013-0602,organizational,individual
EPA-HQ-OAR-2013-0602-18997,EPA-HQ-OAR-2013-0602,individual,individual
EPA-HQ-OAR-2013-0602-19024,EPA-HQ-OAR-2013-0602,organizational,individual
EPA-HQ-OAR-2013-0602-19025,EPA-HQ-OAR-2013-0602,organizational,individual
EPA-HQ-OAR-2013-0602-19033,EPA-HQ-OAR-2013-0602,organizational,individual
EPA-HQ-OAR-2013-0602-19036,EPA-HQ-OAR-2013-0602,organizational,individual
EPA-HQ-OAR-2013-0602-19039,EPA-HQ-OAR-2013-0602,individual,individual
EPA-HQ-OAR-2013-0602-19089,EPA-HQ-OAR-2013-0602,individual,individual
EPA-HQ-OAR-2013-0602-19147,EPA-HQ-OAR-2013-0602,individual,individual
EPA-HQ-OAR-2013-0602-19152,EPA-HQ-OAR-2013-0602,organizational,individual
EPA-HQ-OAR-2013-0602-19191,EPA-HQ-OAR-2013-0602,organizational,individual
EPA-HQ-OAR-2013-0602-19214,EPA-HQ-OAR-2013-0602,organizational,individual
EPA-HQ-OAR-2013-0602-19222,EPA-HQ-OAR-2013-0602,organizational,individual
EPA-HQ-OAR-2013-0602-19285,EPA-HQ-OAR-2013-0602,organizational,individual
EPA-HQ-OAR-2013-0602-19287,EPA-HQ-OAR-2013-0602,organizational,individual
EPA-HQ-OAR-2013-0602-19290,EPA-HQ-OAR-2013-0602,organizational,individual
EPA-HQ-OAR-2013-0602-19392,EPA-HQ-OAR-2013-0602,organizational,individual
EPA-HQ-OAR-2013-0602-19477,EPA-HQ-OAR-2013-0602,individual,individual
EPA-HQ-OAR-2013-0602-19488,EPA-HQ-OAR-2013-0602,individual,individual
EPA-HQ-OAR-2013-0602-19491,EPA-HQ-OAR-2013-0602,organizational,individual
EPA-HQ-OAR-2013-0602-19492,EPA-HQ-OAR-2013-0602,individual,individual
EPA-HQ-OAR-2013-0602-19496,EPA-HQ-OAR-2013-0602,individual,individual
EPA-HQ-OAR-2013-0602-19560,EPA-HQ-OAR-2013-0602,organizational,individual
EPA-HQ-OAR-2013-0602-19563,EPA-HQ-OAR-2013-0602,individual,individual
EPA-HQ-OAR-2013-0602-20311,EPA-HQ-OAR-2013-0602,organizational,individual
EPA-HQ-OAR-2013-0602-20676,EPA-HQ-OAR-2013-0602,individual,organizational
EPA-HQ-OAR-2013-0602-20684,EPA-HQ-OAR-2013-0602,organizational,other
EPA-HQ-OAR-2013-0602-2161,EPA-HQ-OAR-2013-0602,organizational,individual
EPA-HQ-OAR-2013-0602-22870,EPA-HQ-OAR-2013-0602,individual,organizational
EPA-HQ-OAR-2013-0602-23543,EPA-HQ-OAR-2013-0602,individual,organizational
EPA-HQ-OAR-2013-0602-23764,EPA-HQ-OAR-2013-0602,organizational,individual
EPA-HQ-OAR-2013-0602-23803,EPA-HQ-OAR-2013-0602,organizational,individual
EPA-HQ-OAR-2013-0602-23809,EPA-HQ-OAR-2013-0602,organizational,individual
EPA-HQ-OAR-2013-0602-23987,EPA-HQ-OAR-2013-0602,individual,organizational
EPA-HQ-OAR-2013-0602-24193,EPA-HQ-OAR-2013-0602,organizational,individual
EPA-HQ-OAR-2013-0602-24388,EPA-HQ-OAR-2013-0602,organizational,individual
EPA-HQ-OAR-2013-0602-24426,EPA-HQ-OAR-2013-0602,individual,individual
EPA-HQ-OAR-2013-0602-24436,EPA-HQ-OAR-2013-0602,individual,individual
EPA-HQ-OAR-2013-0602-24439,EPA-HQ-OAR-2013-0602,organizational,individual
EPA-HQ-OAR-2013-0602-24545,EPA-HQ-OAR-2013-0602,organizational,individual
EPA-HQ-OAR-2013-0602-24558,EPA-HQ-OAR-2013-0602,individual,individual
EPA-HQ-OAR-2013-0602-24599,EPA-HQ-OAR-2013-0602,organizational,individual
EPA-HQ-OAR-2013-0602-24765,EPA-HQ-OAR-2013-0602,organizational,individual
EPA-HQ-OAR-2013-0602-24830,EPA-HQ-OAR-2013-0602,organizational,individual
EPA-HQ-OAR-2013-0602-24886,EPA-HQ-OAR-2013-0602,organizational,individual
EPA-HQ-OAR-2013-0602-24896,EPA-HQ-OAR-2013-0602,individual,individual
EPA-HQ-OAR-2013-0602-24917,EPA-HQ-OAR-2013-0602,organizational,individual
EPA-HQ-OAR-2013-0602-24937,EPA-HQ-OAR-2013-0602,organizational,individual
EPA-HQ-OAR-2013-0602-25293,EPA-HQ-OAR-2013-0602,organizational,individual
EPA-HQ-OAR-2013-0602-25294,EPA-HQ-OAR-2013-0602,individual,individual
EPA-HQ-OAR-2013-0602-25361,EPA-HQ-OAR-2013-0602,organizational,individual
EPA-HQ-OAR-2013-0602-25459,EPA-HQ-OAR-2013-0602,individual,organizational
EPA-HQ-OAR-2013-0602-25484,EPA-HQ-OAR-2013-0602,individual,individual
EPA-HQ-OAR-2013-0602-25715,EPA-HQ-OAR-2013-0602,individual,individual
EPA-HQ-OAR-2013-0602-25748,EPA-HQ-OAR-2013-0602,individual,individual
EPA-HQ-OAR-2013-0602-26126,EPA-HQ-OAR-2013-0602,individual,individual
EPA-HQ-OAR-2013-0602-26170,EPA-HQ-OAR-2013-0602,individual,individual
EPA-HQ-OAR-2013-0602-26412,EPA-HQ-OAR-2013-0602,organizational,individual
EPA-HQ-OAR-2013-0602-27559,EPA-HQ-OAR-2013-0602,individual,individual
EPA-HQ-OAR-2013-0602-27564,EPA-HQ-OAR-2013-0602,individual,individual
EPA-HQ-OAR-2013-0602-27584,EPA-HQ-OAR-2013-0602,individual,individual
EPA-HQ-OAR-2013-0602-3238,EPA-HQ-OAR-2013-0602,individual,individual
EPA-HQ-OAR-2013-0602-3265,EPA-HQ-OAR-2013-0602,organizational,individual
EPA-HQ-OAR-2013-0602-3366,EPA-HQ-OAR-2013-0602,organizational,individual
EPA-HQ-OAR-2013-0602-3393,EPA-HQ-OAR-2013-0602,organizational,individual
EPA-HQ-OAR-2013-0602-3403,EPA-HQ-OAR-2013-0602,organizational,individual
EPA-HQ-OAR-2013-0602-3419,EPA-HQ-OAR-2013-0602,organizational,individual
EPA-HQ-OAR-2013-0602-3435,EPA-HQ-OAR-2013-0602,individual,individual
EPA-HQ-OAR-2013-0602-3437,EPA-HQ-OAR-2013-0602,individual,individual
EPA-HQ-OAR-2013-0602-3838,EPA-HQ-OAR-2013-0602,organizational,individual
EPA-HQ-OAR-2013-0602-4659,EPA-HQ-OAR-2013-0602,individual,organizational
EPA-HQ-OAR-2013-0602-6744,EPA-HQ-OAR-2013-0602,organizational,individual
EPA-HQ-OAR-2013-0602-7263,EPA-HQ-OAR-2013-0602,organizational,individual
EPA-HQ-OAR-2013-0602-7268,EPA-HQ-OAR-2013-0602,individual,individual
EPA-HQ-OAR-2013-0602-7693,EPA-HQ-OAR-2013-0602,individual,organizational
EPA-HQ-OAR-2013-0602-7786,EPA-HQ-OAR-2013-0602,organizational,individual
EPA-HQ-OAR-2013-0602-8041,EPA-HQ-OAR-2013-0602,organizational,individual
EPA-HQ-OAR-2013-0602-8060,EPA-HQ-OAR-2013-0602,organizational,individual
EPA-HQ-OAR-2013-0602-8079,EPA-HQ-OAR-2013-0602,organizational,individual
EPA-HQ-OAR-2013-0602-8094,EPA-HQ-OAR-2013-0602,organizational,individual
EPA-HQ-OAR-2013-0602-8097,EPA-HQ-OAR-2013-0602,organizational,individual
EPA-HQ-OAR-2013-0602-8488,EPA-HQ-OAR-2013-0602,organizational,individual
EPA-HQ-OAR-2013-0602-8954,EPA-HQ-OAR-2013-0602,individual,individual
EPA-HQ-OAR-2013-0602-9208,EPA-HQ-OAR-2013-0602,organizational,individual
EPA-HQ-OAR-2013-0602-9209,EPA-HQ-OAR-2013-0602,individual,individual
EPA-HQ-OAR-2013-0602-9210,EPA-HQ-OAR-2013-0602,organizational,individual
EPA-HQ-OAR-2013-0602-9479,EPA-HQ-OAR-2013-0602,organizational,individual
EPA-HQ-OAR-2013-0602-9624,EPA-HQ-OAR-2013-0602,organizational,individual
EPA-HQ-OAR-2013-0602-9629,EPA-HQ-OAR-2013-0602,organizational,individual
EPA-HQ-OAR-2013-0602-9630,EPA-HQ-OAR-2013-0602,individual,individual
EPA-HQ-OAR-2013-0602-9636,EPA-HQ-OAR-2013-0602,organizational,individual
EPA-HQ-OAR-2013-0602-9638,EPA-HQ-OAR-2013-0602,organizational,individual
EPA-HQ-OAR-2013-0602-9684,EPA-HQ-OAR-2013-0602,organizational,individual
EPA-HQ-OAR-2013-0602-9687,EPA-HQ-OAR-2013-0602,organizational,individual
EPA-HQ-OAR-2013-0602-9688,EPA-HQ-OAR-2013-0602,individual,individual
EPA-HQ-OAR-2013-0602-9689,EPA-HQ-OAR-2013-0602,individual,individual
EPA-HQ-OAR-2013-0602-9691,EPA-HQ-OAR-2013-0602,individual,individual
EPA-HQ-OAR-2013-0602-9693,EPA-HQ-OAR-2013-0602,individual,individual
EPA-HQ-OAR-2013-0602-9695,EPA-HQ-OAR-2013-0602,organizational,individual
EPA-HQ-OAR-2013-0602-9701,EPA-HQ-OAR-2013-0602,individual,individual
EPA-HQ-OAR-2013-0602-9705,EPA-HQ-OAR-2013-0602,organizational,individual
EPA-HQ-OAR-2013-0602-9731,EPA-HQ-OAR-2013-0602,organizational,other
EPA-HQ-OAR-2013-0602-9735,EPA-HQ-OAR-2013-0602,organizational,individual
EPA-HQ-OAR-2013-0602-9775,EPA-HQ-OAR-2013-0602,organizational,individual
EPA-HQ-OAR-2013-0602-9913,EPA-HQ-OAR-2013-0602,organizational,individual
EPA-HQ-OAR-2013-0602-9916,EPA-HQ-OAR-2013-0602,organizational,individual
EPA-HQ-OAR-2013-0602-9925,EPA-HQ-OAR-2013-0602,individual,individual
EPA-HQ-OAR-2013-0602-9929,EPA-HQ-OAR-2013-0602,organizational,individual
EPA-HQ-OAR-2013-0602-9931,EPA-HQ-OAR-2013-0602,organizational,individual
EPA-HQ-OAR-2013-0602-9932,EPA-HQ-OAR-2013-0602,organizational,individual
EPA-HQ-OAR-2013-0602-9933,EPA-HQ-OAR-2013-0602,individual,individual
EPA-HQ-OAR-2013-0602-9934,EPA-HQ-OAR-2013-0602,individual,individual
EPA-HQ-OAR-2013-0602-9935,EPA-HQ-OAR-2013-0602,organizational,individual
EPA-HQ-OAR-2013-0602-9936,EPA-HQ-OAR-2013-0602,organizational,individual
EPA-HQ-OPP-2011-0184-0113,EPA-HQ-OPP-2011-0184,organizational,individual
EPA-HQ-OPP-2011-0184-0117,EPA-HQ-OPP-2011-0184,organizational,individual
EPA-HQ-OPP-2011-0184-0118,EPA-HQ-OPP-2011-0184,individual,organizational
EPA-HQ-OPP-2011-0184-0120,EPA-HQ-OPP-2011-0184,organizational,individual
EPA-HQ-OPP-2011-0184-0121,EPA-HQ-OPP-2011-0184,organizational,individual
EPA-HQ-OPP-2011-0184-0124,EPA-HQ-OPP-2011-0184,organizational,individual
EPA-HQ-OPP-2011-0184-0125,EPA-HQ-OPP-2011-0184,organizational,individual
EPA-HQ-OPP-2011-0184-0127,EPA-HQ-OPP-2011-0184,organizational,individual
EPA-HQ-OPP-2011-0184-0128,EPA-HQ-OPP-2011-0184,organizational,individual
EPA-HQ-OPP-2011-0184-0129,EPA-HQ-OPP-2011-0184,individual,individual
EPA-HQ-OPP-2011-0184-0130,EPA-HQ-OPP-2011-0184,organizational,individual
EPA-HQ-OPP-2011-0184-0131,EPA-HQ-OPP-2011-0184,organizational,individual
EPA-HQ-OPP-2011-0184-0132,EPA-HQ-OPP-2011-0184,organizational,individual
EPA-HQ-OPP-2011-0184-0133,EPA-HQ-OPP-2011-0184,individual,individual
EPA-HQ-OPP-2011-0184-0135,EPA-HQ-OPP-2011-0184,organizational,individual
EPA-HQ-OPP-2011-0184-0141,EPA-HQ-OPP-2011-0184,organizational,individual
EPA-HQ-OPP-2011-0184-0150,EPA-HQ-OPP-2011-0184,organizational,individual
EPA-HQ-OPP-2011-0184-0158,EPA-HQ-OPP-2011-0184,organizational,individual
EPA-HQ-OPP-2011-0184-0159,EPA-HQ-OPP-2011-0184,organizational,individual
EPA-HQ-OPP-2011-0184-0160,EPA-HQ-OPP-2011-0184,organizational,individual
EPA-HQ-OPP-2011-0184-0162,EPA-HQ-OPP-2011-0184,organizational,individual
EPA-HQ-OPP-2011-0184-0163,EPA-HQ-OPP-2011-0184,organizational,individual
EPA-HQ-OPP-2011-0184-0164,EPA-HQ-OPP-2011-0184,organizational,individual
EPA-HQ-OPP-2011-0184-0165,EPA-HQ-OPP-2011-0184,individual,individual
EPA-HQ-OPP-2011-0184-0174,EPA-HQ-OPP-2011-0184,organizational,individual
EPA-HQ-OPP-2011-0184-0176,EPA-HQ-OPP-2011-0184,organizational,individual
EPA-HQ-OPP-2011-0184-0178,EPA-HQ-OPP-2011-0184,individual,organizational
EPA-HQ-OPP-2011-0184-0182,EPA-HQ-OPP-2011-0184,organizational,individual
EPA-HQ-OPP-2011-0184-0186,EPA-HQ-OPP-2011-0184,organizational,individual
EPA-HQ-OPP-2011-0184-0191,EPA-HQ-OPP-2011-0184,organizational,individual
EPA-HQ-OPP-2011-0184-0193,EPA-HQ-OPP-2011-0184,individual,individual
EPA-HQ-OPP-2011-0184-0194,EPA-HQ-OPP-2011-0184,organizational,individual
EPA-HQ-OPP-2011-0184-0195,EPA-HQ-OPP-2011-0184,organizational,individual
EPA-HQ-OPP-2011-0184-0197,EPA-HQ-OPP-2011-0184,individual,individual
EPA-HQ-OPP-2011-0184-0200,EPA-HQ-OPP-2011-0184,individual,organizational
EPA-HQ-OPP-2011-0184-0202,EPA-HQ-OPP-2011-0184,individual,individual
EPA-HQ-OPP-2011-0184-0204,EPA-HQ-OPP-2011-0184,organizational,individual
EPA-HQ-OPP-2011-0184-0206,EPA-HQ-OPP-2011-0184,organizational,individual
EPA-HQ-OPP-2011-0184-0208,EPA-HQ-OPP-2011-0184,individual,individual
EPA-HQ-OPP-2011-0184-0209,EPA-HQ-OPP-2011-0184,individual,individual
EPA-HQ-OPP-2011-0184-0211,EPA-HQ-OPP-2011-0184,individual,individual
EPA-HQ-OPP-2011-0184-0212,EPA-HQ-OPP-2011-0184,individual,individual
EPA-HQ-OPP-2011-0184-0213,EPA-HQ-OPP-2011-0184,organizational,individual
EPA-HQ-OPP-2011-0184-0214,EPA-HQ-OPP-2011-0184,individual,individual
EPA-HQ-OPP-2011-0184-0216,EPA-HQ-OPP-2011-0184,individual,individual
EPA-HQ-OPP-2011-0184-0217,EPA-HQ-OPP-2011-0184,individual,individual
EPA-HQ-OPP-2011-0184-0218,EPA-HQ-OPP-2011-0184,organizational,individual
EPA-HQ-OPP-2011-0184-0219,EPA-HQ-OPP-2011-0184,organizational,individual
EPA-HQ-OPP-2011-0184-0221,EPA-HQ-OPP-2011-0184,individual,individual
EPA-HQ-OPP-2011-0184-0223,EPA-HQ-OPP-2011-0184,organizational,individual
EPA-HQ-OPP-2011-0184-0225,EPA-HQ-OPP-2011-0184,individual,individual
EPA-HQ-OPP-2011-0184-0226,EPA-HQ-OPP-2011-0184,organizational,individual
EPA-HQ-OPP-2011-0184-0227,EPA-HQ-OPP-2011-0184,individual,individual
EPA-HQ-OPP-2011-0184-0228,EPA-HQ-OPP-2011-0184,organizational,individual
EPA-HQ-OPP-2011-0184-0229,EPA-HQ-OPP-2011-0184,organizational,individual
EPA-HQ-OPP-2011-0184-0231,EPA-HQ-OPP-2011-0184,organizational,individual
EPA-HQ-OPP-2011-0184-0232,EPA-HQ-OPP-2011-0184,organizational,individual
EPA-HQ-OPP-2011-0184-0233,EPA-HQ-OPP-2011-0184,organizational,individual
EPA-HQ-OPP-2011-0184-0234,EPA-HQ-OPP-2011-0184,individual,individual
EPA-HQ-OPP-2011-0184-0235,EPA-HQ-OPP-2011-0184,individual,individual
EPA-HQ-OPP-2011-0184-0236,EPA-HQ-OPP-2011-0184,individual,individual
EPA-HQ-OPP-2011-0184-0239,EPA-HQ-OPP-2011-0184,individual,individual
EPA-HQ-OPP-2011-0184-0240,EPA-HQ-OPP-2011-0184,organizational,individual
EPA-HQ-OPP-2011-0184-0241,EPA-HQ-OPP-2011-0184,organizational,individual
EPA-HQ-OPP-2011-0184-0242,EPA-HQ-OPP-2011-0184,individual,individual
EPA-HQ-OPP-2011-0184-0243,EPA-HQ-OPP-2011-0184,organizational,individual
EPA-HQ-OPP-2011-0184-0244,EPA-HQ-OPP-2011-0184,individual,individual
EPA-HQ-OPP-2011-0184-0245,EPA-HQ-OPP-2011-0184,individual,individual
EPA-HQ-OPP-2011-0184-0246,EPA-HQ-OPP-2011-0184,organizational,individual
EPA-HQ-OPP-2011-0184-0249,EPA-HQ-OPP-2011-0184,individual,individual
EPA-HQ-OPP-2011-0184-0256,EPA-HQ-OPP-2011-0184,organizational,individual
EPA-HQ-OPP-2011-0184-0259,EPA-HQ-OPP-2011-0184,organizational,individual
EPA-HQ-OPP-2011-0184-0260,EPA-HQ-OPP-2011-0184,organizational,individual
EPA-HQ-OPP-2011-0184-0262,EPA-HQ-OPP-2011-0184,organizational,individual
EPA-HQ-OPP-2011-0184-0267,EPA-HQ-OPP-2011-0184,individual,individual
EPA-HQ-OPP-2011-0184-0269,EPA-HQ-OPP-2011-0184,organizational,individual
EPA-HQ-OPP-2011-0184-0273,EPA-HQ-OPP-2011-0184,individual,individual
EPA-HQ-OPP-2011-0184-0275,EPA-HQ-OPP-2011-0184,individual,individual
EPA-HQ-OPP-2011-0184-0276,EPA-HQ-OPP-2011-0184,individual,individual
EPA-HQ-OPP-2011-0184-0278,EPA-HQ-OPP-2011-0184,individual,individual
EPA-HQ-OPP-2011-0184-0280,EPA-HQ-OPP-2011-0184,individual,individual
EPA-HQ-OPP-2011-0184-0281,EPA-HQ-OPP-2011-0184,individual,individual
EPA-HQ-OPP-2011-0184-0283,EPA-HQ-OPP-2011-0184,organizational,individual
EPA-HQ-OPP-2011-0184-0284,EPA-HQ-OPP-2011-0184,organizational,individual
EPA-HQ-OPP-2011-0184-0285,EPA-HQ-OPP-2011-0184,individual,individual
EPA-HQ-OPP-2011-0184-0286,EPA-HQ-OPP-2011-0184,organizational,individual
EPA-HQ-OPP-2011-0184-0289,EPA-HQ-OPP-2011-0184,organizational,individual
EPA-HQ-OPP-2011-0184-0291,EPA-HQ-OPP-2011-0184,individual,individual
EPA-HQ-OPP-2011-0184-0292,EPA-HQ-OPP-2011-0184,individual,individual
EPA-HQ-OPP-2011-0184-0297,EPA-HQ-OPP-2011-0184,individual,individual
EPA-HQ-OPP-2011-0184-0300,EPA-HQ-OPP-2011-0184,organizational,individual
EPA-HQ-OPP-2011-0184-0301,EPA-HQ-OPP-2011-0184,individual,individual
EPA-HQ-OPP-2011-0184-0302,EPA-HQ-OPP-2011-0184,organizational,individual
EPA-HQ-OPP-2011-0184-0310,EPA-HQ-OPP-2011-0184,individual,individual
EPA-HQ-OPP-2011-0184-0311,EPA-HQ-OPP-2011-0184,organizational,individual
EPA-HQ-OPP-2011-0184-0312,EPA-HQ-OPP-2011-0184,organizational,individual
EPA-HQ-OPP-2011-0184-0313,EPA-HQ-OPP-2011-0184,individual,individual
EPA-HQ-OPP-2011-0184-0314,EPA-HQ-OPP-2011-0184,organizational,individual
EPA-HQ-OPP-2011-0184-0319,EPA-HQ-OPP-2011-0184,organizational,individual
EPA-HQ-OPP-2011-0184-0323,EPA-HQ-OPP-2011-0184,individual,individual
EPA-HQ-OPP-2011-0184-0333,EPA-HQ-OPP-2011-0184,organizational,individual
EPA-HQ-OPP-2011-0184-0336,EPA-HQ-OPP-2011-0184,individual,individual
EPA-HQ-OPP-2011-0184-0337,EPA-HQ-OPP-2011-0184,organizational,individual
EPA-HQ-OPP-2011-0184-0342,EPA-HQ-OPP-2011-0184,individual,individual
EPA-HQ-OPP-2011-0184-0343,EPA-HQ-OPP-2011-0184,organizational,individual
EPA-HQ-OPP-2011-0184-0345,EPA-HQ-OPP-2011-0184,individual,individual
EPA-HQ-OPP-2011-0184-0348,EPA-HQ-OPP-2011-0184,organizational,individual
EPA-HQ-OPP-2011-0184-0358,EPA-HQ-OPP-2011-0184,individual,individual
EPA-HQ-OPP-2011-0184-0364,EPA-HQ-OPP-2011-0184,organizational,individual
EPA-HQ-OPP-2011-0184-0368,EPA-HQ-OPP-2011-0184,individual,individual
EPA-HQ-OPP-2011-0184-0369,EPA-HQ-OPP-2011-0184,organizational,individual
EPA-HQ-OPP-2011-0184-0371,EPA-HQ-OPP-2011-0184,individual,individual
EPA-HQ-OPP-2011-0184-0372,EPA-HQ-OPP-2011-0184,individual,individual
EPA-HQ-OPP-2011-0184-0373,EPA-HQ-OPP-2011-0184,individual,individual
EPA-HQ-OPP-2011-0184-0375,EPA-HQ-OPP-2011-0184,individual,individual
EPA-HQ-OPP-2011-0184-0376,EPA-HQ-OPP-2011-0184,individual,individual
EPA-HQ-OPP-2011-0184-0377,EPA-HQ-OPP-2011-0184,organizational,individual
EPA-HQ-OPP-2011-0184-0380,EPA-HQ-OPP-2011-0184,individual,individual
EPA-HQ-OPP-2011-0184-0381,EPA-HQ-OPP-2011-0184,organizational,individual
EPA-HQ-OPP-2011-0184-0382,EPA-HQ-OPP-2011-0184,organizational,individual
EPA-HQ-OPP-2011-0184-0383,EPA-HQ-OPP-2011-0184,individual,individual
EPA-HQ-OPP-2011-0184-0385,EPA-HQ-OPP-2011-0184,organizational,individual
EPA-HQ-OPP-2011-0184-0386,EPA-HQ-OPP-2011-0184,organizational,individual
EPA-HQ-OPP-2011-0184-0398,EPA-HQ-OPP-2011-0184,individual,individual
EPA-HQ-OPP-2011-0184-0400,EPA-HQ-OPP-2011-0184,organizational,individual
EPA-HQ-OPP-2011-0184-0405,EPA-HQ-OPP-2011-0184,organizational,individual
EPA-HQ-OPP-2011-0184-0409,EPA-HQ-OPP-2011-0184,organizational,individual
EPA-HQ-OPP-2011-0184-0414,EPA-HQ-OPP-2011-0184,individual,individual
EPA-HQ-OPP-2011-0184-0415,EPA-HQ-OPP-2011-0184,individual,organizational
EPA-HQ-OPP-2011-0184-0416,EPA-HQ-OPP-2011-0184,organizational,individual
EPA-HQ-OPP-2011-0184-0422,EPA-HQ-OPP-2011-0184,individual,individual
EPA-HQ-OPP-2011-0184-0424,EPA-HQ-OPP-2011-0184,individual,individual
EPA-HQ-OPP-2011-0184-0425,EPA-HQ-OPP-2011-0184,individual,individual
EPA-HQ-OPP-2011-0184-0428,EPA-HQ-OPP-2011-0184,individual,individual
EPA-HQ-OPP-2011-0184-0438,EPA-HQ-OPP-2011-0184,individual,individual
EPA-HQ-OPP-2011-0184-0445,EPA-HQ-OPP-2011-0184,individual,individual
EPA-HQ-OPP-2011-0184-0446,EPA-HQ-OPP-2011-0184,individual,individual
EPA-HQ-OPP-2011-0184-0449,EPA-HQ-OPP-2011-0184,individual,individual
EPA-HQ-OPP-2011-0184-0450,EPA-HQ-OPP-2011-0184,organizational,individual
EPA-HQ-OPP-2011-0184-0454,EPA-HQ-OPP-2011-0184,organizational,individual
EPA-HQ-OPP-2011-0184-0455,EPA-HQ-OPP-2011-0184,individual,individual
EPA-HQ-OPP-2011-0184-0460,EPA-HQ-OPP-2011-0184,individual,individual
EPA-HQ-OPP-2011-0184-0463,EPA-HQ-OPP-2011-0184,individual,individual
EPA-HQ-OPP-2011-0184-0465,EPA-HQ-OPP-2011-0184,individual,individual
EPA-HQ-OPP-2011-0184-0466,EPA-HQ-OPP-2011-0184,organizational,individual
EPA-HQ-OPP-2011-0184-0470,EPA-HQ-OPP-2011-0184,individual,individual
EPA-HQ-OPP-2011-0184-0473,EPA-HQ-OPP-2011-0184,individual,individual
EPA-HQ-OPP-2011-0184-0475,EPA-HQ-OPP-2011-0184,organizational,individual
EPA-HQ-OPP-2011-0184-0476,EPA-HQ-OPP-2011-0184,organizational,individual
EPA-HQ-OPP-2011-0184-0478,EPA-HQ-OPP-2011-0184,organizational,individual
EPA-HQ-OPP-2011-0184-0481,EPA-HQ-OPP-2011-0184,individual,individual
EPA-HQ-OPP-2011-0184-0483,EPA-HQ-OPP-2011-0184,organizational,individual
EPA-HQ-OPP-2011-0184-0484,EPA-HQ-OPP-2011-0184,individual,individual
EPA-HQ-OPP-2011-0184-0485,EPA-HQ-OPP-2011-0184,individual,individual
EPA-HQ-OPP-2011-0184-0486,EPA-HQ-OPP-2011-0184,individual,individual
EPA-HQ-OPP-2011-0184-0487,EPA-HQ-OPP-2011-0184,individual,individual
EPA-HQ-OPP-2011-0184-0488,EPA-HQ-OPP-2011-0184,individual,individual
EPA-HQ-OPP-2011-0184-0489,EPA-HQ-OPP-2011-0184,individual,organizational
EPA-HQ-OPP-2011-0184-0490,EPA-HQ-OPP-2011-0184,organizational,individual
EPA-HQ-OPP-2011-0184-0491,EPA-HQ-OPP-2011-0184,individual,individual
EPA-HQ-OPP-2011-0184-0492,EPA-HQ-OPP-2011-0184,organizational,individual
EPA-HQ-OPP-2011-0184-0494,EPA-HQ-OPP-2011-0184,organizational,individual
EPA-HQ-OPP-2011-0184-0497,EPA-HQ-OPP-2011-0184,individual,individual
EPA-HQ-OPP-2011-0184-0500,EPA-HQ-OPP-2011-0184,individual,individual
EPA-HQ-OPP-2011-0184-0503,EPA-HQ-OPP-2011-0184,individual,individual
EPA-HQ-OPP-2011-0184-0506,EPA-HQ-OPP-2011-0184,individual,individual
EPA-HQ-OPP-2011-0184-0508,EPA-HQ-OPP-2011-0184,individual,organizational
EPA-HQ-OPP-2011-0184-0509,EPA-HQ-OPP-2011-0184,individual,individual
EPA-HQ-OPP-2011-0184-0511,EPA-HQ-OPP-2011-0184,individual,individual
EPA-HQ-OPP-2011-0184-0513,EPA-HQ-OPP-2011-0184,individual,individual
EPA-HQ-OPP-2011-0184-0516,EPA-HQ-OPP-2011-0184,organizational,individual
EPA-HQ-OPP-2011-0184-0517,EPA-HQ-OPP-2011-0184,individual,individual
EPA-HQ-OPP-2011-0184-0518,EPA-HQ-OPP-2011-0184,organizational,individual
EPA-HQ-OPP-2011-0184-0519,EPA-HQ-OPP-2011-0184,organizational,individual
EPA-HQ-OPP-2011-0184-0520,EPA-HQ-OPP-2011-0184,individual,individual
EPA-HQ-OPP-2011-0184-0522,EPA-HQ-OPP-2011-0184,organizational,individual
EPA-HQ-OPP-2011-0184-0523,EPA-HQ-OPP-2011-0184,individual,individual
EPA-HQ-OPP-2011-0184-0525,EPA-HQ-OPP-2011-0184,organizational,individual
EPA-HQ-OPP-2011-0184-0526,EPA-HQ-OPP-2011-0184,individual,individual
EPA-HQ-OPP-2011-0184-0527,EPA-HQ-OPP-2011-0184,organizational,individual
EPA-HQ-OPP-2011-0184-0529,EPA-HQ-OPP-2011-0184,individual,individual
EPA-HQ-OPP-2011-0184-0530,EPA-HQ-OPP-2011-0184,individual,individual
EPA-HQ-OPP-2011-0184-0531,EPA-HQ-OPP-2011-0184,organizational,individual
EPA-HQ-OPP-2011-0184-0532,EPA-HQ-OPP-2011-0184,individual,individual
EPA-HQ-OPP-2011-0184-0533,EPA-HQ-OPP-2011-0184,individual,individual
EPA-HQ-OPP-2011-0184-0535,EPA-HQ-OPP-2011-0184,organizational,individual
EPA-HQ-OPP-2011-0184-0536,EPA-HQ-OPP-2011-0184,individual,individual
EPA-HQ-OPP-2011-0184-0543,EPA-HQ-OPP-2011-0184,organizational,individual
EPA-HQ-OPP-2011-0184-0544,EPA-HQ-OPP-2011-0184,organizational,individual
EPA-HQ-OPP-2011-0184-0547,EPA-HQ-OPP-2011-0184,organizational,individual
EPA-HQ-OPP-2011-0184-0549,EPA-HQ-OPP-2011-0184,organizational,individual
EPA-HQ-OPP-2011-0184-0550,EPA-HQ-OPP-2011-0184,organizational,individual
EPA-HQ-OPP-2011-0184-0552,EPA-HQ-OPP-2011-0184,organizational,individual
EPA-HQ-OPP-2011-0184-0563,EPA-HQ-OPP-2011-0184,organizational,individual
EPA-HQ-OPP-2011-0184-0575,EPA-HQ-OPP-2011-0184,organizational,individual
EPA-HQ-OPP-2011-0184-0576,EPA-HQ-OPP-2011-0184,organizational,individual
EPA-HQ-OPP-2011-0184-0579,EPA-HQ-OPP-2011-0184,organizational,individual
EPA-HQ-OPP-2011-0184-0586,EPA-HQ-OPP-2011-0184,organizational,individual
EPA-HQ-OPP-2011-0184-0589,EPA-HQ-OPP-2011-0184,individual,individual
EPA-HQ-OPP-2011-0184-0590,EPA-HQ-OPP-2011-0184,individual,individual
EPA-HQ-OPP-2011-0184-0591,EPA-HQ-OPP-2011-0184,individual,individual
EPA-HQ-OPP-2011-0184-0592,EPA-HQ-OPP-2011-0184,organizational,individual
EPA-HQ-OPP-2011-0184-0593,EPA-HQ-OPP-2011-0184,individual,individual
EPA-HQ-OPP-2011-0184-0594,EPA-HQ-OPP-2011-0184,organizational,individual
EPA-HQ-OPP-2011-0184-0595,EPA-HQ-OPP-2011-0184,individual,individual
EPA-HQ-OPP-2011-0184-0597,EPA-HQ-OPP-2011-0184,organizational,individual
EPA-HQ-OPP-2011-0184-0598,EPA-HQ-OPP-2011-0184,organizational,individual
EPA-HQ-OPP-2011-0184-0599,EPA-HQ-OPP-2011-0184,organizational,individual
EPA-HQ-OPP-2011-0184-0600,EPA-HQ-OPP-2011-0184,organizational,individual
EPA-HQ-OPP-2011-0184-0601,EPA-HQ-OPP-2011-0184,organizational,individual
EPA-HQ-OPP-2011-0184-0602,EPA-HQ-OPP-2011-0184,organizational,individual
EPA-HQ-OPP-2011-0184-0603,EPA-HQ-OPP-2011-0184,individual,individual
EPA-HQ-OPP-2011-0184-0604,EPA-HQ-OPP-2011-0184,organizational,individual
EPA-HQ-OPP-2011-0184-0605,EPA-HQ-OPP-2011-0184,organizational,individual
EPA-HQ-OPP-2011-0184-0606,EPA-HQ-OPP-2011-0184,organizational,individual
EPA-HQ-OPP-2011-0184-0607,EPA-HQ-OPP-2011-0184,individual,individual
EPA-HQ-OPP-2011-0184-0609,EPA-HQ-OPP-2011-0184,organizational,individual
EPA-HQ-OPP-2011-0184-0610,EPA-HQ-OPP-2011-0184,individual,individual
EPA-HQ-OPP-2011-0184-0612,EPA-HQ-OPP-2011-0184,organizational,individual
EPA-HQ-OPP-2011-0184-0614,EPA-HQ-OPP-2011-0184,individual,individual
EPA-HQ-OPP-2011-0184-0617,EPA-HQ-OPP-2011-0184,individual,individual
EPA-HQ-OPP-2011-0184-0618,EPA-HQ-OPP-2011-0184,organizational,other
EPA-HQ-OPP-2011-0184-0619,EPA-HQ-OPP-2011-0184,organizational,other
EPA-HQ-OPP-2011-0184-0620,EPA-HQ-OPP-2011-0184,organizational,other
EPA-HQ-OPP-2011-0184-0623,EPA-HQ-OPP-2011-0184,organizational,other
EPA-HQ-OPP-2011-0184-0626,EPA-HQ-OPP-2011-0184,individual,individual
EPA-HQ-OPP-2011-0184-0627,EPA-HQ-OPP-2011-0184,organizational,individual
EPA-HQ-OPP-2011-0184-0628,EPA-HQ-OPP-2011-0184,individual,individual
EPA-HQ-OPP-2011-0184-0631,EPA-HQ-OPP-2011-0184,organizational,individual
EPA-HQ-OPP-2011-0184-0635,EPA-HQ-OPP-2011-0184,organizational,individual
EPA-HQ-OPP-2011-0184-0638,EPA-HQ-OPP-2011-0184,individual,individual
EPA-HQ-OPP-2011-0184-0642,EPA-HQ-OPP-2011-0184,organizational,other
EPA-HQ-OPP-2011-0184-0643,EPA-HQ-OPP-2011-0184,organizational,other
EPA-HQ-OPP-2011-0184-0645,EPA-HQ-OPP-2011-0184,individual,individual
EPA-HQ-OPP-2011-0184-0646,EPA-HQ-OPP-2011-0184,organizational,individual
EPA-HQ-OPP-2011-0184-0648,EPA-HQ-OPP-2011-0184,organizational,individual
EPA-HQ-OPP-2011-0184-0650,EPA-HQ-OPP-2011-0184,organizational,individual
EPA-HQ-OPP-2011-0184-0651,EPA-HQ-OPP-2011-0184,organizational,individual
EPA-HQ-OPP-2011-0184-0652,EPA-HQ-OPP-2011-0184,organizational,individual
EPA-HQ-OPP-2011-0184-0654,EPA-HQ-OPP-2011-0184,organizational,individual
EPA-HQ-OPP-2011-0184-0659,EPA-HQ-OPP-2011-0184,organizational,individual
EPA-HQ-OPP-2011-0184-0660,EPA-HQ-OPP-2011-0184,organizational,individual
EPA-HQ-OPP-2011-0184-0661,EPA-HQ-OPP-2011-0184,organizational,individual
EPA-HQ-OPP-2011-0184-0663,EPA-HQ-OPP-2011-0184,organizational,individual
EPA-HQ-OPP-2011-0184-0664,EPA-HQ-OPP-2011-0184,organizational,individual
EPA-HQ-OPP-2011-0184-0665,EPA-HQ-OPP-2011-0184,organizational,individual
EPA-HQ-OPP-2011-0184-0666,EPA-HQ-OPP-2011-0184,organizational,individual
EPA-HQ-OPP-2011-0184-0667,EPA-HQ-OPP-2011-0184,organizational,individual
EPA-HQ-OPP-2011-0184-0669,EPA-HQ-OPP-2011-0184,organizational,individual
EPA-HQ-OPP-2011-0184-0670,EPA-HQ-OPP-2011-0184,organizational,individual
EPA-HQ-OPP-2011-0184-0671,EPA-HQ-OPP-2011-0184,individual,individual
EPA-HQ-OPP-2011-0184-0673,EPA-HQ-OPP-2011-0184,organizational,individual
EPA-HQ-OPP-2011-0184-0674,EPA-HQ-OPP-2011-0184,organizational,individual
EPA-HQ-OPP-2011-0184-0676,EPA-HQ-OPP-2011-0184,organizational,individual
EPA-HQ-OPP-2011-0184-0677,EPA-HQ-OPP-2011-0184,organizational,individual
EPA-HQ-OPP-2011-0184-0678,EPA-HQ-OPP-2011-0184,organizational,individual
EPA-HQ-OPP-2011-0184-0679,EPA-HQ-OPP-2011-0184,organizational,individual
EPA-HQ-OPP-2011-0184-0681,EPA-HQ-OPP-2011-0184,organizational,individual
EPA-HQ-OPP-2011-0184-0682,EPA-HQ-OPP-2011-0184,individual,individual
EPA-HQ-OPP-2011-0184-0683,EPA-HQ-OPP-2011-0184,organizational,individual
EPA-HQ-OPP-2011-0184-0684,EPA-HQ-OPP-2011-0184,organizational,individual
EPA-HQ-OPP-2011-0184-0686,EPA-HQ-OPP-2011-0184,organizational,individual
EPA-HQ-OPP-2011-0184-0687,EPA-HQ-OPP-2011-0184,organizational,individual
EPA-HQ-OPP-2011-0184-0688,EPA-HQ-OPP-2011-0184,individual,individual
EPA-HQ-OPP-2011-0184-0690,EPA-HQ-OPP-2011-0184,organizational,individual
EPA-HQ-OPP-2011-0184-0691,EPA-HQ-OPP-2011-0184,organizational,individual
EPA-HQ-OPP-2011-0184-0693,EPA-HQ-OPP-2011-0184,individual,individual
EPA-HQ-OPP-2011-0184-0694,EPA-HQ-OPP-2011-0184,individual,individual
EPA-HQ-OPP-2011-0184-0695,EPA-HQ-OPP-2011-0184,organizational,individual
EPA-HQ-OPP-2011-0184-0696,EPA-HQ-OPP-2011-0184,individual,individual
EPA-HQ-OPP-2011-0184-0697,EPA-HQ-OPP-2011-0184,individual,individual
EPA-HQ-OPP-2011-0184-0700,EPA-HQ-OPP-2011-0184,organizational,individual
EPA-HQ-OPP-2011-0184-0701,EPA-HQ-OPP-2011-0184,individual,individual
EPA-HQ-OPP-2011-0184-0702,EPA-HQ-OPP-2011-0184,organizational,individual
EPA-HQ-OPP-2011-0184-0703,EPA-HQ-OPP-2011-0184,organizational,individual
EPA-HQ-OPP-2011-0184-0704,EPA-HQ-OPP-2011-0184,individual,individual
EPA-HQ-OPP-2011-0184-0705,EPA-HQ-OPP-2011-0184,organizational,individual
EPA-HQ-OPP-2011-0184-0708,EPA-HQ-OPP-2011-0184,individual,individual
EPA-HQ-OPP-2011-0184-0710,EPA-HQ-OPP-2011-0184,organizational,individual
EPA-HQ-OPP-2011-0184-0711,EPA-HQ-OPP-2011-0184,individual,individual
EPA-HQ-OPP-2011-0184-0713,EPA-HQ-OPP-2011-0184,organizational,individual
EPA-HQ-OPP-2011-0184-0714,EPA-HQ-OPP-2011-0184,individual,individual
EPA-HQ-OPP-2011-0184-0715,EPA-HQ-OPP-2011-0184,individual,individual
EPA-HQ-OPP-2011-0184-0725,EPA-HQ-OPP-2011-0184,organizational,individual
EPA-HQ-OPP-2011-0184-0730,EPA-HQ-OPP-2011-0184,organizational,individual
EPA-HQ-OPP-2011-0184-0735,EPA-HQ-OPP-2011-0184,organizational,individual
EPA-HQ-OPP-2011-0184-0736,EPA-HQ-OPP-2011-0184,organizational,individual
EPA-HQ-OPP-2011-0184-0737,EPA-HQ-OPP-2011-0184,organizational,individual
EPA-HQ-OPP-2011-0184-0738,EPA-HQ-OPP-2011-0184,organizational,individual
EPA-HQ-OPP-2011-0184-0741,EPA-HQ-OPP-2011-0184,organizational,individual
EPA-HQ-OPP-2011-0184-0742,EPA-HQ-OPP-2011-0184,organizational,individual
EPA-HQ-OPP-2011-0184-0744,EPA-HQ-OPP-2011-0184,organizational,individual
EPA-HQ-OPP-2011-0184-0745,EPA-HQ-OPP-2011-0184,organizational,individual
EPA-HQ-OPP-2011-0184-0746,EPA-HQ-OPP-2011-0184,organizational,individual
EPA-HQ-OPP-2011-0184-0748,EPA-HQ-OPP-2011-0184,organizational,individual
EPA-HQ-OPP-2011-0184-0751,EPA-HQ-OPP-2011-0184,organizational,individual
EPA-HQ-OPP-2011-0184-0753,EPA-HQ-OPP-2011-0184,organizational,individual
EPA-HQ-OPP-2011-0184-0757,EPA-HQ-OPP-2011-0184,organizational,individual
EPA-HQ-OPP-2011-0184-0758,EPA-HQ-OPP-2011-0184,organizational,individual
EPA-HQ-OPP-2011-0184-0759,EPA-HQ-OPP-2011-0184,organizational,individual
EPA-HQ-OPP-2011-0184-0762,EPA-HQ-OPP-2011-0184,organizational,individual
EPA-HQ-OPP-2011-0184-0763,EPA-HQ-OPP-2011-0184,organizational,individual
EPA-HQ-OPP-2011-0184-0768,EPA-HQ-OPP-2011-0184,organizational,individual
EPA-HQ-OPP-2011-0184-0770,EPA-HQ-OPP-2011-0184,organizational,individual
EPA-HQ-OPP-2011-0184-0772,EPA-HQ-OPP-2011-0184,organizational,individual
EPA-HQ-OPP-2011-0184-0777,EPA-HQ-OPP-2011-0184,organizational,individual
EPA-HQ-OPP-2011-0184-0780,EPA-HQ-OPP-2011-0184,organizational,individual
EPA-HQ-OPP-2011-0184-0784,EPA-HQ-OPP-2011-0184,organizational,individual
EPA-HQ-OPP-2011-0184-0785,EPA-HQ-OPP-2011-0184,individual,organizational
EPA-HQ-OPP-2011-0184-0786,EPA-HQ-OPP-2011-0184,organizational,individual
EPA-HQ-OPP-2011-0184-0789,EPA-HQ-OPP-2011-0184,organizational,individual
EPA-HQ-OPP-2011-0184-0791,EPA-HQ-OPP-2011-0184,organizational,individual
EPA-HQ-OPP-2011-0184-0793,EPA-HQ-OPP-2011-0184,organizational,individual
EPA-HQ-OPP-2011-0184-0796,EPA-HQ-OPP-2011-0184,organizational,individual
EPA-HQ-OPP-2011-0184-0798,EPA-HQ-OPP-2011-0184,organizational,individual
EPA-HQ-OPP-2011-0184-0799,EPA-HQ-OPP-2011-0184,organizational,individual
EPA-HQ-OPP-2011-0184-0803,EPA-HQ-OPP-2011-0184,organizational,individual
EPA-HQ-OPP-2011-0184-0810,EPA-HQ-OPP-2011-0184,organizational,individual
EPA-HQ-OPP-2011-0184-0814,EPA-HQ-OPP-2011-0184,organizational,individual
EPA-HQ-OPP-2011-0184-0815,EPA-HQ-OPP-2011-0184,organizational,individual
EPA-HQ-OPP-2011-0184-0817,EPA-HQ-OPP-2011-0184,organizational,individual
EPA-HQ-OPP-2011-0184-0820,EPA-HQ-OPP-2011-0184,organizational,individual
EPA-HQ-OPP-2011-0184-0830,EPA-HQ-OPP-2011-0184,organizational,individual
EPA-HQ-OPP-2011-0184-0831,EPA-HQ-OPP-2011-0184,organizational,individual
EPA-HQ-OPP-2011-0184-0832,EPA-HQ-OPP-2011-0184,organizational,individual
EPA-HQ-OPP-2011-0184-0834,EPA-HQ-OPP-2011-0184,organizational,individual
EPA-HQ-OPP-2011-0184-0835,EPA-HQ-OPP-2011-0184,organizational,individual
EPA-HQ-OPP-2011-0184-0836,EPA-HQ-OPP-2011-0184,organizational,individual
EPA-HQ-OPP-2011-0184-0839,EPA-HQ-OPP-2011-0184,organizational,individual
EPA-HQ-OPP-2011-0184-0845,EPA-HQ-OPP-2011-0184,organizational,individual
EPA-HQ-OPP-2011-0184-0847,EPA-HQ-OPP-2011-0184,individual,individual
EPA-HQ-OPP-2011-0184-0851,EPA-HQ-OPP-2011-0184,organizational,individual
EPA-HQ-OPP-2011-0184-0852,EPA-HQ-OPP-2011-0184,organizational,individual
EPA-HQ-OPP-2011-0184-0854,EPA-HQ-OPP-2011-0184,organizational,individual
EPA-HQ-OPP-2011-0184-0856,EPA-HQ-OPP-2011-0184,individual,individual
EPA-HQ-OPP-2011-0184-0858,EPA-HQ-OPP-2011-0184,individual,individual
EPA-HQ-OPP-2011-0184-0859,EPA-HQ-OPP-2011-0184,individual,organizational
EPA-HQ-OPP-2011-0184-0860,EPA-HQ-OPP-2011-0184,individual,organizational
EPA-HQ-OPP-2011-0184-0861,EPA-HQ-OPP-2011-0184,organizational,individual
EPA-HQ-OPP-2011-0184-0862,EPA-HQ-OPP-2011-0184,organizational,individual
EPA-HQ-OPP-2011-0184-0864,EPA-HQ-OPP-2011-0184,organizational,individual
EPA-HQ-OPP-2011-0184-0865,EPA-HQ-OPP-2011-0184,organizational,individual
EPA-HQ-OPP-2011-0184-0866,EPA-HQ-OPP-2011-0184,organizational,individual
EPA-HQ-OPP-2011-0184-0873,EPA-HQ-OPP-2011-0184,organizational,individual
EPA-HQ-OPP-2011-0184-0876,EPA-HQ-OPP-2011-0184,organizational,individual
EPA-HQ-OPP-2011-0184-0878,EPA-HQ-OPP-2011-0184,organizational,individual
EPA-HQ-OPP-2011-0184-0880,EPA-HQ-OPP-2011-0184,organizational,individual
EPA-HQ-OPP-2011-0184-0881,EPA-HQ-OPP-2011-0184,organizational,individual
EPA-HQ-OPP-2011-0184-0882,EPA-HQ-OPP-2011-0184,organizational,individual
EPA-HQ-OPP-2011-0184-0884,EPA-HQ-OPP-2011-0184,organizational,individual
EPA-HQ-OPP-2011-0184-0885,EPA-HQ-OPP-2011-0184,organizational,individual
EPA-HQ-OPP-2011-0184-0886,EPA-HQ-OPP-2011-0184,organizational,individual
EPA-HQ-OPP-2011-0184-0888,EPA-HQ-OPP-2011-0184,organizational,individual
EPA-HQ-OPP-2011-0184-0889,EPA-HQ-OPP-2011-0184,individual,individual
EPA-HQ-OPP-2011-0184-0890,EPA-HQ-OPP-2011-0184,organizational,individual
EPA-HQ-OPP-2011-0184-0894,EPA-HQ-OPP-2011-0184,organizational,individual
EPA-HQ-OPP-2011-0184-0895,EPA-HQ-OPP-2011-0184,organizational,individual
EPA-HQ-OPP-2011-0184-0896,EPA-HQ-OPP-2011-0184,individual,individual
EPA-HQ-OPP-2011-0184-0897,EPA-HQ-OPP-2011-0184,organizational,individual
EPA-HQ-OPP-2011-0184-0899,EPA-HQ-OPP-2011-0184,organizational,individual
EPA-HQ-OPP-2011-0184-0900,EPA-HQ-OPP-2011-0184,organizational,individual
EPA-HQ-OPP-2011-0184-0904,EPA-HQ-OPP-2011-0184,organizational,individual
EPA-HQ-OPP-2011-0184-0905,EPA-HQ-OPP-2011-0184,organizational,individual
EPA-HQ-OPP-2011-0184-0907,EPA-HQ-OPP-2011-0184,organizational,individual
EPA-HQ-OPP-2011-0184-0908,EPA-HQ-OPP-2011-0184,organizational,individual
EPA-HQ-OPP-2011-0184-0910,EPA-HQ-OPP-2011-0184,organizational,individual
EPA-HQ-OPP-2011-0184-0912,EPA-HQ-OPP-2011-0184,organizational,individual
EPA-HQ-OPP-2011-0184-0913,EPA-HQ-OPP-2011-0184,organizational,individual
EPA-HQ-OPP-2011-0184-0914,EPA-HQ-OPP-2011-0184,organizational,individual
EPA-HQ-OPP-2011-0184-0915,EPA-HQ-OPP-2011-0184,organizational,individual
EPA-HQ-OPP-2011-0184-0918,EPA-HQ-OPP-2011-0184,organizational,individual
EPA-HQ-OPP-2011-0184-0919,EPA-HQ-OPP-2011-0184,organizational,individual
EPA-HQ-OPP-2011-0184-0922,EPA-HQ-OPP-2011-0184,organizational,individual
EPA-HQ-OPP-2011-0184-0923,EPA-HQ-OPP-2011-0184,organizational,individual
EPA-HQ-OPP-2011-0184-0928,EPA-HQ-OPP-2011-0184,organizational,individual
EPA-HQ-OPP-2011-0184-0929,EPA-HQ-OPP-2011-0184,organizational,individual
EPA-HQ-OPP-2011-0184-0933,EPA-HQ-OPP-2011-0184,organizational,individual
EPA-HQ-OPP-2011-0184-0934,EPA-HQ-OPP-2011-0184,organizational,individual
EPA-HQ-OPP-2011-0184-0937,EPA-HQ-OPP-2011-0184,organizational,individual
EPA-HQ-OPP-2011-0184-0938,EPA-HQ-OPP-2011-0184,organizational,individual
EPA-HQ-OPP-2011-0184-0939,EPA-HQ-OPP-2011-0184,organizational,individual
EPA-HQ-OPP-2011-0184-0940,EPA-HQ-OPP-2011-0184,organizational,individual
EPA-HQ-OPP-2011-0184-0946,EPA-HQ-OPP-2011-0184,organizational,individual
EPA-HQ-OPP-2011-0184-0947,EPA-HQ-OPP-2011-0184,organizational,individual
EPA-HQ-OPP-2011-0184-0948,EPA-HQ-OPP-2011-0184,organizational,individual
EPA-HQ-OPP-2011-0184-0949,EPA-HQ-OPP-2011-0184,organizational,individual
EPA-HQ-OPP-2011-0184-0950,EPA-HQ-OPP-2011-0184,organizational,individual
EPA-HQ-OPP-2011-0184-0959,EPA-HQ-OPP-2011-0184,individual,individual
EPA-HQ-OPP-2011-0184-0963,EPA-HQ-OPP-2011-0184,organizational,individual
EPA-HQ-OPP-2011-0184-0964,EPA-HQ-OPP-2011-0184,organizational,individual
EPA-HQ-OPP-2011-0184-0965,EPA-HQ-OPP-2011-0184,organizational,individual
EPA-HQ-OPP-2011-0184-0966,EPA-HQ-OPP-2011-0184,organizational,individual
EPA-HQ-OPP-2011-0184-0970,EPA-HQ-OPP-2011-0184,organizational,individual
EPA-HQ-OPP-2011-0184-0973,EPA-HQ-OPP-2011-0184,organizational,individual
EPA-HQ-OPP-2011-0184-0974,EPA-HQ-OPP-2011-0184,organizational,individual
EPA-HQ-OPP-2011-0184-0977,EPA-HQ-OPP-2011-0184,organizational,individual
EPA-HQ-OPP-2011-0184-0979,EPA-HQ-OPP-2011-0184,organizational,individual
EPA-HQ-OPP-2011-0184-0980,EPA-HQ-OPP-2011-0184,organizational,individual
EPA-HQ-OPP-2011-0184-0983,EPA-HQ-OPP-2011-0184,organizational,individual
EPA-HQ-OPP-2011-0184-0984,EPA-HQ-OPP-2011-0184,organizational,individual
EPA-HQ-OPP-2011-0184-0989,EPA-HQ-OPP-2011-0184,organizational,individual
EPA-HQ-OPP-2011-0184-0990,EPA-HQ-OPP-2011-0184,organizational,individual
EPA-HQ-OPP-2011-0184-0991,EPA-HQ-OPP-2011-0184,organizational,individual
EPA-HQ-OPP-2011-0184-0992,EPA-HQ-OPP-2011-0184,organizational,individual
EPA-HQ-OPP-2011-0184-0994,EPA-HQ-OPP-2011-0184,individual,individual
EPA-HQ-OPP-2011-0184-0997,EPA-HQ-OPP-2011-0184,organizational,individual
EPA-HQ-OPP-2011-0184-0999,EPA-HQ-OPP-2011-0184,organizational,individual
EPA-HQ-OPP-2011-0184-1000,EPA-HQ-OPP-2011-0184,organizational,individual
EPA-HQ-OPP-2011-0184-1005,EPA-HQ-OPP-2011-0184,organizational,individual
EPA-HQ-OPP-2011-0184-1006,EPA-HQ-OPP-2011-0184,organizational,individual
EPA-HQ-OPP-2011-0184-1008,EPA-HQ-OPP-2011-0184,organizational,individual
EPA-HQ-OPP-2011-0184-1012,EPA-HQ-OPP-2011-0184,organizational,individual
EPA-HQ-OPP-2011-0184-1013,EPA-HQ-OPP-2011-0184,organizational,individual
EPA-HQ-OPP-2011-0184-1014,EPA-HQ-OPP-2011-0184,organizational,individual
EPA-HQ-OPP-2011-0184-1015,EPA-HQ-OPP-2011-0184,organizational,individual
EPA-HQ-OPP-2011-0184-1019,EPA-HQ-OPP-2011-0184,individual,individual
EPA-HQ-OPP-2011-0184-1024,EPA-HQ-OPP-2011-0184,individual,individual
EPA-HQ-OPP-2011-0184-1034,EPA-HQ-OPP-2011-0184,organizational,individual
EPA-HQ-OPP-2011-0184-1035,EPA-HQ-OPP-2011-0184,organizational,individual
EPA-HQ-OPP-2011-0184-1036,EPA-HQ-OPP-2011-0184,organizational,individual
EPA-HQ-OPP-2011-0184-1037,EPA-HQ-OPP-2011-0184,organizational,individual
EPA-HQ-OPP-2011-0184-1038,EPA-HQ-OPP-2011-0184,organizational,individual
EPA-HQ-OPP-2011-0184-1044,EPA-HQ-OPP-2011-0184,organizational,individual
EPA-HQ-OPP-2011-0184-1046,EPA-HQ-OPP-2011-0184,organizational,individual
EPA-HQ-OPP-2011-0184-1047,EPA-HQ-OPP-2011-0184,organizational,individual
EPA-HQ-OPP-2011-0184-1049,EPA-HQ-OPP-2011-0184,organizational,individual
EPA-HQ-OPP-2011-0184-1051,EPA-HQ-OPP-2011-0184,organizational,individual
EPA-HQ-OPP-2011-0184-1052,EPA-HQ-OPP-2011-0184,organizational,individual
EPA-HQ-OPP-2011-0184-1054,EPA-HQ-OPP-2011-0184,organizational,individual
EPA-HQ-OPP-2011-0184-1055,EPA-HQ-OPP-2011-0184,organizational,individual
EPA-HQ-OPP-2011-0184-1056,EPA-HQ-OPP-2011-0184,organizational,individual
EPA-HQ-OPP-2011-0184-1060,EPA-HQ-OPP-2011-0184,organizational,individual
EPA-HQ-OPP-2011-0184-1062,EPA-HQ-OPP-2011-0184,organizational,individual
EPA-HQ-OPP-2011-0184-1064,EPA-HQ-OPP-2011-0184,organizational,individual
EPA-HQ-OPP-2011-0184-1065,EPA-HQ-OPP-2011-0184,organizational,individual
EPA-HQ-OPP-2011-0184-1066,EPA-HQ-OPP-2011-0184,organizational,individual
EPA-HQ-OPP-2011-0184-1068,EPA-HQ-OPP-2011-0184,organizational,individual
EPA-HQ-OPP-2011-0184-1070,EPA-HQ-OPP-2011-0184,organizational,individual
EPA-HQ-OPP-2011-0184-1074,EPA-HQ-OPP-2011-0184,organizational,individual
EPA-HQ-OPP-2011-0184-1076,EPA-HQ-OPP-2011-0184,organizational,individual
EPA-HQ-OPP-2011-0184-1077,EPA-HQ-OPP-2011-0184,organizational,individual
EPA-HQ-OPP-2011-0184-1078,EPA-HQ-OPP-2011-0184,organizational,individual
EPA-HQ-OPP-2011-0184-1081,EPA-HQ-OPP-2011-0184,organizational,individual
EPA-HQ-OPP-2011-0184-1084,EPA-HQ-OPP-2011-0184,individual,individual
EPA-HQ-OPP-2011-0184-1085,EPA-HQ-OPP-2011-0184,organizational,individual
EPA-HQ-OPP-2011-0184-1086,EPA-HQ-OPP-2011-0184,organizational,individual
EPA-HQ-OPP-2011-0184-1096,EPA-HQ-OPP-2011-0184,organizational,individual
EPA-HQ-OPP-2011-0184-1098,EPA-HQ-OPP-2011-0184,organizational,individual
EPA-HQ-OPP-2011-0184-1103,EPA-HQ-OPP-2011-0184,individual,individual
EPA-HQ-OPP-2011-0184-1104,EPA-HQ-OPP-2011-0184,organizational,individual
EPA-HQ-OPP-2011-0184-1105,EPA-HQ-OPP-2011-0184,individual,individual
EPA-HQ-OPP-2011-0184-1107,EPA-HQ-OPP-2011-0184,organizational,individual
EPA-HQ-OPP-2011-0184-1111,EPA-HQ-OPP-2011-0184,individual,individual
EPA-HQ-OPP-2011-0184-1112,EPA-HQ-OPP-2011-0184,organizational,individual
EPA-HQ-OPP-2011-0184-1114,EPA-HQ-OPP-2011-0184,organizational,individual
EPA-HQ-OPP-2011-0184-1115,EPA-HQ-OPP-2011-0184,organizational,individual
EPA-HQ-OPP-2011-0184-1116,EPA-HQ-OPP-2011-0184,organizational,individual
EPA-HQ-OPP-2011-0184-1117,EPA-HQ-OPP-2011-0184,organizational,individual
EPA-HQ-OPP-2011-0184-1118,EPA-HQ-OPP-2011-0184,organizational,individual
EPA-HQ-OPP-2011-0184-1119,EPA-HQ-OPP-2011-0184,organizational,individual
EPA-HQ-OPP-2011-0184-1121,EPA-HQ-OPP-2011-0184,organizational,individual
EPA-HQ-OPP-2011-0184-1124,EPA-HQ-OPP-2011-0184,organizational,individual
EPA-HQ-OPP-2011-0184-1130,EPA-HQ-OPP-2011-0184,organizational,individual
EPA-HQ-OPP-2011-0184-1133,EPA-HQ-OPP-2011-0184,organizational,individual
EPA-HQ-OPP-2011-0184-1135,EPA-HQ-OPP-2011-0184,organizational,individual
EPA-HQ-OPP-2011-0184-1136,EPA-HQ-OPP-2011-0184,organizational,individual
EPA-HQ-OPP-2011-0184-1137,EPA-HQ-OPP-2011-0184,organizational,individual
EPA-HQ-OPP-2011-0184-1138,EPA-HQ-OPP-2011-0184,organizational,individual
EPA-HQ-OPP-2011-0184-1141,EPA-HQ-OPP-2011-0184,organizational,individual
EPA-HQ-OPP-2011-0184-1142,EPA-HQ-OPP-2011-0184,organizational,individual
EPA-HQ-OPP-2011-0184-1144,EPA-HQ-OPP-2011-0184,organizational,individual
EPA-HQ-OPP-2011-0184-1147,EPA-HQ-OPP-2011-0184,organizational,individual
EPA-HQ-OPP-2011-0184-1148,EPA-HQ-OPP-2011-0184,individual,individual
EPA-HQ-OPP-2011-0184-1149,EPA-HQ-OPP-2011-0184,individual,individual
EPA-HQ-OPP-2011-0184-1150,EPA-HQ-OPP-2011-0184,individual,individual
EPA-HQ-OPP-2011-0184-1151,EPA-HQ-OPP-2011-0184,individual,individual
EPA-HQ-OPP-2011-0184-1152,EPA-HQ-OPP-2011-0184,organizational,individual
EPA-HQ-OPP-2011-0184-1153,EPA-HQ-OPP-2011-0184,individual,individual
EPA-HQ-OPP-2011-0184-1154,EPA-HQ-OPP-2011-0184,individual,individual
EPA-HQ-OPP-2011-0184-1155,EPA-HQ-OPP-2011-0184,individual,individual
EPA-HQ-OPP-2011-0184-1157,EPA-HQ-OPP-2011-0184,individual,individual
EPA-HQ-OPP-2011-0184-1159,EPA-HQ-OPP-2011-0184,individual,individual
EPA-HQ-OPP-2011-0184-1164,EPA-HQ-OPP-2011-0184,organizational,individual
EPA-HQ-OPP-2011-0184-1166,EPA-HQ-OPP-2011-0184,organizational,individual
EPA-HQ-OPP-2011-0184-1168,EPA-HQ-OPP-2011-0184,organizational,individual
EPA-HQ-OPP-2011-0184-1170,EPA-HQ-OPP-2011-0184,organizational,individual
EPA-HQ-OPP-2011-0184-1173,EPA-HQ-OPP-2011-0184,individual,individual
EPA-HQ-OPP-2011-0184-1174,EPA-HQ-OPP-2011-0184,individual,individual
EPA-HQ-OPP-2011-0184-1176,EPA-HQ-OPP-2011-0184,individual,organizational
EPA-HQ-OPP-2011-0184-1182,EPA-HQ-OPP-2011-0184,organizational,individual
EPA-HQ-OPP-2011-0184-1183,EPA-HQ-OPP-2011-0184,organizational,individual
EPA-HQ-OPP-2011-0184-1184,EPA-HQ-OPP-2011-0184,organizational,individual
EPA-HQ-OPP-2011-0184-1185,EPA-HQ-OPP-2011-0184,organizational,individual
EPA-HQ-OPP-2011-0184-1186,EPA-HQ-OPP-2011-0184,organizational,individual
EPA-HQ-OPP-2011-0184-1187,EPA-HQ-OPP-2011-0184,individual,individual
EPA-HQ-OPP-2011-0184-1188,EPA-HQ-OPP-2011-0184,organizational,individual
EPA-HQ-OPP-2011-0184-1190,EPA-HQ-OPP-2011-0184,organizational,individual
EPA-HQ-OPP-2011-0184-1194,EPA-HQ-OPP-2011-0184,organizational,individual
EPA-HQ-OPP-2011-0184-1195,EPA-HQ-OPP-2011-0184,organizational,individual
EPA-HQ-OPP-2011-0184-1196,EPA-HQ-OPP-2011-0184,organizational,individual
EPA-HQ-OPP-2011-0184-1199,EPA-HQ-OPP-2011-0184,organizational,individual
EPA-HQ-OPP-2011-0184-1200,EPA-HQ-OPP-2011-0184,organizational,individual
EPA-HQ-OPP-2011-0184-1203,EPA-HQ-OPP-2011-0184,organizational,individual
EPA-HQ-OPP-2011-0184-1204,EPA-HQ-OPP-2011-0184,organizational,individual
EPA-HQ-OPP-2011-0184-1205,EPA-HQ-OPP-2011-0184,organizational,individual
EPA-HQ-OPP-2011-0184-1206,EPA-HQ-OPP-2011-0184,organizational,individual
EPA-HQ-OPP-2011-0184-1208,EPA-HQ-OPP-2011-0184,organizational,individual
EPA-HQ-OPP-2011-0184-1209,EPA-HQ-OPP-2011-0184,individual,individual
EPA-HQ-OPP-2011-0184-1210,EPA-HQ-OPP-2011-0184,organizational,individual
EPA-HQ-OPP-2011-0184-1214,EPA-HQ-OPP-2011-0184,organizational,individual
EPA-HQ-OPP-2011-0184-1215,EPA-HQ-OPP-2011-0184,organizational,individual
EPA-HQ-OPP-2011-0184-1216,EPA-HQ-OPP-2011-0184,organizational,individual
EPA-HQ-OPP-2011-0184-1218,EPA-HQ-OPP-2011-0184,individual,individual
EPA-HQ-OPP-2011-0184-1220,EPA-HQ-OPP-2011-0184,organizational,individual
EPA-HQ-OPP-2011-0184-1221,EPA-HQ-OPP-2011-0184,organizational,individual
EPA-HQ-OPP-2011-0184-1223,EPA-HQ-OPP-2011-0184,individual,individual
EPA-HQ-OPP-2011-0184-1224,EPA-HQ-OPP-2011-0184,individual,individual
EPA-HQ-OPP-2011-0184-1226,EPA-HQ-OPP-2011-0184,individual,individual
EPA-HQ-OPP-2011-0184-1227,EPA-HQ-OPP-2011-0184,organizational,individual
EPA-HQ-OPP-2011-0184-1228,EPA-HQ-OPP-2011-0184,individual,individual
EPA-HQ-OPP-2011-0184-1230,EPA-HQ-OPP-2011-0184,organizational,individual
EPA-HQ-OPP-2011-0184-1231,EPA-HQ-OPP-2011-0184,individual,individual
EPA-HQ-OPP-2011-0184-1232,EPA-HQ-OPP-2011-0184,individual,individual
EPA-HQ-OPP-2011-0184-1233,EPA-HQ-OPP-2011-0184,organizational,individual
EPA-HQ-OPP-2011-0184-1234,EPA-HQ-OPP-2011-0184,individual,individual
EPA-HQ-OPP-2011-0184-1235,EPA-HQ-OPP-2011-0184,organizational,individual
EPA-HQ-OPP-2011-0184-1239,EPA-HQ-OPP-2011-0184,organizational,individual
EPA-HQ-OPP-2011-0184-1240,EPA-HQ-OPP-2011-0184,individual,individual
EPA-HQ-OPP-2011-0184-1241,EPA-HQ-OPP-2011-0184,individual,individual
EPA-HQ-OPP-2011-0184-1242,EPA-HQ-OPP-2011-0184,individual,individual
EPA-HQ-OPP-2011-0184-1243,EPA-HQ-OPP-2011-0184,individual,individual
EPA-HQ-OPP-2011-0184-1244,EPA-HQ-OPP-2011-0184,individual,individual
EPA-HQ-OPP-2011-0184-1245,EPA-HQ-OPP-2011-0184,organizational,individual
EPA-HQ-OPP-2011-0184-1246,EPA-HQ-OPP-2011-0184,individual,individual
EPA-HQ-OPP-2011-0184-1248,EPA-HQ-OPP-2011-0184,individual,individual
EPA-HQ-OPP-2011-0184-1249,EPA-HQ-OPP-2011-0184,individual,individual
EPA-HQ-OPP-2011-0184-1250,EPA-HQ-OPP-2011-0184,organizational,individual
EPA-HQ-OPP-2011-0184-1251,EPA-HQ-OPP-2011-0184,organizational,individual
EPA-HQ-OPP-2011-0184-1252,EPA-HQ-OPP-2011-0184,organizational,individual
EPA-HQ-OPP-2011-0184-1253,EPA-HQ-OPP-2011-0184,organizational,individual
EPA-HQ-OPP-2011-0184-1254,EPA-HQ-OPP-2011-0184,organizational,individual
EPA-HQ-OPP-2011-0184-1256,EPA-HQ-OPP-2011-0184,organizational,individual
EPA-HQ-OPP-2011-0184-1259,EPA-HQ-OPP-2011-0184,organizational,individual
EPA-HQ-OPP-2011-0184-1261,EPA-HQ-OPP-2011-0184,organizational,individual
EPA-HQ-OPP-2011-0184-1262,EPA-HQ-OPP-2011-0184,organizational,individual
EPA-HQ-OPP-2011-0184-1267,EPA-HQ-OPP-2011-0184,individual,individual
EPA-HQ-OPP-2011-0184-1269,EPA-HQ-OPP-2011-0184,individual,individual
EPA-HQ-OPP-2011-0184-1270,EPA-HQ-OPP-2011-0184,individual,individual
EPA-HQ-OPP-2011-0184-1272,EPA-HQ-OPP-2011-0184,individual,individual
EPA-HQ-OPP-2011-0184-1274,EPA-HQ-OPP-2011-0184,individual,individual
EPA-HQ-OPP-2011-0184-1277,EPA-HQ-OPP-2011-0184,individual,individual
EPA-HQ-OPP-2011-0184-1279,EPA-HQ-OPP-2011-0184,organizational,individual
EPA-HQ-OPP-2011-0184-1280,EPA-HQ-OPP-2011-0184,organizational,individual
EPA-HQ-OPP-2011-0184-1281,EPA-HQ-OPP-2011-0184,organizational,individual
EPA-HQ-OPP-2011-0184-1283,EPA-HQ-OPP-2011-0184,organizational,individual
EPA-HQ-OPP-2011-0184-1284,EPA-HQ-OPP-2011-0184,organizational,individual
EPA-HQ-OPP-2011-0184-1285,EPA-HQ-OPP-2011-0184,organizational,individual
EPA-HQ-OPP-2011-0184-1286,EPA-HQ-OPP-2011-0184,organizational,individual
EPA-HQ-OPP-2011-0184-1287,EPA-HQ-OPP-2011-0184,organizational,individual
EPA-HQ-OPP-2011-0184-1290,EPA-HQ-OPP-2011-0184,organizational,individual
EPA-HQ-OPP-2011-0184-1291,EPA-HQ-OPP-2011-0184,organizational,individual
EPA-HQ-OPP-2011-0184-1295,EPA-HQ-OPP-2011-0184,organizational,individual
EPA-HQ-OPP-2011-0184-1299,EPA-HQ-OPP-2011-0184,individual,individual
EPA-HQ-OPP-2011-0184-1300,EPA-HQ-OPP-2011-0184,organizational,individual
EPA-HQ-OPP-2011-0184-1301,EPA-HQ-OPP-2011-0184,organizational,individual
EPA-HQ-OPP-2011-0184-1302,EPA-HQ-OPP-2011-0184,organizational,individual
EPA-HQ-OPP-2011-0184-1303,EPA-HQ-OPP-2011-0184,organizational,individual
EPA-HQ-OPP-2011-0184-1307,EPA-HQ-OPP-2011-0184,organizational,individual
EPA-HQ-OPP-2011-0184-1312,EPA-HQ-OPP-2011-0184,organizational,individual
EPA-HQ-OPP-2011-0184-1313,EPA-HQ-OPP-2011-0184,organizational,individual
EPA-HQ-OPP-2011-0184-1314,EPA-HQ-OPP-2011-0184,organizational,individual
EPA-HQ-OPP-2011-0184-1315,EPA-HQ-OPP-2011-0184,organizational,individual
EPA-HQ-OPP-2011-0184-1316,EPA-HQ-OPP-2011-0184,individual,individual
EPA-HQ-OPP-2011-0184-1317,EPA-HQ-OPP-2011-0184,individual,individual
EPA-HQ-OPP-2011-0184-1319,EPA-HQ-OPP-2011-0184,organizational,individual
EPA-HQ-OPP-2011-0184-1323,EPA-HQ-OPP-2011-0184,individual,individual
EPA-HQ-OPP-2011-0184-1325,EPA-HQ-OPP-2011-0184,organizational,individual
EPA-HQ-OPP-2011-0184-1326,EPA-HQ-OPP-2011-0184,organizational,individual
EPA-HQ-OPP-2011-0184-1327,EPA-HQ-OPP-2011-0184,individual,individual
EPA-HQ-OPP-2011-0184-1333,EPA-HQ-OPP-2011-0184,organizational,individual
EPA-HQ-OPP-2011-0184-1334,EPA-HQ-OPP-2011-0184,organizational,individual
EPA-HQ-OPP-2011-0184-1343,EPA-HQ-OPP-2011-0184,individual,individual
EPA-HQ-OPP-2011-0184-1345,EPA-HQ-OPP-2011-0184,organizational,individual
EPA-HQ-OPP-2011-0184-1347,EPA-HQ-OPP-2011-0184,organizational,individual
EPA-HQ-OPP-2011-0184-1350,EPA-HQ-OPP-2011-0184,organizational,individual
EPA-HQ-OPP-2011-0184-1354,EPA-HQ-OPP-2011-0184,organizational,individual
EPA-HQ-OPP-2011-0184-1356,EPA-HQ-OPP-2011-0184,organizational,individual
EPA-HQ-OPP-2011-0184-1360,EPA-HQ-OPP-2011-0184,organizational,individual
EPA-HQ-OPP-2011-0184-1361,EPA-HQ-OPP-2011-0184,organizational,individual
EPA-HQ-OPP-2011-0184-1366,EPA-HQ-OPP-2011-0184,individual,individual
EPA-HQ-OPP-2011-0184-1367,EPA-HQ-OPP-2011-0184,individual,individual
EPA-HQ-OPP-2011-0184-1368,EPA-HQ-OPP-2011-0184,organizational,individual
EPA-HQ-OPP-2011-0184-1369,EPA-HQ-OPP-2011-0184,organizational,individual
EPA-HQ-OPP-2011-0184-1370,EPA-HQ-OPP-2011-0184,individual,individual
EPA-HQ-OPP-2011-0184-1373,EPA-HQ-OPP-2011-0184,individual,individual
EPA-HQ-OPP-2011-0184-1374,EPA-HQ-OPP-2011-0184,organizational,individual
EPA-HQ-OPP-2011-0184-1380,EPA-HQ-OPP-2011-0184,individual,individual
EPA-HQ-OPP-2011-0184-1386,EPA-HQ-OPP-2011-0184,individual,individual
EPA-HQ-OPP-2011-0184-1387,EPA-HQ-OPP-2011-0184,individual,individual
EPA-HQ-OPP-2011-0184-1388,EPA-HQ-OPP-2011-0184,individual,individual
EPA-HQ-OPP-2011-0184-1389,EPA-HQ-OPP-2011-0184,individual,individual
EPA-HQ-OPP-2011-0184-1390,EPA-HQ-OPP-2011-0184,individual,individual
EPA-HQ-OPP-2011-0184-1391,EPA-HQ-OPP-2011-0184,individual,individual
EPA-HQ-OPP-2011-0184-1392,EPA-HQ-OPP-2011-0184,individual,individual
EPA-HQ-OPP-2011-0184-1393,EPA-HQ-OPP-2011-0184,individual,individual
EPA-HQ-OPP-2011-0184-1394,EPA-HQ-OPP-2011-0184,individual,individual
EPA-HQ-OPP-2011-0184-1395,EPA-HQ-OPP-2011-0184,individual,individual
EPA-HQ-OPP-2011-0184-1396,EPA-HQ-OPP-2011-0184,individual,individual
EPA-HQ-OPP-2011-0184-1397,EPA-HQ-OPP-2011-0184,individual,individual
EPA-HQ-OPP-2011-0184-1398,EPA-HQ-OPP-2011-0184,individual,individual
EPA-HQ-OPP-2011-0184-1400,EPA-HQ-OPP-2011-0184,individual,individual
EPA-HQ-OPP-2011-0184-1407,EPA-HQ-OPP-2011-0184,organizational,individual
EPA-HQ-OPP-2011-0184-1414,EPA-HQ-OPP-2011-0184,individual,individual
EPA-HQ-OPP-2011-0184-1417,EPA-HQ-OPP-2011-0184,organizational,individual
EPA-HQ-OPP-2011-0184-1418,EPA-HQ-OPP-2011-0184,organizational,individual
EPA-HQ-OPP-2011-0184-1419,EPA-HQ-OPP-2011-0184,organizational,individual
EPA-HQ-OPP-2011-0184-1420,EPA-HQ-OPP-2011-0184,individual,individual
EPA-HQ-OPP-2011-0184-1425,EPA-HQ-OPP-2011-0184,organizational,individual
EPA-HQ-OPP-2011-0184-1428,EPA-HQ-OPP-2011-0184,organizational,individual
EPA-HQ-OPP-2011-0184-1429,EPA-HQ-OPP-2011-0184,organizational,individual
EPA-HQ-OPP-2011-0184-1433,EPA-HQ-OPP-2011-0184,organizational,individual
EPA-HQ-OPP-2011-0184-1435,EPA-HQ-OPP-2011-0184,organizational,individual
EPA-HQ-OPP-2011-0184-1439,EPA-HQ-OPP-2011-0184,organizational,individual
EPA-HQ-OPP-2011-0184-1444,EPA-HQ-OPP-2011-0184,organizational,individual
EPA-HQ-OPP-2011-0184-1449,EPA-HQ-OPP-2011-0184,organizational,individual
EPA-HQ-OPP-2011-0184-1453,EPA-HQ-OPP-2011-0184,organizational,individual
EPA-HQ-OPP-2011-0184-1458,EPA-HQ-OPP-2011-0184,individual,individual
EPA-HQ-OPP-2011-0184-1460,EPA-HQ-OPP-2011-0184,organizational,individual
EPA-HQ-OPP-2011-0184-1461,EPA-HQ-OPP-2011-0184,organizational,individual
EPA-HQ-OPP-2011-0184-1465,EPA-HQ-OPP-2011-0184,organizational,individual
EPA-HQ-OPP-2011-0184-1467,EPA-HQ-OPP-2011-0184,organizational,individual
EPA-HQ-OPP-2011-0184-1469,EPA-HQ-OPP-2011-0184,organizational,individual
EPA-HQ-OPP-2011-0184-1472,EPA-HQ-OPP-2011-0184,organizational,individual
EPA-HQ-OPP-2011-0184-1473,EPA-HQ-OPP-2011-0184,organizational,individual
EPA-HQ-OPP-2011-0184-1475,EPA-HQ-OPP-2011-0184,organizational,individual
EPA-HQ-OPP-2011-0184-1478,EPA-HQ-OPP-2011-0184,organizational,individual
EPA-HQ-OPP-2011-0184-1479,EPA-HQ-OPP-2011-0184,organizational,individual
EPA-HQ-OPP-2011-0184-1482,EPA-HQ-OPP-2011-0184,individual,individual
EPA-HQ-OPP-2011-0184-1483,EPA-HQ-OPP-2011-0184,individual,individual
EPA-HQ-OPP-2011-0184-1487,EPA-HQ-OPP-2011-0184,organizational,individual
EPA-HQ-OPP-2011-0184-1488,EPA-HQ-OPP-2011-0184,organizational,individual
EPA-HQ-OPP-2011-0184-1490,EPA-HQ-OPP-2011-0184,individual,individual
EPA-HQ-OPP-2011-0184-1491,EPA-HQ-OPP-2011-0184,individual,individual
EPA-HQ-OPP-2011-0184-1492,EPA-HQ-OPP-2011-0184,individual,individual
EPA-HQ-OPP-2011-0184-1493,EPA-HQ-OPP-2011-0184,individual,individual
EPA-HQ-OPP-2011-0184-1494,EPA-HQ-OPP-2011-0184,individual,individual
EPA-HQ-OPP-2011-0184-1495,EPA-HQ-OPP-2011-0184,individual,individual
EPA-HQ-OPP-2011-0184-1503,EPA-HQ-OPP-2011-0184,organizational,individual
EPA-HQ-OPP-2011-0184-1505,EPA-HQ-OPP-2011-0184,organizational,individual
EPA-HQ-OPP-2011-0184-1508,EPA-HQ-OPP-2011-0184,individual,organizational
EPA-HQ-OPP-2011-0184-1509,EPA-HQ-OPP-2011-0184,individual,individual
EPA-HQ-OPP-2011-0184-1513,EPA-HQ-OPP-2011-0184,organizational,individual
EPA-HQ-OPP-2011-0184-1519,EPA-HQ-OPP-2011-0184,organizational,individual
EPA-HQ-OPP-2011-0184-1539,EPA-HQ-OPP-2011-0184,organizational,individual
EPA-HQ-OPP-2011-0184-1554,EPA-HQ-OPP-2011-0184,individual,individual
EPA-HQ-OPP-2011-0184-1561,EPA-HQ-OPP-2011-0184,organizational,individual
EPA-HQ-OPP-2011-0184-1562,EPA-HQ-OPP-2011-0184,individual,individual
EPA-HQ-OPP-2011-0184-1564,EPA-HQ-OPP-2011-0184,organizational,individual
EPA-HQ-OPP-2011-0184-1568,EPA-HQ-OPP-2011-0184,organizational,individual
EPA-HQ-OPP-2011-0184-1574,EPA-HQ-OPP-2011-0184,organizational,individual
EPA-HQ-OPP-2011-0184-1576,EPA-HQ-OPP-2011-0184,organizational,individual
EPA-HQ-OPP-2011-0184-1582,EPA-HQ-OPP-2011-0184,organizational,individual
EPA-HQ-OPP-2011-0184-1590,EPA-HQ-OPP-2011-0184,individual,individual
EPA-HQ-OPP-2011-0184-1593,EPA-HQ-OPP-2011-0184,individual,individual
EPA-HQ-OPP-2011-0184-1594,EPA-HQ-OPP-2011-0184,individual,individual
EPA-HQ-OPP-2011-0184-1595,EPA-HQ-OPP-2011-0184,individual,individual
EPA-HQ-OPP-2011-0184-1596,EPA-HQ-OPP-2011-0184,individual,individual
EPA-HQ-OPP-2011-0184-1597,EPA-HQ-OPP-2011-0184,individual,individual
EPA-HQ-OPP-2011-0184-1598,EPA-HQ-OPP-2011-0184,individual,individual
EPA-HQ-OPP-2011-0184-1603,EPA-HQ-OPP-2011-0184,individual,individual
EPA-HQ-OPP-2011-0184-1604,EPA-HQ-OPP-2011-0184,individual,individual
EPA-HQ-OPP-2011-0184-1605,EPA-HQ-OPP-2011-0184,individual,individual
EPA-HQ-OPP-2011-0184-1610,EPA-HQ-OPP-2011-0184,individual,individual
EPA-HQ-OPP-2011-0184-1613,EPA-HQ-OPP-2011-0184,organizational,individual
EPA-HQ-OPP-2011-0184-1615,EPA-HQ-OPP-2011-0184,organizational,individual
EPA-HQ-OPP-2011-0184-1616,EPA-HQ-OPP-2011-0184,organizational,individual
EPA-HQ-OPP-2011-0184-1617,EPA-HQ-OPP-2011-0184,organizational,individual
EPA-HQ-OPP-2011-0184-1619,EPA-HQ-OPP-2011-0184,organizational,individual
EPA-HQ-OPP-2011-0184-1622,EPA-HQ-OPP-2011-0184,individual,individual
EPA-HQ-OPP-2011-0184-1623,EPA-HQ-OPP-2011-0184,organizational,individual
EPA-HQ-OPP-2011-0184-1624,EPA-HQ-OPP-2011-0184,organizational,individual
EPA-HQ-OPP-2011-0184-1625,EPA-HQ-OPP-2011-0184,individual,individual
EPA-HQ-OPP-2011-0184-1629,EPA-HQ-OPP-2011-0184,organizational,individual
EPA-HQ-OPP-2011-0184-1649,EPA-HQ-OPP-2011-0184,organizational,individual
EPA-HQ-OPP-2011-0184-1652,EPA-HQ-OPP-2011-0184,organizational,individual
EPA-HQ-OPP-2011-0184-1666,EPA-HQ-OPP-2011-0184,organizational,individual
EPA-HQ-OPP-2011-0184-1667,EPA-HQ-OPP-2011-0184,organizational,individual
EPA-HQ-OPP-2011-0184-1669,EPA-HQ-OPP-2011-0184,organizational,individual
EPA-HQ-OPP-2011-0184-1680,EPA-HQ-OPP-2011-0184,organizational,individual
EPA-HQ-OPP-2011-0184-1684,EPA-HQ-OPP-2011-0184,organizational,individual
EPA-HQ-OPP-2011-0184-1689,EPA-HQ-OPP-2011-0184,organizational,individual
EPA-HQ-OPP-2011-0184-1699,EPA-HQ-OPP-2011-0184,organizational,individual
EPA-HQ-OPP-2011-0184-1704,EPA-HQ-OPP-2011-0184,organizational,individual
EPA-HQ-OPP-2011-0184-1712,EPA-HQ-OPP-2011-0184,organizational,individual
EPA-HQ-OPP-2011-0184-1713,EPA-HQ-OPP-2011-0184,organizational,individual
EPA-HQ-OPP-2011-0184-1726,EPA-HQ-OPP-2011-0184,individual,individual
EPA-HQ-OPP-2011-0184-1727,EPA-HQ-OPP-2011-0184,organizational,individual
EPA-HQ-OPP-2011-0184-1728,EPA-HQ-OPP-2011-0184,organizational,individual
EPA-HQ-OPP-2011-0184-1730,EPA-HQ-OPP-2011-0184,organizational,individual
EPA-HQ-OPP-2011-0184-1737,EPA-HQ-OPP-2011-0184,organizational,individual
EPA-HQ-OPP-2011-0184-1748,EPA-HQ-OPP-2011-0184,organizational,individual
EPA-HQ-OPP-2011-0184-1751,EPA-HQ-OPP-2011-0184,organizational,individual
EPA-HQ-OPP-2011-0184-1753,EPA-HQ-OPP-2011-0184,organizational,individual
EPA-HQ-OPP-2011-0184-1760,EPA-HQ-OPP-2011-0184,organizational,individual
EPA-HQ-OPP-2011-0184-1761,EPA-HQ-OPP-2011-0184,organizational,individual
EPA-HQ-OPP-2011-0184-1772,EPA-HQ-OPP-2011-0184,individual,individual
EPA-HQ-OPP-2011-0184-1773,EPA-HQ-OPP-2011-0184,organizational,individual
EPA-HQ-OPP-2011-0184-1776,EPA-HQ-OPP-2011-0184,individual,individual
EPA-HQ-OPP-2011-0184-1777,EPA-HQ-OPP-2011-0184,individual,individual
EPA-HQ-OPP-2011-0184-1782,EPA-HQ-OPP-2011-0184,organizational,individual
EPA-HQ-OPP-2011-0184-1784,EPA-HQ-OPP-2011-0184,organizational,individual
EPA-HQ-OPP-2011-0184-1792,EPA-HQ-OPP-2011-0184,organizational,individual
EPA-HQ-OPP-2011-0184-1803,EPA-HQ-OPP-2011-0184,individual,individual
EPA-HQ-OPP-2011-0184-1804,EPA-HQ-OPP-2011-0184,organizational,individual
EPA-HQ-OPP-2011-0184-1812,EPA-HQ-OPP-2011-0184,organizational,individual
EPA-HQ-OPP-2011-0184-1817,EPA-HQ-OPP-2011-0184,individual,organizational
EPA-HQ-OPP-2011-0184-1818,EPA-HQ-OPP-2011-0184,individual,individual
EPA-HQ-OPP-2011-0184-1820,EPA-HQ-OPP-2011-0184,individual,individual
EPA-HQ-OPP-2011-0184-1822,EPA-HQ-OPP-2011-0184,individual,individual
EPA-HQ-OPP-2011-0184-1853,EPA-HQ-OPP-2011-0184,organizational,individual
EPA-HQ-OPP-2011-0184-1854,EPA-HQ-OPP-2011-0184,individual,individual
EPA-HQ-OPP-2011-0184-1857,EPA-HQ-OPP-2011-0184,organizational,individual
EPA-HQ-OPP-2011-0184-1859,EPA-HQ-OPP-2011-0184,organizational,individual
EPA-HQ-OPP-2011-0184-1860,EPA-HQ-OPP-2011-0184,organizational,individual
EPA-HQ-OPP-2011-0184-1861,EPA-HQ-OPP-2011-0184,organizational,individual
EPA-HQ-OPP-2011-0184-1863,EPA-HQ-OPP-2011-0184,individual,individual
EPA-HQ-OPP-2011-0184-1866,EPA-HQ-OPP-2011-0184,individual,individual
EPA-HQ-OPP-2011-0184-1867,EPA-HQ-OPP-2011-0184,organizational,individual
EPA-HQ-OPP-2011-0184-1868,EPA-HQ-OPP-2011-0184,organizational,individual
EPA-HQ-OPP-2011-0184-1877,EPA-HQ-OPP-2011-0184,individual,individual
EPA-HQ-OPP-2011-0184-1878,EPA-HQ-OPP-2011-0184,individual,individual
EPA-HQ-OPP-2011-0184-1905,EPA-HQ-OPP-2011-0184,organizational,individual
EPA-HQ-OPP-2011-0184-1906,EPA-HQ-OPP-2011-0184,organizational,individual
EPA-HQ-OPP-2011-0184-1909,EPA-HQ-OPP-2011-0184,organizational,individual
EPA-HQ-OPP-2011-0184-1911,EPA-HQ-OPP-2011-0184,organizational,individual
EPA-HQ-OPP-2011-0184-1913,EPA-HQ-OPP-2011-0184,organizational,individual
EPA-HQ-OPP-2011-0184-1916,EPA-HQ-OPP-2011-0184,organizational,individual
EPA-HQ-OPP-2011-0184-1921,EPA-HQ-OPP-2011-0184,organizational,individual
EPA-HQ-OPP-2011-0184-1925,EPA-HQ-OPP-2011-0184,organizational,individual
EPA-HQ-OPP-2011-0184-1928,EPA-HQ-OPP-2011-0184,organizational,individual
EPA-HQ-OPP-2011-0184-1930,EPA-HQ-OPP-2011-0184,organizational,individual
EPA-HQ-OPP-2011-0184-1932,EPA-HQ-OPP-2011-0184,organizational,individual
EPA-HQ-OPP-2011-0184-1936,EPA-HQ-OPP-2011-0184,individual,individual
EPA-HQ-OPP-2011-0184-1939,EPA-HQ-OPP-2011-0184,organizational,individual
EPA-HQ-OPP-2011-0184-1947,EPA-HQ-OPP-2011-0184,organizational,other
EPA-HQ-OPP-2011-0184-1957,EPA-HQ-OPP-2011-0184,organizational,individual
EPA-HQ-OPP-2011-0184-1962,EPA-HQ-OPP-2011-0184,individual,individual
EPA-HQ-OPP-2011-0184-1968,EPA-HQ-OPP-2011-0184,organizational,individual
EPA-HQ-OPP-2011-0184-1969,EPA-HQ-OPP-2011-0184,organizational,individual
EPA-HQ-OPP-2011-0184-1983,EPA-HQ-OPP-2011-0184,organizational,individual
EPA-HQ-OPP-2011-0184-1986,EPA-HQ-OPP-2011-0184,organizational,individual
EPA-HQ-OPP-2011-0184-1989,EPA-HQ-OPP-2011-0184,individual,individual
EPA-HQ-OPP-2011-0184-1993,EPA-HQ-OPP-2011-0184,organizational,individual
EPA-HQ-OPP-2011-0184-1997,EPA-HQ-OPP-2011-0184,organizational,individual
EPA-HQ-OPP-2011-0184-2011,EPA-HQ-OPP-2011-0184,organizational,individual
EPA-HQ-OPP-2011-0184-2015,EPA-HQ-OPP-2011-0184,organizational,individual
EPA-HQ-OPP-2011-0184-2022,EPA-HQ-OPP-2011-0184,organizational,individual
EPA-HQ-OPP-2011-0184-2023,EPA-HQ-OPP-2011-0184,organizational,individual
EPA-HQ-OPP-2011-0184-2027,EPA-HQ-OPP-2011-0184,organizational,individual
EPA-HQ-OPP-2011-0184-2028,EPA-HQ-OPP-2011-0184,organizational,individual
EPA-HQ-OPP-2011-0184-2031,EPA-HQ-OPP-2011-0184,organizational,individual
EPA-HQ-OPP-2011-0184-2032,EPA-HQ-OPP-2011-0184,organizational,individual
EPA-HQ-OPP-2011-0184-2035,EPA-HQ-OPP-2011-0184,organizational,individual
EPA-HQ-OPP-2011-0184-2036,EPA-HQ-OPP-2011-0184,organizational,individual
EPA-HQ-OPP-2011-0184-2039,EPA-HQ-OPP-2011-0184,organizational,individual
EPA-HQ-OPP-2011-0184-2040,EPA-HQ-OPP-2011-0184,organizational,individual
EPA-HQ-OPP-2011-0184-2045,EPA-HQ-OPP-2011-0184,organizational,individual
EPA-HQ-OPP-2011-0184-2047,EPA-HQ-OPP-2011-0184,organizational,individual
EPA-HQ-OPP-2011-0184-2054,EPA-HQ-OPP-2011-0184,organizational,individual
EPA-HQ-OPP-2011-0184-2055,EPA-HQ-OPP-2011-0184,individual,individual
EPA-HQ-OPP-2011-0184-2059,EPA-HQ-OPP-2011-0184,organizational,individual
EPA-HQ-OPP-2011-0184-2063,EPA-HQ-OPP-2011-0184,organizational,individual
EPA-HQ-OPP-2011-0184-2068,EPA-HQ-OPP-2011-0184,organizational,individual
EPA-HQ-OPP-2011-0184-2069,EPA-HQ-OPP-2011-0184,organizational,individual
EPA-HQ-OPP-2011-0184-2071,EPA-HQ-OPP-2011-0184,individual,individual
EPA-HQ-OPP-2011-0184-2073,EPA-HQ-OPP-2011-0184,organizational,individual
EPA-HQ-OPP-2011-0184-2088,EPA-HQ-OPP-2011-0184,organizational,individual
EPA-HQ-OPP-2011-0184-2090,EPA-HQ-OPP-2011-0184,individual,individual
EPA-HQ-OPP-2011-0184-2097,EPA-HQ-OPP-2011-0184,individual,individual
EPA-HQ-OPP-2011-0184-2099,EPA-HQ-OPP-2011-0184,individual,individual
EPA-HQ-OPP-2011-0184-2101,EPA-HQ-OPP-2011-0184,organizational,individual
EPA-HQ-OPP-2011-0184-2104,EPA-HQ-OPP-2011-0184,organizational,individual
EPA-HQ-OPP-2011-0184-2108,EPA-HQ-OPP-2011-0184,organizational,individual
EPA-HQ-OPP-2011-0184-2111,EPA-HQ-OPP-2011-0184,organizational,individual
EPA-HQ-OPP-2011-0184-2115,EPA-HQ-OPP-2011-0184,organizational,individual
EPA-HQ-OPP-2011-0184-2116,EPA-HQ-OPP-2011-0184,organizational,individual
EPA-HQ-OPP-2011-0184-2120,EPA-HQ-OPP-2011-0184,organizational,individual
EPA-HQ-OPP-2011-0184-2129,EPA-HQ-OPP-2011-0184,organizational,individual
EPA-HQ-OPP-2011-0184-2133,EPA-HQ-OPP-2011-0184,individual,individual
EPA-HQ-OPP-2011-0184-2136,EPA-HQ-OPP-2011-0184,organizational,individual
EPA-HQ-OPP-2011-0184-2141,EPA-HQ-OPP-2011-0184,individual,individual
EPA-HQ-OPP-2011-0184-2148,EPA-HQ-OPP-2011-0184,organizational,individual
EPA-HQ-OPP-2011-0184-2158,EPA-HQ-OPP-2011-0184,individual,individual
EPA-HQ-OPP-2011-0184-2160,EPA-HQ-OPP-2011-0184,individual,individual
EPA-HQ-OPP-2011-0184-2171,EPA-HQ-OPP-2011-0184,individual,individual
EPA-HQ-OPP-2011-0184-2184,EPA-HQ-OPP-2011-0184,individual,individual
EPA-HQ-OPP-2011-0184-2192,EPA-HQ-OPP-2011-0184,individual,individual
EPA-HQ-OPP-2011-0184-2193,EPA-HQ-OPP-2011-0184,individual,individual
EPA-HQ-OPP-2011-0184-2202,EPA-HQ-OPP-2011-0184,individual,organizational
EPA-HQ-OPP-2011-0184-2213,EPA-HQ-OPP-2011-0184,individual,organizational
EPA-HQ-OPP-2011-0184-2215,EPA-HQ-OPP-2011-0184,individual,individual
EPA-HQ-OPP-2011-0184-2230,EPA-HQ-OPP-2011-0184,individual,organizational
EPA-HQ-OPP-2011-0184-2233,EPA-HQ-OPP-2011-0184,individual,individual
EPA-HQ-OPP-2011-0184-2236,EPA-HQ-OPP-2011-0184,individual,organizational
EPA-HQ-OPP-2011-0184-2244,EPA-HQ-OPP-2011-0184,individual,organizational
EPA-HQ-OPP-2011-0184-2249,EPA-HQ-OPP-2011-0184,organizational,individual
EPA-HQ-OPP-2011-0184-2250,EPA-HQ-OPP-2011-0184,individual,organizational
EPA-HQ-OPP-2011-0184-2255,EPA-HQ-OPP-2011-0184,individual,organizational
EPA-HQ-OPP-2011-0184-2262,EPA-HQ-OPP-2011-0184,organizational,individual
EPA-HQ-OPP-2011-0184-2303,EPA-HQ-OPP-2011-0184,individual,individual
EPA-HQ-OPP-2011-0184-2307,EPA-HQ-OPP-2011-0184,individual,organizational
EPA-HQ-OPP-2011-0184-2331,EPA-HQ-OPP-2011-0184,organizational,individual
EPA-HQ-OPP-2011-0184-2334,EPA-HQ-OPP-2011-0184,individual,individual
EPA-HQ-OPP-2011-0184-2337,EPA-HQ-OPP-2011-0184,individual,individual
EPA-HQ-OPP-2011-0184-2338,EPA-HQ-OPP-2011-0184,organizational,individual
EPA-HQ-OPP-2011-0184-2339,EPA-HQ-OPP-2011-0184,individual,individual
EPA-HQ-OPP-2011-0184-2345,EPA-HQ-OPP-2011-0184,organizational,individual
EPA-HQ-OPP-2011-0184-2347,EPA-HQ-OPP-2011-0184,organizational,individual
EPA-HQ-OPP-2011-0184-2348,EPA-HQ-OPP-2011-0184,organizational,individual
EPA-HQ-OPP-2011-0184-2350,EPA-HQ-OPP-2011-0184,organizational,individual
EPA-HQ-OPP-2011-0184-2353,EPA-HQ-OPP-2011-0184,organizational,individual
EPA-HQ-OPP-2011-0184-2355,EPA-HQ-OPP-2011-0184,individual,individual
EPA-HQ-OPP-2011-0184-2357,EPA-HQ-OPP-2011-0184,organizational,individual
EPA-HQ-OPP-2011-0184-2359,EPA-HQ-OPP-2011-0184,organizational,individual
EPA-HQ-OPP-2011-0184-2362,EPA-HQ-OPP-2011-0184,organizational,individual
EPA-HQ-OPP-2011-0184-2365,EPA-HQ-OPP-2011-0184,organizational,individual
EPA-HQ-OPP-2011-0184-2366,EPA-HQ-OPP-2011-0184,organizational,individual
EPA-HQ-OPP-2011-0184-2368,EPA-HQ-OPP-2011-0184,organizational,other
EPA-HQ-OPP-2011-0184-2370,EPA-HQ-OPP-2011-0184,individual,individual
EPA-HQ-OPP-2011-0184-2375,EPA-HQ-OPP-2011-0184,individual,individual
EPA-HQ-OPP-2011-0184-2384,EPA-HQ-OPP-2011-0184,individual,individual
EPA-HQ-OPP-2011-0184-2387,EPA-HQ-OPP-2011-0184,individual,organizational
EPA-HQ-OPP-2011-0184-2396,EPA-HQ-OPP-2011-0184,organizational,individual
EPA-HQ-OPP-2011-0184-2399,EPA-HQ-OPP-2011-0184,organizational,other
EPA-HQ-OPP-2011-0184-2400,EPA-HQ-OPP-2011-0184,organizational,other
EPA-HQ-OPP-2011-0184-2401,EPA-HQ-OPP-2011-0184,organizational,other
EPA-HQ-OPP-2011-0184-2402,EPA-HQ-OPP-2011-0184,organizational,other
EPA-HQ-OPP-2011-0184-2403,EPA-HQ-OPP-2011-0184,organizational,organizational
EPA-HQ-OPP-2011-0184-2404,EPA-HQ-OPP-2011-0184,organizational,organizational
EPA-HQ-OPP-2011-0184-2429,EPA-HQ-OPP-2011-0184,individual,individual
EPA-HQ-OPP-2011-0184-2450,EPA-HQ-OPP-2011-0184,organizational,individual
EPA-HQ-OPP-2011-0184-2451,EPA-HQ-OPP-2011-0184,individual,individual
EPA-HQ-OPP-2011-0184-2466,EPA-HQ-OPP-2011-0184,individual,organizational
EPA-HQ-OPP-2011-0184-2479,EPA-HQ-OPP-2011-0184,individual,organizational
EPA-HQ-OPP-2011-0184-2489,EPA-HQ-OPP-2011-0184,organizational,individual
EPA-HQ-OPP-2011-0184-2490,EPA-HQ-OPP-2011-0184,organizational,individual
EPA-HQ-OW-2008-0667-3160,EPA-HQ-OW-2008-0667,individual,organizational
EPA-HQ-OW-2009-0596-3097,EPA-HQ-OW-2009-0596,organizational,individual
EPA-HQ-OW-2011-0880-0091,EPA-HQ-OW-2011-0880,organizational,other
EPA-HQ-OW-2011-0880-0153,EPA-HQ-OW-2011-0880,individual,other
EPA-HQ-OW-2011-0880-0665,EPA-HQ-OW-2011-0880,organizational,other
EPA-HQ-OW-2011-0880-0839,EPA-HQ-OW-2011-0880,organizational,individual
EPA-HQ-OW-2011-0880-0863,EPA-HQ-OW-2011-0880,organizational,individual
EPA-HQ-OW-2011-0880-0874,EPA-HQ-OW-2011-0880,individual,organizational
EPA-HQ-OW-2011-0880-0899,EPA-HQ-OW-2011-0880,individual,individual
EPA-HQ-OW-2011-0880-10424,EPA-HQ-OW-2011-0880,organizational,individual
EPA-HQ-OW-2011-0880-10425,EPA-HQ-OW-2011-0880,organizational,individual
EPA-HQ-OW-2011-0880-10426,EPA-HQ-OW-2011-0880,organizational,individual
EPA-HQ-OW-2011-0880-10641,EPA-HQ-OW-2011-0880,organizational,individual
EPA-HQ-OW-2011-0880-10644,EPA-HQ-OW-2011-0880,organizational,individual
EPA-HQ-OW-2011-0880-10645,EPA-HQ-OW-2011-0880,individual,individual
EPA-HQ-OW-2011-0880-10649,EPA-HQ-OW-2011-0880,individual,individual
EPA-HQ-OW-2011-0880-10653,EPA-HQ-OW-2011-0880,organizational,individual
EPA-HQ-OW-2011-0880-10654,EPA-HQ-OW-2011-0880,individual,individual
EPA-HQ-OW-2011-0880-10658,EPA-HQ-OW-2011-0880,organizational,individual
EPA-HQ-OW-2011-0880-10659,EPA-HQ-OW-2011-0880,individual,individual
EPA-HQ-OW-2011-0880-10661,EPA-HQ-OW-2011-0880,individual,individual
EPA-HQ-OW-2011-0880-10663,EPA-HQ-OW-2011-0880,organizational,individual
EPA-HQ-OW-2011-0880-10664,EPA-HQ-OW-2011-0880,organizational,individual
EPA-HQ-OW-2011-0880-10667,EPA-HQ-OW-2011-0880,individual,individual
EPA-HQ-OW-2011-0880-10670,EPA-HQ-OW-2011-0880,organizational,individual
EPA-HQ-OW-2011-0880-10675,EPA-HQ-OW-2011-0880,organizational,individual
EPA-HQ-OW-2011-0880-10703,EPA-HQ-OW-2011-0880,organizational,individual
EPA-HQ-OW-2011-0880-10704,EPA-HQ-OW-2011-0880,organizational,individual
EPA-HQ-OW-2011-0880-10705,EPA-HQ-OW-2011-0880,organizational,individual
EPA-HQ-OW-2011-0880-10707,EPA-HQ-OW-2011-0880,organizational,individual
EPA-HQ-OW-2011-0880-10709,EPA-HQ-OW-2011-0880,individual,individual
EPA-HQ-OW-2011-0880-10753,EPA-HQ-OW-2011-0880,organizational,individual
EPA-HQ-OW-2011-0880-10754,EPA-HQ-OW-2011-0880,individual,individual
EPA-HQ-OW-2011-0880-10755,EPA-HQ-OW-2011-0880,individual,organizational
EPA-HQ-OW-2011-0880-10757,EPA-HQ-OW-2011-0880,organizational,individual
EPA-HQ-OW-2011-0880-10758,EPA-HQ-OW-2011-0880,individual,individual
EPA-HQ-OW-2011-0880-10759,EPA-HQ-OW-2011-0880,organizational,individual
EPA-HQ-OW-2011-0880-10760,EPA-HQ-OW-2011-0880,individual,individual
EPA-HQ-OW-2011-0880-10761,EPA-HQ-OW-2011-0880,organizational,individual
EPA-HQ-OW-2011-0880-10763,EPA-HQ-OW-2011-0880,organizational,individual
EPA-HQ-OW-2011-0880-10764,EPA-HQ-OW-2011-0880,organizational,individual
EPA-HQ-OW-2011-0880-10765,EPA-HQ-OW-2011-0880,organizational,individual
EPA-HQ-OW-2011-0880-10768,EPA-HQ-OW-2011-0880,individual,individual
EPA-HQ-OW-2011-0880-10770,EPA-HQ-OW-2011-0880,individual,individual
EPA-HQ-OW-2011-0880-10776,EPA-HQ-OW-2011-0880,organizational,individual
EPA-HQ-OW-2011-0880-10777,EPA-HQ-OW-2011-0880,organizational,individual
EPA-HQ-OW-2011-0880-10780,EPA-HQ-OW-2011-0880,organizational,individual
EPA-HQ-OW-2011-0880-10782,EPA-HQ-OW-2011-0880,individual,individual
EPA-HQ-OW-2011-0880-10787,EPA-HQ-OW-2011-0880,organizational,individual
EPA-HQ-OW-2011-0880-10788,EPA-HQ-OW-2011-0880,organizational,individual
EPA-HQ-OW-2011-0880-10791,EPA-HQ-OW-2011-0880,organizational,individual
EPA-HQ-OW-2011-0880-10792,EPA-HQ-OW-2011-0880,organizational,individual
EPA-HQ-OW-2011-0880-10793,EPA-HQ-OW-2011-0880,organizational,individual
EPA-HQ-OW-2011-0880-10800,EPA-HQ-OW-2011-0880,individual,individual
EPA-HQ-OW-2011-0880-10804,EPA-HQ-OW-2011-0880,individual,individual
EPA-HQ-OW-2011-0880-10806,EPA-HQ-OW-2011-0880,individual,individual
EPA-HQ-OW-2011-0880-10807,EPA-HQ-OW-2011-0880,organizational,individual
EPA-HQ-OW-2011-0880-10808,EPA-HQ-OW-2011-0880,individual,individual
EPA-HQ-OW-2011-0880-10812,EPA-HQ-OW-2011-0880,organizational,individual
EPA-HQ-OW-2011-0880-10813,EPA-HQ-OW-2011-0880,organizational,individual
EPA-HQ-OW-2011-0880-10816,EPA-HQ-OW-2011-0880,organizational,individual
EPA-HQ-OW-2011-0880-10817,EPA-HQ-OW-2011-0880,organizational,individual
EPA-HQ-OW-2011-0880-10818,EPA-HQ-OW-2011-0880,organizational,individual
EPA-HQ-OW-2011-0880-10822,EPA-HQ-OW-2011-0880,individual,individual
EPA-HQ-OW-2011-0880-10824,EPA-HQ-OW-2011-0880,organizational,individual
EPA-HQ-OW-2011-0880-10826,EPA-HQ-OW-2011-0880,organizational,individual
EPA-HQ-OW-2011-0880-10827,EPA-HQ-OW-2011-0880,organizational,individual
EPA-HQ-OW-2011-0880-10828,EPA-HQ-OW-2011-0880,organizational,individual
EPA-HQ-OW-2011-0880-10829,EPA-HQ-OW-2011-0880,organizational,individual
EPA-HQ-OW-2011-0880-10831,EPA-HQ-OW-2011-0880,organizational,individual
EPA-HQ-OW-2011-0880-10833,EPA-HQ-OW-2011-0880,organizational,individual
EPA-HQ-OW-2011-0880-10834,EPA-HQ-OW-2011-0880,individual,individual
EPA-HQ-OW-2011-0880-10837,EPA-HQ-OW-2011-0880,organizational,individual
EPA-HQ-OW-2011-0880-10838,EPA-HQ-OW-2011-0880,organizational,individual
EPA-HQ-OW-2011-0880-10842,EPA-HQ-OW-2011-0880,organizational,individual
EPA-HQ-OW-2011-0880-10843,EPA-HQ-OW-2011-0880,organizational,individual
EPA-HQ-OW-2011-0880-10845,EPA-HQ-OW-2011-0880,individual,individual
EPA-HQ-OW-2011-0880-10846,EPA-HQ-OW-2011-0880,organizational,individual
EPA-HQ-OW-2011-0880-10849,EPA-HQ-OW-2011-0880,organizational,individual
EPA-HQ-OW-2011-0880-10851,EPA-HQ-OW-2011-0880,organizational,individual
EPA-HQ-OW-2011-0880-10855,EPA-HQ-OW-2011-0880,organizational,individual
EPA-HQ-OW-2011-0880-10856,EPA-HQ-OW-2011-0880,organizational,individual
EPA-HQ-OW-2011-0880-10857,EPA-HQ-OW-2011-0880,individual,individual
EPA-HQ-OW-2011-0880-10860,EPA-HQ-OW-2011-0880,organizational,individual
EPA-HQ-OW-2011-0880-10953,EPA-HQ-OW-2011-0880,individual,organizational
EPA-HQ-OW-2011-0880-11147,EPA-HQ-OW-2011-0880,organizational,individual
EPA-HQ-OW-2011-0880-11149,EPA-HQ-OW-2011-0880,individual,individual
EPA-HQ-OW-2011-0880-11150,EPA-HQ-OW-2011-0880,individual,individual
EPA-HQ-OW-2011-0880-11151,EPA-HQ-OW-2011-0880,individual,individual
EPA-HQ-OW-2011-0880-11152,EPA-HQ-OW-2011-0880,individual,individual
EPA-HQ-OW-2011-0880-11153,EPA-HQ-OW-2011-0880,individual,individual
EPA-HQ-OW-2011-0880-11154,EPA-HQ-OW-2011-0880,organizational,individual
EPA-HQ-OW-2011-0880-11167,EPA-HQ-OW-2011-0880,individual,individual
EPA-HQ-OW-2011-0880-11168,EPA-HQ-OW-2011-0880,organizational,individual
EPA-HQ-OW-2011-0880-11169,EPA-HQ-OW-2011-0880,organizational,individual
EPA-HQ-OW-2011-0880-11175,EPA-HQ-OW-2011-0880,organizational,other
EPA-HQ-OW-2011-0880-11178,EPA-HQ-OW-2011-0880,individual,individual
EPA-HQ-OW-2011-0880-11185,EPA-HQ-OW-2011-0880,organizational,individual
EPA-HQ-OW-2011-0880-11186,EPA-HQ-OW-2011-0880,organizational,individual
EPA-HQ-OW-2011-0880-11187,EPA-HQ-OW-2011-0880,organizational,individual
EPA-HQ-OW-2011-0880-11188,EPA-HQ-OW-2011-0880,organizational,individual
EPA-HQ-OW-2011-0880-11191,EPA-HQ-OW-2011-0880,organizational,individual
EPA-HQ-OW-2011-0880-11195,EPA-HQ-OW-2011-0880,organizational,individual
EPA-HQ-OW-2011-0880-11196,EPA-HQ-OW-2011-0880,organizational,individual
EPA-HQ-OW-2011-0880-11198,EPA-HQ-OW-2011-0880,individual,individual
EPA-HQ-OW-2011-0880-11202,EPA-HQ-OW-2011-0880,organizational,individual
EPA-HQ-OW-2011-0880-11203,EPA-HQ-OW-2011-0880,organizational,individual
EPA-HQ-OW-2011-0880-11205,EPA-HQ-OW-2011-0880,organizational,individual
EPA-HQ-OW-2011-0880-11206,EPA-HQ-OW-2011-0880,organizational,individual
EPA-HQ-OW-2011-0880-11207,EPA-HQ-OW-2011-0880,organizational,individual
EPA-HQ-OW-2011-0880-11210,EPA-HQ-OW-2011-0880,individual,individual
EPA-HQ-OW-2011-0880-11214,EPA-HQ-OW-2011-0880,individual,individual
EPA-HQ-OW-2011-0880-11215,EPA-HQ-OW-2011-0880,organizational,individual
EPA-HQ-OW-2011-0880-11218,EPA-HQ-OW-2011-0880,organizational,individual
EPA-HQ-OW-2011-0880-11219,EPA-HQ-OW-2011-0880,organizational,individual
EPA-HQ-OW-2011-0880-11220,EPA-HQ-OW-2011-0880,individual,individual
EPA-HQ-OW-2011-0880-11224,EPA-HQ-OW-2011-0880,organizational,individual
EPA-HQ-OW-2011-0880-11227,EPA-HQ-OW-2011-0880,organizational,individual
EPA-HQ-OW-2011-0880-11229,EPA-HQ-OW-2011-0880,individual,individual
EPA-HQ-OW-2011-0880-11230,EPA-HQ-OW-2011-0880,organizational,individual
EPA-HQ-OW-2011-0880-11233,EPA-HQ-OW-2011-0880,organizational,individual
EPA-HQ-OW-2011-0880-11242,EPA-HQ-OW-2011-0880,organizational,individual
EPA-HQ-OW-2011-0880-11243,EPA-HQ-OW-2011-0880,organizational,individual
EPA-HQ-OW-2011-0880-11247,EPA-HQ-OW-2011-0880,organizational,individual
EPA-HQ-OW-2011-0880-11249,EPA-HQ-OW-2011-0880,organizational,individual
EPA-HQ-OW-2011-0880-11250,EPA-HQ-OW-2011-0880,organizational,individual
EPA-HQ-OW-2011-0880-11251,EPA-HQ-OW-2011-0880,organizational,individual
EPA-HQ-OW-2011-0880-11252,EPA-HQ-OW-2011-0880,individual,individual
EPA-HQ-OW-2011-0880-11253,EPA-HQ-OW-2011-0880,organizational,individual
EPA-HQ-OW-2011-0880-11256,EPA-HQ-OW-2011-0880,organizational,individual
EPA-HQ-OW-2011-0880-11258,EPA-HQ-OW-2011-0880,individual,individual
EPA-HQ-OW-2011-0880-11261,EPA-HQ-OW-2011-0880,organizational,individual
EPA-HQ-OW-2011-0880-11267,EPA-HQ-OW-2011-0880,organizational,individual
EPA-HQ-OW-2011-0880-11268,EPA-HQ-OW-2011-0880,organizational,individual
EPA-HQ-OW-2011-0880-11269,EPA-HQ-OW-2011-0880,organizational,individual
EPA-HQ-OW-2011-0880-11270,EPA-HQ-OW-2011-0880,organizational,individual
EPA-HQ-OW-2011-0880-11271,EPA-HQ-OW-2011-0880,organizational,individual
EPA-HQ-OW-2011-0880-11275,EPA-HQ-OW-2011-0880,individual,individual
EPA-HQ-OW-2011-0880-11277,EPA-HQ-OW-2011-0880,organizational,individual
EPA-HQ-OW-2011-0880-11280,EPA-HQ-OW-2011-0880,organizational,individual
EPA-HQ-OW-2011-0880-11283,EPA-HQ-OW-2011-0880,organizational,individual
EPA-HQ-OW-2011-0880-11284,EPA-HQ-OW-2011-0880,organizational,individual
EPA-HQ-OW-2011-0880-11288,EPA-HQ-OW-2011-0880,organizational,individual
EPA-HQ-OW-2011-0880-11289,EPA-HQ-OW-2011-0880,individual,individual
EPA-HQ-OW-2011-0880-11291,EPA-HQ-OW-2011-0880,organizational,individual
EPA-HQ-OW-2011-0880-11294,EPA-HQ-OW-2011-0880,organizational,individual
EPA-HQ-OW-2011-0880-11296,EPA-HQ-OW-2011-0880,organizational,individual
EPA-HQ-OW-2011-0880-11300,EPA-HQ-OW-2011-0880,organizational,individual
EPA-HQ-OW-2011-0880-11301,EPA-HQ-OW-2011-0880,organizational,individual
EPA-HQ-OW-2011-0880-11303,EPA-HQ-OW-2011-0880,organizational,individual
EPA-HQ-OW-2011-0880-11304,EPA-HQ-OW-2011-0880,organizational,individual
EPA-HQ-OW-2011-0880-11308,EPA-HQ-OW-2011-0880,organizational,individual
EPA-HQ-OW-2011-0880-11316,EPA-HQ-OW-2011-0880,individual,individual
EPA-HQ-OW-2011-0880-11321,EPA-HQ-OW-2011-0880,individual,individual
EPA-HQ-OW-2011-0880-11322,EPA-HQ-OW-2011-0880,individual,organizational
EPA-HQ-OW-2011-0880-11323,EPA-HQ-OW-2011-0880,individual,individual
EPA-HQ-OW-2011-0880-11325,EPA-HQ-OW-2011-0880,organizational,individual
EPA-HQ-OW-2011-0880-11328,EPA-HQ-OW-2011-0880,organizational,individual
EPA-HQ-OW-2011-0880-11330,EPA-HQ-OW-2011-0880,organizational,individual
EPA-HQ-OW-2011-0880-11331,EPA-HQ-OW-2011-0880,organizational,individual
EPA-HQ-OW-2011-0880-11335,EPA-HQ-OW-2011-0880,organizational,individual
EPA-HQ-OW-2011-0880-11336,EPA-HQ-OW-2011-0880,individual,individual
EPA-HQ-OW-2011-0880-11339,EPA-HQ-OW-2011-0880,organizational,individual
EPA-HQ-OW-2011-0880-11340,EPA-HQ-OW-2011-0880,organizational,individual
EPA-HQ-OW-2011-0880-11342,EPA-HQ-OW-2011-0880,individual,organizational
EPA-HQ-OW-2011-0880-11343,EPA-HQ-OW-2011-0880,organizational,individual
EPA-HQ-OW-2011-0880-11344,EPA-HQ-OW-2011-0880,individual,individual
EPA-HQ-OW-2011-0880-11346,EPA-HQ-OW-2011-0880,individual,organizational
EPA-HQ-OW-2011-0880-11347,EPA-HQ-OW-2011-0880,organizational,individual
EPA-HQ-OW-2011-0880-11348,EPA-HQ-OW-2011-0880,organizational,individual
EPA-HQ-OW-2011-0880-11349,EPA-HQ-OW-2011-0880,organizational,individual
EPA-HQ-OW-2011-0880-11350,EPA-HQ-OW-2011-0880,organizational,individual
EPA-HQ-OW-2011-0880-11355,EPA-HQ-OW-2011-0880,individual,individual
EPA-HQ-OW-2011-0880-11356,EPA-HQ-OW-2011-0880,organizational,individual
EPA-HQ-OW-2011-0880-11357,EPA-HQ-OW-2011-0880,organizational,individual
EPA-HQ-OW-2011-0880-11358,EPA-HQ-OW-2011-0880,organizational,individual
EPA-HQ-OW-2011-0880-11366,EPA-HQ-OW-2011-0880,organizational,individual
EPA-HQ-OW-2011-0880-11367,EPA-HQ-OW-2011-0880,organizational,individual
EPA-HQ-OW-2011-0880-11368,EPA-HQ-OW-2011-0880,individual,organizational
EPA-HQ-OW-2011-0880-11370,EPA-HQ-OW-2011-0880,organizational,individual
EPA-HQ-OW-2011-0880-11371,EPA-HQ-OW-2011-0880,organizational,individual
EPA-HQ-OW-2011-0880-11374,EPA-HQ-OW-2011-0880,organizational,individual
EPA-HQ-OW-2011-0880-11375,EPA-HQ-OW-2011-0880,individual,individual
EPA-HQ-OW-2011-0880-11379,EPA-HQ-OW-2011-0880,organizational,individual
EPA-HQ-OW-2011-0880-11381,EPA-HQ-OW-2011-0880,organizational,individual
EPA-HQ-OW-2011-0880-11383,EPA-HQ-OW-2011-0880,organizational,individual
EPA-HQ-OW-2011-0880-11386,EPA-HQ-OW-2011-0880,individual,individual
EPA-HQ-OW-2011-0880-11387,EPA-HQ-OW-2011-0880,organizational,individual
EPA-HQ-OW-2011-0880-11389,EPA-HQ-OW-2011-0880,organizational,individual
EPA-HQ-OW-2011-0880-11391,EPA-HQ-OW-2011-0880,organizational,individual
EPA-HQ-OW-2011-0880-11393,EPA-HQ-OW-2011-0880,organizational,individual
EPA-HQ-OW-2011-0880-11395,EPA-HQ-OW-2011-0880,organizational,individual
EPA-HQ-OW-2011-0880-11398,EPA-HQ-OW-2011-0880,organizational,individual
EPA-HQ-OW-2011-0880-11401,EPA-HQ-OW-2011-0880,individual,organizational
EPA-HQ-OW-2011-0880-11402,EPA-HQ-OW-2011-0880,individual,individual
EPA-HQ-OW-2011-0880-11404,EPA-HQ-OW-2011-0880,organizational,individual
EPA-HQ-OW-2011-0880-11409,EPA-HQ-OW-2011-0880,organizational,individual
EPA-HQ-OW-2011-0880-11412,EPA-HQ-OW-2011-0880,organizational,individual
EPA-HQ-OW-2011-0880-11415,EPA-HQ-OW-2011-0880,organizational,individual
EPA-HQ-OW-2011-0880-11416,EPA-HQ-OW-2011-0880,individual,individual
EPA-HQ-OW-2011-0880-11417,EPA-HQ-OW-2011-0880,individual,individual
EPA-HQ-OW-2011-0880-11418,EPA-HQ-OW-2011-0880,individual,individual
EPA-HQ-OW-2011-0880-11421,EPA-HQ-OW-2011-0880,individual,individual
EPA-HQ-OW-2011-0880-11423,EPA-HQ-OW-2011-0880,organizational,individual
EPA-HQ-OW-2011-0880-11429,EPA-HQ-OW-2011-0880,organizational,individual
EPA-HQ-OW-2011-0880-11433,EPA-HQ-OW-2011-0880,individual,individual
EPA-HQ-OW-2011-0880-11434,EPA-HQ-OW-2011-0880,organizational,individual
EPA-HQ-OW-2011-0880-11435,EPA-HQ-OW-2011-0880,organizational,individual
EPA-HQ-OW-2011-0880-11437,EPA-HQ-OW-2011-0880,individual,individual
EPA-HQ-OW-2011-0880-11438,EPA-HQ-OW-2011-0880,organizational,individual
EPA-HQ-OW-2011-0880-11442,EPA-HQ-OW-2011-0880,organizational,individual
EPA-HQ-OW-2011-0880-11443,EPA-HQ-OW-2011-0880,organizational,individual
EPA-HQ-OW-2011-0880-11444,EPA-HQ-OW-2011-0880,individual,individual
EPA-HQ-OW-2011-0880-11445,EPA-HQ-OW-2011-0880,organizational,individual
EPA-HQ-OW-2011-0880-11446,EPA-HQ-OW-2011-0880,organizational,individual
EPA-HQ-OW-2011-0880-11450,EPA-HQ-OW-2011-0880,organizational,individual
EPA-HQ-OW-2011-0880-11454,EPA-HQ-OW-2011-0880,organizational,individual
EPA-HQ-OW-2011-0880-11455,EPA-HQ-OW-2011-0880,individual,individual
EPA-HQ-OW-2011-0880-11456,EPA-HQ-OW-2011-0880,individual,individual
EPA-HQ-OW-2011-0880-11458,EPA-HQ-OW-2011-0880,individual,individual
EPA-HQ-OW-2011-0880-11460,EPA-HQ-OW-2011-0880,individual,individual
EPA-HQ-OW-2011-0880-11461,EPA-HQ-OW-2011-0880,organizational,individual
EPA-HQ-OW-2011-0880-11465,EPA-HQ-OW-2011-0880,organizational,individual
EPA-HQ-OW-2011-0880-11469,EPA-HQ-OW-2011-0880,organizational,individual
EPA-HQ-OW-2011-0880-11470,EPA-HQ-OW-2011-0880,organizational,individual
EPA-HQ-OW-2011-0880-11472,EPA-HQ-OW-2011-0880,organizational,individual
EPA-HQ-OW-2011-0880-11476,EPA-HQ-OW-2011-0880,organizational,individual
EPA-HQ-OW-2011-0880-11477,EPA-HQ-OW-2011-0880,organizational,individual
EPA-HQ-OW-2011-0880-11478,EPA-HQ-OW-2011-0880,organizational,individual
EPA-HQ-OW-2011-0880-11479,EPA-HQ-OW-2011-0880,organizational,individual
EPA-HQ-OW-2011-0880-11481,EPA-HQ-OW-2011-0880,organizational,individual
EPA-HQ-OW-2011-0880-11482,EPA-HQ-OW-2011-0880,organizational,individual
EPA-HQ-OW-2011-0880-11485,EPA-HQ-OW-2011-0880,individual,organizational
EPA-HQ-OW-2011-0880-11491,EPA-HQ-OW-2011-0880,individual,individual
EPA-HQ-OW-2011-0880-11493,EPA-HQ-OW-2011-0880,individual,individual
EPA-HQ-OW-2011-0880-11494,EPA-HQ-OW-2011-0880,individual,individual
EPA-HQ-OW-2011-0880-11495,EPA-HQ-OW-2011-0880,organizational,individual
EPA-HQ-OW-2011-0880-11497,EPA-HQ-OW-2011-0880,organizational,individual
EPA-HQ-OW-2011-0880-11498,EPA-HQ-OW-2011-0880,individual,individual
EPA-HQ-OW-2011-0880-11500,EPA-HQ-OW-2011-0880,organizational,individual
EPA-HQ-OW-2011-0880-11502,EPA-HQ-OW-2011-0880,organizational,individual
EPA-HQ-OW-2011-0880-11504,EPA-HQ-OW-2011-0880,individual,individual
EPA-HQ-OW-2011-0880-11505,EPA-HQ-OW-2011-0880,organizational,individual
EPA-HQ-OW-2011-0880-11507,EPA-HQ-OW-2011-0880,organizational,individual
EPA-HQ-OW-2011-0880-11508,EPA-HQ-OW-2011-0880,organizational,individual
EPA-HQ-OW-2011-0880-11510,EPA-HQ-OW-2011-0880,organizational,individual
EPA-HQ-OW-2011-0880-11511,EPA-HQ-OW-2011-0880,organizational,individual
EPA-HQ-OW-2011-0880-11512,EPA-HQ-OW-2011-0880,organizational,individual
EPA-HQ-OW-2011-0880-11513,EPA-HQ-OW-2011-0880,organizational,individual
EPA-HQ-OW-2011-0880-11519,EPA-HQ-OW-2011-0880,organizational,individual
EPA-HQ-OW-2011-0880-11528,EPA-HQ-OW-2011-0880,organizational,individual
EPA-HQ-OW-2011-0880-11529,EPA-HQ-OW-2011-0880,individual,individual
EPA-HQ-OW-2011-0880-11531,EPA-HQ-OW-2011-0880,individual,individual
EPA-HQ-OW-2011-0880-11533,EPA-HQ-OW-2011-0880,organizational,individual
EPA-HQ-OW-2011-0880-11535,EPA-HQ-OW-2011-0880,individual,individual
EPA-HQ-OW-2011-0880-11537,EPA-HQ-OW-2011-0880,organizational,individual
EPA-HQ-OW-2011-0880-11538,EPA-HQ-OW-2011-0880,organizational,individual
EPA-HQ-OW-2011-0880-11543,EPA-HQ-OW-2011-0880,organizational,individual
EPA-HQ-OW-2011-0880-11547,EPA-HQ-OW-2011-0880,organizational,individual
EPA-HQ-OW-2011-0880-11550,EPA-HQ-OW-2011-0880,organizational,individual
EPA-HQ-OW-2011-0880-11559,EPA-HQ-OW-2011-0880,organizational,individual
EPA-HQ-OW-2011-0880-11561,EPA-HQ-OW-2011-0880,organizational,individual
EPA-HQ-OW-2011-0880-11567,EPA-HQ-OW-2011-0880,organizational,individual
EPA-HQ-OW-2011-0880-11572,EPA-HQ-OW-2011-0880,organizational,individual
EPA-HQ-OW-2011-0880-11573,EPA-HQ-OW-2011-0880,organizational,individual
EPA-HQ-OW-2011-0880-11576,EPA-HQ-OW-2011-0880,individual,individual
EPA-HQ-OW-2011-0880-11581,EPA-HQ-OW-2011-0880,organizational,individual
EPA-HQ-OW-2011-0880-11586,EPA-HQ-OW-2011-0880,organizational,individual
EPA-HQ-OW-2011-0880-11587,EPA-HQ-OW-2011-0880,organizational,individual
EPA-HQ-OW-2011-0880-11590,EPA-HQ-OW-2011-0880,organizational,individual
EPA-HQ-OW-2011-0880-11596,EPA-HQ-OW-2011-0880,individual,individual
EPA-HQ-OW-2011-0880-11598,EPA-HQ-OW-2011-0880,organizational,individual
EPA-HQ-OW-2011-0880-11599,EPA-HQ-OW-2011-0880,organizational,individual
EPA-HQ-OW-2011-0880-11601,EPA-HQ-OW-2011-0880,individual,individual
EPA-HQ-OW-2011-0880-11602,EPA-HQ-OW-2011-0880,organizational,individual
EPA-HQ-OW-2011-0880-11604,EPA-HQ-OW-2011-0880,organizational,individual
EPA-HQ-OW-2011-0880-11605,EPA-HQ-OW-2011-0880,organizational,individual
EPA-HQ-OW-2011-0880-11608,EPA-HQ-OW-2011-0880,organizational,individual
EPA-HQ-OW-2011-0880-11610,EPA-HQ-OW-2011-0880,individual,individual
EPA-HQ-OW-2011-0880-11613,EPA-HQ-OW-2011-0880,organizational,individual
EPA-HQ-OW-2011-0880-11621,EPA-HQ-OW-2011-0880,organizational,individual
EPA-HQ-OW-2011-0880-11624,EPA-HQ-OW-2011-0880,organizational,individual
EPA-HQ-OW-2011-0880-11627,EPA-HQ-OW-2011-0880,individual,individual
EPA-HQ-OW-2011-0880-11634,EPA-HQ-OW-2011-0880,organizational,individual
EPA-HQ-OW-2011-0880-11636,EPA-HQ-OW-2011-0880,organizational,individual
EPA-HQ-OW-2011-0880-11641,EPA-HQ-OW-2011-0880,organizational,individual
EPA-HQ-OW-2011-0880-11646,EPA-HQ-OW-2011-0880,individual,individual
EPA-HQ-OW-2011-0880-11652,EPA-HQ-OW-2011-0880,individual,individual
EPA-HQ-OW-2011-0880-11654,EPA-HQ-OW-2011-0880,organizational,individual
EPA-HQ-OW-2011-0880-11655,EPA-HQ-OW-2011-0880,organizational,individual
EPA-HQ-OW-2011-0880-11656,EPA-HQ-OW-2011-0880,organizational,individual
EPA-HQ-OW-2011-0880-11658,EPA-HQ-OW-2011-0880,organizational,individual
EPA-HQ-OW-2011-0880-11666,EPA-HQ-OW-2011-0880,individual,individual
EPA-HQ-OW-2011-0880-11667,EPA-HQ-OW-2011-0880,organizational,individual
EPA-HQ-OW-2011-0880-11668,EPA-HQ-OW-2011-0880,organizational,individual
EPA-HQ-OW-2011-0880-11671,EPA-HQ-OW-2011-0880,organizational,individual
EPA-HQ-OW-2011-0880-11672,EPA-HQ-OW-2011-0880,organizational,individual
EPA-HQ-OW-2011-0880-11690,EPA-HQ-OW-2011-0880,organizational,individual
EPA-HQ-OW-2011-0880-11699,EPA-HQ-OW-2011-0880,organizational,individual
EPA-HQ-OW-2011-0880-11721,EPA-HQ-OW-2011-0880,organizational,individual
EPA-HQ-OW-2011-0880-11723,EPA-HQ-OW-2011-0880,organizational,individual
EPA-HQ-OW-2011-0880-11728,EPA-HQ-OW-2011-0880,organizational,individual
EPA-HQ-OW-2011-0880-11730,EPA-HQ-OW-2011-0880,organizational,individual
EPA-HQ-OW-2011-0880-11737,EPA-HQ-OW-2011-0880,organizational,individual
EPA-HQ-OW-2011-0880-11738,EPA-HQ-OW-2011-0880,individual,individual
EPA-HQ-OW-2011-0880-11745,EPA-HQ-OW-2011-0880,individual,individual
EPA-HQ-OW-2011-0880-11746,EPA-HQ-OW-2011-0880,organizational,individual
EPA-HQ-OW-2011-0880-11747,EPA-HQ-OW-2011-0880,organizational,individual
EPA-HQ-OW-2011-0880-11748,EPA-HQ-OW-2011-0880,individual,individual
EPA-HQ-OW-2011-0880-11750,EPA-HQ-OW-2011-0880,organizational,individual
EPA-HQ-OW-2011-0880-11753,EPA-HQ-OW-2011-0880,organizational,individual
EPA-HQ-OW-2011-0880-11757,EPA-HQ-OW-2011-0880,individual,individual
EPA-HQ-OW-2011-0880-11758,EPA-HQ-OW-2011-0880,organizational,individual
EPA-HQ-OW-2011-0880-11761,EPA-HQ-OW-2011-0880,organizational,individual
EPA-HQ-OW-2011-0880-11766,EPA-HQ-OW-2011-0880,organizational,individual
EPA-HQ-OW-2011-0880-11767,EPA-HQ-OW-2011-0880,individual,individual
EPA-HQ-OW-2011-0880-11771,EPA-HQ-OW-2011-0880,organizational,individual
EPA-HQ-OW-2011-0880-11773,EPA-HQ-OW-2011-0880,individual,organizational
EPA-HQ-OW-2011-0880-11780,EPA-HQ-OW-2011-0880,organizational,individual
EPA-HQ-OW-2011-0880-11785,EPA-HQ-OW-2011-0880,organizational,individual
EPA-HQ-OW-2011-0880-11786,EPA-HQ-OW-2011-0880,organizational,individual
EPA-HQ-OW-2011-0880-11787,EPA-HQ-OW-2011-0880,organizational,individual
EPA-HQ-OW-2011-0880-11791,EPA-HQ-OW-2011-0880,organizational,individual
EPA-HQ-OW-2011-0880-11793,EPA-HQ-OW-2011-0880,individual,individual
EPA-HQ-OW-2011-0880-11795,EPA-HQ-OW-2011-0880,individual,individual
EPA-HQ-OW-2011-0880-11796,EPA-HQ-OW-2011-0880,individual,individual
EPA-HQ-OW-2011-0880-11797,EPA-HQ-OW-2011-0880,individual,individual
EPA-HQ-OW-2011-0880-11801,EPA-HQ-OW-2011-0880,individual,individual
EPA-HQ-OW-2011-0880-11802,EPA-HQ-OW-2011-0880,organizational,individual
EPA-HQ-OW-2011-0880-11803,EPA-HQ-OW-2011-0880,organizational,individual
EPA-HQ-OW-2011-0880-11804,EPA-HQ-OW-2011-0880,organizational,individual
EPA-HQ-OW-2011-0880-11806,EPA-HQ-OW-2011-0880,individual,individual
EPA-HQ-OW-2011-0880-11809,EPA-HQ-OW-2011-0880,organizational,individual
EPA-HQ-OW-2011-0880-11810,EPA-HQ-OW-2011-0880,organizational,individual
EPA-HQ-OW-2011-0880-11811,EPA-HQ-OW-2011-0880,individual,individual
EPA-HQ-OW-2011-0880-11812,EPA-HQ-OW-2011-0880,individual,individual
EPA-HQ-OW-2011-0880-11814,EPA-HQ-OW-2011-0880,organizational,individual
EPA-HQ-OW-2011-0880-11817,EPA-HQ-OW-2011-0880,organizational,other
EPA-HQ-OW-2011-0880-11818,EPA-HQ-OW-2011-0880,individual,individual
EPA-HQ-OW-2011-0880-11819,EPA-HQ-OW-2011-0880,individual,individual
EPA-HQ-OW-2011-0880-11823,EPA-HQ-OW-2011-0880,organizational,individual
EPA-HQ-OW-2011-0880-11826,EPA-HQ-OW-2011-0880,organizational,individual
EPA-HQ-OW-2011-0880-11838,EPA-HQ-OW-2011-0880,organizational,individual
EPA-HQ-OW-2011-0880-11843,EPA-HQ-OW-2011-0880,individual,individual
EPA-HQ-OW-2011-0880-11844,EPA-HQ-OW-2011-0880,organizational,individual
EPA-HQ-OW-2011-0880-11845,EPA-HQ-OW-2011-0880,organizational,individual
EPA-HQ-OW-2011-0880-11847,EPA-HQ-OW-2011-0880,organizational,individual
EPA-HQ-OW-2011-0880-11848,EPA-HQ-OW-2011-0880,organizational,individual
EPA-HQ-OW-2011-0880-11849,EPA-HQ-OW-2011-0880,organizational,individual
EPA-HQ-OW-2011-0880-11851,EPA-HQ-OW-2011-0880,organizational,individual
EPA-HQ-OW-2011-0880-11852,EPA-HQ-OW-2011-0880,individual,individual
EPA-HQ-OW-2011-0880-11853,EPA-HQ-OW-2011-0880,organizational,individual
EPA-HQ-OW-2011-0880-11854,EPA-HQ-OW-2011-0880,organizational,individual
EPA-HQ-OW-2011-0880-11856,EPA-HQ-OW-2011-0880,organizational,individual
EPA-HQ-OW-2011-0880-11858,EPA-HQ-OW-2011-0880,organizational,individual
EPA-HQ-OW-2011-0880-11859,EPA-HQ-OW-2011-0880,organizational,individual
EPA-HQ-OW-2011-0880-11861,EPA-HQ-OW-2011-0880,organizational,individual
EPA-HQ-OW-2011-0880-11862,EPA-HQ-OW-2011-0880,individual,individual
EPA-HQ-OW-2011-0880-11863,EPA-HQ-OW-2011-0880,organizational,individual
EPA-HQ-OW-2011-0880-11866,EPA-HQ-OW-2011-0880,individual,individual
EPA-HQ-OW-2011-0880-11867,EPA-HQ-OW-2011-0880,individual,individual
EPA-HQ-OW-2011-0880-11868,EPA-HQ-OW-2011-0880,organizational,individual
EPA-HQ-OW-2011-0880-11869,EPA-HQ-OW-2011-0880,organizational,individual
EPA-HQ-OW-2011-0880-11870,EPA-HQ-OW-2011-0880,organizational,individual
EPA-HQ-OW-2011-0880-11871,EPA-HQ-OW-2011-0880,individual,individual
EPA-HQ-OW-2011-0880-11873,EPA-HQ-OW-2011-0880,organizational,individual
EPA-HQ-OW-2011-0880-11875,EPA-HQ-OW-2011-0880,organizational,individual
EPA-HQ-OW-2011-0880-11878,EPA-HQ-OW-2011-0880,individual,individual
EPA-HQ-OW-2011-0880-11880,EPA-HQ-OW-2011-0880,organizational,individual
EPA-HQ-OW-2011-0880-11882,EPA-HQ-OW-2011-0880,individual,individual
EPA-HQ-OW-2011-0880-11884,EPA-HQ-OW-2011-0880,organizational,individual
EPA-HQ-OW-2011-0880-11885,EPA-HQ-OW-2011-0880,individual,individual
EPA-HQ-OW-2011-0880-11886,EPA-HQ-OW-2011-0880,organizational,individual
EPA-HQ-OW-2011-0880-11888,EPA-HQ-OW-2011-0880,individual,individual
EPA-HQ-OW-2011-0880-11889,EPA-HQ-OW-2011-0880,individual,individual
EPA-HQ-OW-2011-0880-11892,EPA-HQ-OW-2011-0880,individual,individual
EPA-HQ-OW-2011-0880-11895,EPA-HQ-OW-2011-0880,organizational,individual
EPA-HQ-OW-2011-0880-11896,EPA-HQ-OW-2011-0880,organizational,individual
EPA-HQ-OW-2011-0880-11897,EPA-HQ-OW-2011-0880,organizational,individual
EPA-HQ-OW-2011-0880-11898,EPA-HQ-OW-2011-0880,organizational,individual
EPA-HQ-OW-2011-0880-11899,EPA-HQ-OW-2011-0880,organizational,individual
EPA-HQ-OW-2011-0880-11900,EPA-HQ-OW-2011-0880,organizational,individual
EPA-HQ-OW-2011-0880-11901,EPA-HQ-OW-2011-0880,organizational,individual
EPA-HQ-OW-2011-0880-11902,EPA-HQ-OW-2011-0880,organizational,individual
EPA-HQ-OW-2011-0880-11903,EPA-HQ-OW-2011-0880,organizational,individual
EPA-HQ-OW-2011-0880-11904,EPA-HQ-OW-2011-0880,organizational,individual
EPA-HQ-OW-2011-0880-11905,EPA-HQ-OW-2011-0880,organizational,individual
EPA-HQ-OW-2011-0880-11906,EPA-HQ-OW-2011-0880,organizational,individual
EPA-HQ-OW-2011-0880-11907,EPA-HQ-OW-2011-0880,organizational,individual
EPA-HQ-OW-2011-0880-11908,EPA-HQ-OW-2011-0880,organizational,individual
EPA-HQ-OW-2011-0880-11909,EPA-HQ-OW-2011-0880,organizational,individual
EPA-HQ-OW-2011-0880-11910,EPA-HQ-OW-2011-0880,organizational,individual
EPA-HQ-OW-2011-0880-11911,EPA-HQ-OW-2011-0880,organizational,individual
EPA-HQ-OW-2011-0880-11912,EPA-HQ-OW-2011-0880,organizational,individual
EPA-HQ-OW-2011-0880-11913,EPA-HQ-OW-2011-0880,organizational,individual
EPA-HQ-OW-2011-0880-11914,EPA-HQ-OW-2011-0880,organizational,individual
EPA-HQ-OW-2011-0880-11915,EPA-HQ-OW-2011-0880,organizational,individual
EPA-HQ-OW-2011-0880-11916,EPA-HQ-OW-2011-0880,organizational,individual
EPA-HQ-OW-2011-0880-11917,EPA-HQ-OW-2011-0880,organizational,individual
EPA-HQ-OW-2011-0880-11918,EPA-HQ-OW-2011-0880,organizational,individual
EPA-HQ-OW-2011-0880-11919,EPA-HQ-OW-2011-0880,organizational,individual
EPA-HQ-OW-2011-0880-11920,EPA-HQ-OW-2011-0880,individual,organizational
EPA-HQ-OW-2011-0880-11921,EPA-HQ-OW-2011-0880,organizational,individual
EPA-HQ-OW-2011-0880-11923,EPA-HQ-OW-2011-0880,organizational,individual
EPA-HQ-OW-2011-0880-11924,EPA-HQ-OW-2011-0880,individual,organizational
EPA-HQ-OW-2011-0880-11925,EPA-HQ-OW-2011-0880,organizational,individual
EPA-HQ-OW-2011-0880-11926,EPA-HQ-OW-2011-0880,organizational,individual
EPA-HQ-OW-2011-0880-11928,EPA-HQ-OW-2011-0880,organizational,individual
EPA-HQ-OW-2011-0880-11929,EPA-HQ-OW-2011-0880,organizational,individual
EPA-HQ-OW-2011-0880-11930,EPA-HQ-OW-2011-0880,organizational,individual
EPA-HQ-OW-2011-0880-11931,EPA-HQ-OW-2011-0880,organizational,individual
EPA-HQ-OW-2011-0880-11932,EPA-HQ-OW-2011-0880,organizational,individual
EPA-HQ-OW-2011-0880-11933,EPA-HQ-OW-2011-0880,organizational,individual
EPA-HQ-OW-2011-0880-11934,EPA-HQ-OW-2011-0880,organizational,individual
EPA-HQ-OW-2011-0880-11935,EPA-HQ-OW-2011-0880,organizational,individual
EPA-HQ-OW-2011-0880-11936,EPA-HQ-OW-2011-0880,organizational,individual
EPA-HQ-OW-2011-0880-11937,EPA-HQ-OW-2011-0880,organizational,individual
EPA-HQ-OW-2011-0880-11938,EPA-HQ-OW-2011-0880,organizational,individual
EPA-HQ-OW-2011-0880-11939,EPA-HQ-OW-2011-0880,organizational,individual
EPA-HQ-OW-2011-0880-11940,EPA-HQ-OW-2011-0880,organizational,individual
EPA-HQ-OW-2011-0880-11941,EPA-HQ-OW-2011-0880,organizational,individual
EPA-HQ-OW-2011-0880-11943,EPA-HQ-OW-2011-0880,individual,individual
EPA-HQ-OW-2011-0880-11944,EPA-HQ-OW-2011-0880,organizational,individual
EPA-HQ-OW-2011-0880-11945,EPA-HQ-OW-2011-0880,organizational,individual
EPA-HQ-OW-2011-0880-11946,EPA-HQ-OW-2011-0880,organizational,individual
EPA-HQ-OW-2011-0880-11948,EPA-HQ-OW-2011-0880,organizational,individual
EPA-HQ-OW-2011-0880-11949,EPA-HQ-OW-2011-0880,organizational,individual
EPA-HQ-OW-2011-0880-11950,EPA-HQ-OW-2011-0880,organizational,individual
EPA-HQ-OW-2011-0880-11951,EPA-HQ-OW-2011-0880,organizational,individual
EPA-HQ-OW-2011-0880-11952,EPA-HQ-OW-2011-0880,organizational,individual
EPA-HQ-OW-2011-0880-11953,EPA-HQ-OW-2011-0880,organizational,individual
EPA-HQ-OW-2011-0880-11954,EPA-HQ-OW-2011-0880,organizational,individual
EPA-HQ-OW-2011-0880-11955,EPA-HQ-OW-2011-0880,organizational,individual
EPA-HQ-OW-2011-0880-11956,EPA-HQ-OW-2011-0880,individual,individual
EPA-HQ-OW-2011-0880-11957,EPA-HQ-OW-2011-0880,organizational,individual
EPA-HQ-OW-2011-0880-11959,EPA-HQ-OW-2011-0880,organizational,individual
EPA-HQ-OW-2011-0880-11960,EPA-HQ-OW-2011-0880,organizational,individual
EPA-HQ-OW-2011-0880-11961,EPA-HQ-OW-2011-0880,organizational,individual
EPA-HQ-OW-2011-0880-11962,EPA-HQ-OW-2011-0880,organizational,individual
EPA-HQ-OW-2011-0880-11963,EPA-HQ-OW-2011-0880,organizational,individual
EPA-HQ-OW-2011-0880-11964,EPA-HQ-OW-2011-0880,organizational,individual
EPA-HQ-OW-2011-0880-11965,EPA-HQ-OW-2011-0880,organizational,individual
EPA-HQ-OW-2011-0880-11967,EPA-HQ-OW-2011-0880,organizational,individual
EPA-HQ-OW-2011-0880-11968,EPA-HQ-OW-2011-0880,organizational,individual
EPA-HQ-OW-2011-0880-11969,EPA-HQ-OW-2011-0880,organizational,individual
EPA-HQ-OW-2011-0880-11970,EPA-HQ-OW-2011-0880,organizational,individual
EPA-HQ-OW-2011-0880-11971,EPA-HQ-OW-2011-0880,organizational,individual
EPA-HQ-OW-2011-0880-11972,EPA-HQ-OW-2011-0880,organizational,individual
EPA-HQ-OW-2011-0880-11973,EPA-HQ-OW-2011-0880,individual,individual
EPA-HQ-OW-2011-0880-11974,EPA-HQ-OW-2011-0880,organizational,individual
EPA-HQ-OW-2011-0880-11975,EPA-HQ-OW-2011-0880,individual,individual
EPA-HQ-OW-2011-0880-12338,EPA-HQ-OW-2011-0880,individual,organizational
EPA-HQ-OW-2011-0880-12342,EPA-HQ-OW-2011-0880,individual,organizational
EPA-HQ-OW-2011-0880-12344,EPA-HQ-OW-2011-0880,individual,organizational
EPA-HQ-OW-2011-0880-12345,EPA-HQ-OW-2011-0880,individual,organizational
EPA-HQ-OW-2011-0880-12350,EPA-HQ-OW-2011-0880,individual,individual
EPA-HQ-OW-2011-0880-12352,EPA-HQ-OW-2011-0880,individual,individual
EPA-HQ-OW-2011-0880-12354,EPA-HQ-OW-2011-0880,organizational,individual
EPA-HQ-OW-2011-0880-12707,EPA-HQ-OW-2011-0880,individual,individual
EPA-HQ-OW-2011-0880-12826,EPA-HQ-OW-2011-0880,organizational,individual
EPA-HQ-OW-2011-0880-12861,EPA-HQ-OW-2011-0880,individual,individual
EPA-HQ-OW-2011-0880-12862,EPA-HQ-OW-2011-0880,organizational,individual
EPA-HQ-OW-2011-0880-12865,EPA-HQ-OW-2011-0880,organizational,individual
EPA-HQ-OW-2011-0880-12866,EPA-HQ-OW-2011-0880,organizational,individual
EPA-HQ-OW-2011-0880-12867,EPA-HQ-OW-2011-0880,organizational,individual
EPA-HQ-OW-2011-0880-12869,EPA-HQ-OW-2011-0880,organizational,individual
EPA-HQ-OW-2011-0880-12870,EPA-HQ-OW-2011-0880,individual,individual
EPA-HQ-OW-2011-0880-12873,EPA-HQ-OW-2011-0880,individual,individual
EPA-HQ-OW-2011-0880-12876,EPA-HQ-OW-2011-0880,organizational,individual
EPA-HQ-OW-2011-0880-12877,EPA-HQ-OW-2011-0880,organizational,individual
EPA-HQ-OW-2011-0880-12880,EPA-HQ-OW-2011-0880,organizational,individual
EPA-HQ-OW-2011-0880-12882,EPA-HQ-OW-2011-0880,organizational,individual
EPA-HQ-OW-2011-0880-12885,EPA-HQ-OW-2011-0880,organizational,individual
EPA-HQ-OW-2011-0880-12890,EPA-HQ-OW-2011-0880,organizational,individual
EPA-HQ-OW-2011-0880-12894,EPA-HQ-OW-2011-0880,individual,individual
EPA-HQ-OW-2011-0880-12895,EPA-HQ-OW-2011-0880,individual,individual
EPA-HQ-OW-2011-0880-12897,EPA-HQ-OW-2011-0880,organizational,individual
EPA-HQ-OW-2011-0880-12898,EPA-HQ-OW-2011-0880,organizational,individual
EPA-HQ-OW-2011-0880-12900,EPA-HQ-OW-2011-0880,organizational,individual
EPA-HQ-OW-2011-0880-12905,EPA-HQ-OW-2011-0880,organizational,individual
EPA-HQ-OW-2011-0880-12906,EPA-HQ-OW-2011-0880,organizational,individual
EPA-HQ-OW-2011-0880-12907,EPA-HQ-OW-2011-0880,organizational,individual
EPA-HQ-OW-2011-0880-12908,EPA-HQ-OW-2011-0880,organizational,individual
EPA-HQ-OW-2011-0880-12911,EPA-HQ-OW-2011-0880,organizational,individual
EPA-HQ-OW-2011-0880-12941,EPA-HQ-OW-2011-0880,individual,individual
EPA-HQ-OW-2011-0880-12947,EPA-HQ-OW-2011-0880,individual,individual
EPA-HQ-OW-2011-0880-12948,EPA-HQ-OW-2011-0880,organizational,individual
EPA-HQ-OW-2011-0880-12956,EPA-HQ-OW-2011-0880,organizational,individual
EPA-HQ-OW-2011-0880-12958,EPA-HQ-OW-2011-0880,individual,individual
EPA-HQ-OW-2011-0880-12959,EPA-HQ-OW-2011-0880,individual,individual
EPA-HQ-OW-2011-0880-12961,EPA-HQ-OW-2011-0880,individual,organizational
EPA-HQ-OW-2011-0880-12963,EPA-HQ-OW-2011-0880,individual,organizational
EPA-HQ-OW-2011-0880-12965,EPA-HQ-OW-2011-0880,individual,organizational
EPA-HQ-OW-2011-0880-12968,EPA-HQ-OW-2011-0880,individual,organizational
EPA-HQ-OW-2011-0880-12971,EPA-HQ-OW-2011-0880,individual,organizational
EPA-HQ-OW-2011-0880-12973,EPA-HQ-OW-2011-0880,individual,organizational
EPA-HQ-OW-2011-0880-12974,EPA-HQ-OW-2011-0880,individual,organizational
EPA-HQ-OW-2011-0880-12982,EPA-HQ-OW-2011-0880,organizational,individual
EPA-HQ-OW-2011-0880-12984,EPA-HQ-OW-2011-0880,organizational,individual
EPA-HQ-OW-2011-0880-12986,EPA-HQ-OW-2011-0880,organizational,individual
EPA-HQ-OW-2011-0880-12987,EPA-HQ-OW-2011-0880,organizational,individual
EPA-HQ-OW-2011-0880-12989,EPA-HQ-OW-2011-0880,individual,individual
EPA-HQ-OW-2011-0880-12990,EPA-HQ-OW-2011-0880,individual,individual
EPA-HQ-OW-2011-0880-13000,EPA-HQ-OW-2011-0880,organizational,individual
EPA-HQ-OW-2011-0880-13005,EPA-HQ-OW-2011-0880,individual,individual
EPA-HQ-OW-2011-0880-13006,EPA-HQ-OW-2011-0880,individual,individual
EPA-HQ-OW-2011-0880-13008,EPA-HQ-OW-2011-0880,individual,individual
EPA-HQ-OW-2011-0880-13009,EPA-HQ-OW-2011-0880,individual,individual
EPA-HQ-OW-2011-0880-13012,EPA-HQ-OW-2011-0880,organizational,individual
EPA-HQ-OW-2011-0880-13013,EPA-HQ-OW-2011-0880,organizational,individual
EPA-HQ-OW-2011-0880-13014,EPA-HQ-OW-2011-0880,individual,individual
EPA-HQ-OW-2011-0880-13015,EPA-HQ-OW-2011-0880,organizational,individual
EPA-HQ-OW-2011-0880-13018,EPA-HQ-OW-2011-0880,individual,organizational
EPA-HQ-OW-2011-0880-13021,EPA-HQ-OW-2011-0880,organizational,individual
EPA-HQ-OW-2011-0880-13022,EPA-HQ-OW-2011-0880,individual,organizational
EPA-HQ-OW-2011-0880-13026,EPA-HQ-OW-2011-0880,individual,individual
EPA-HQ-OW-2011-0880-13028,EPA-HQ-OW-2011-0880,individual,organizational
EPA-HQ-OW-2011-0880-13031,EPA-HQ-OW-2011-0880,individual,individual
EPA-HQ-OW-2011-0880-13052,EPA-HQ-OW-2011-0880,individual,individual
EPA-HQ-OW-2011-0880-13128,EPA-HQ-OW-2011-0880,organizational,individual
EPA-HQ-OW-2011-0880-13130,EPA-HQ-OW-2011-0880,organizational,individual
EPA-HQ-OW-2011-0880-13131,EPA-HQ-OW-2011-0880,organizational,individual
EPA-HQ-OW-2011-0880-13132,EPA-HQ-OW-2011-0880,organizational,individual
EPA-HQ-OW-2011-0880-13137,EPA-HQ-OW-2011-0880,organizational,individual
EPA-HQ-OW-2011-0880-13138,EPA-HQ-OW-2011-0880,organizational,individual
EPA-HQ-OW-2011-0880-13139,EPA-HQ-OW-2011-0880,organizational,individual
EPA-HQ-OW-2011-0880-13140,EPA-HQ-OW-2011-0880,organizational,individual
EPA-HQ-OW-2011-0880-13214,EPA-HQ-OW-2011-0880,individual,individual
EPA-HQ-OW-2011-0880-13229,EPA-HQ-OW-2011-0880,organizational,individual
EPA-HQ-OW-2011-0880-13230,EPA-HQ-OW-2011-0880,organizational,individual
EPA-HQ-OW-2011-0880-13231,EPA-HQ-OW-2011-0880,organizational,individual
EPA-HQ-OW-2011-0880-13232,EPA-HQ-OW-2011-0880,organizational,individual
EPA-HQ-OW-2011-0880-13237,EPA-HQ-OW-2011-0880,organizational,individual
EPA-HQ-OW-2011-0880-13238,EPA-HQ-OW-2011-0880,organizational,individual
EPA-HQ-OW-2011-0880-13240,EPA-HQ-OW-2011-0880,organizational,other
EPA-HQ-OW-2011-0880-13242,EPA-HQ-OW-2011-0880,organizational,individual
EPA-HQ-OW-2011-0880-13245,EPA-HQ-OW-2011-0880,organizational,individual
EPA-HQ-OW-2011-0880-13252,EPA-HQ-OW-2011-0880,organizational,individual
EPA-HQ-OW-2011-0880-13253,EPA-HQ-OW-2011-0880,organizational,individual
EPA-HQ-OW-2011-0880-13254,EPA-HQ-OW-2011-0880,organizational,individual
EPA-HQ-OW-2011-0880-13255,EPA-HQ-OW-2011-0880,organizational,individual
EPA-HQ-OW-2011-0880-13257,EPA-HQ-OW-2011-0880,organizational,individual
EPA-HQ-OW-2011-0880-13261,EPA-HQ-OW-2011-0880,organizational,individual
EPA-HQ-OW-2011-0880-13273,EPA-HQ-OW-2011-0880,organizational,individual
EPA-HQ-OW-2011-0880-13275,EPA-HQ-OW-2011-0880,organizational,individual
EPA-HQ-OW-2011-0880-13277,EPA-HQ-OW-2011-0880,organizational,individual
EPA-HQ-OW-2011-0880-13278,EPA-HQ-OW-2011-0880,individual,individual
EPA-HQ-OW-2011-0880-13281,EPA-HQ-OW-2011-0880,organizational,individual
EPA-HQ-OW-2011-0880-13282,EPA-HQ-OW-2011-0880,organizational,individual
EPA-HQ-OW-2011-0880-13283,EPA-HQ-OW-2011-0880,organizational,individual
EPA-HQ-OW-2011-0880-13285,EPA-HQ-OW-2011-0880,organizational,individual
EPA-HQ-OW-2011-0880-13287,EPA-HQ-OW-2011-0880,organizational,individual
EPA-HQ-OW-2011-0880-13290,EPA-HQ-OW-2011-0880,organizational,individual
EPA-HQ-OW-2011-0880-13293,EPA-HQ-OW-2011-0880,organizational,individual
EPA-HQ-OW-2011-0880-13295,EPA-HQ-OW-2011-0880,organizational,individual
EPA-HQ-OW-2011-0880-13297,EPA-HQ-OW-2011-0880,individual,individual
EPA-HQ-OW-2011-0880-13300,EPA-HQ-OW-2011-0880,individual,individual
EPA-HQ-OW-2011-0880-13302,EPA-HQ-OW-2011-0880,organizational,individual
EPA-HQ-OW-2011-0880-13303,EPA-HQ-OW-2011-0880,organizational,individual
EPA-HQ-OW-2011-0880-13305,EPA-HQ-OW-2011-0880,organizational,individual
EPA-HQ-OW-2011-0880-13309,EPA-HQ-OW-2011-0880,organizational,individual
EPA-HQ-OW-2011-0880-13310,EPA-HQ-OW-2011-0880,organizational,individual
EPA-HQ-OW-2011-0880-13311,EPA-HQ-OW-2011-0880,organizational,individual
EPA-HQ-OW-2011-0880-13312,EPA-HQ-OW-2011-0880,organizational,individual
EPA-HQ-OW-2011-0880-13313,EPA-HQ-OW-2011-0880,organizational,individual
EPA-HQ-OW-2011-0880-13324,EPA-HQ-OW-2011-0880,individual,individual
EPA-HQ-OW-2011-0880-13326,EPA-HQ-OW-2011-0880,organizational,individual
EPA-HQ-OW-2011-0880-13334,EPA-HQ-OW-2011-0880,organizational,individual
EPA-HQ-OW-2011-0880-13337,EPA-HQ-OW-2011-0880,organizational,individual
EPA-HQ-OW-2011-0880-13339,EPA-HQ-OW-2011-0880,organizational,individual
EPA-HQ-OW-2011-0880-13344,EPA-HQ-OW-2011-0880,organizational,individual
EPA-HQ-OW-2011-0880-13345,EPA-HQ-OW-2011-0880,individual,individual
EPA-HQ-OW-2011-0880-13346,EPA-HQ-OW-2011-0880,organizational,individual
EPA-HQ-OW-2011-0880-13348,EPA-HQ-OW-2011-0880,organizational,individual
EPA-HQ-OW-2011-0880-13350,EPA-HQ-OW-2011-0880,organizational,individual
EPA-HQ-OW-2011-0880-13351,EPA-HQ-OW-2011-0880,organizational,individual
EPA-HQ-OW-2011-0880-13353,EPA-HQ-OW-2011-0880,organizational,individual
EPA-HQ-OW-2011-0880-13356,EPA-HQ-OW-2011-0880,organizational,individual
EPA-HQ-OW-2011-0880-13358,EPA-HQ-OW-2011-0880,individual,individual
EPA-HQ-OW-2011-0880-13360,EPA-HQ-OW-2011-0880,individual,individual
EPA-HQ-OW-2011-0880-13367,EPA-HQ-OW-2011-0880,organizational,individual
EPA-HQ-OW-2011-0880-13462,EPA-HQ-OW-2011-0880,organizational,individual
EPA-HQ-OW-2011-0880-13465,EPA-HQ-OW-2011-0880,organizational,individual
EPA-HQ-OW-2011-0880-13466,EPA-HQ-OW-2011-0880,organizational,individual
EPA-HQ-OW-2011-0880-13467,EPA-HQ-OW-2011-0880,individual,individual
EPA-HQ-OW-2011-0880-13468,EPA-HQ-OW-2011-0880,individual,individual
EPA-HQ-OW-2011-0880-13469,EPA-HQ-OW-2011-0880,organizational,individual
EPA-HQ-OW-2011-0880-13472,EPA-HQ-OW-2011-0880,individual,individual
EPA-HQ-OW-2011-0880-13473,EPA-HQ-OW-2011-0880,organizational,individual
EPA-HQ-OW-2011-0880-13474,EPA-HQ-OW-2011-0880,individual,individual
EPA-HQ-OW-2011-0880-13478,EPA-HQ-OW-2011-0880,organizational,individual
EPA-HQ-OW-2011-0880-13481,EPA-HQ-OW-2011-0880,organizational,individual
EPA-HQ-OW-2011-0880-13487,EPA-HQ-OW-2011-0880,organizational,individual
EPA-HQ-OW-2011-0880-13488,EPA-HQ-OW-2011-0880,organizational,individual
EPA-HQ-OW-2011-0880-13490,EPA-HQ-OW-2011-0880,organizational,individual
EPA-HQ-OW-2011-0880-13494,EPA-HQ-OW-2011-0880,organizational,individual
EPA-HQ-OW-2011-0880-13495,EPA-HQ-OW-2011-0880,individual,individual
EPA-HQ-OW-2011-0880-13561,EPA-HQ-OW-2011-0880,individual,organizational
EPA-HQ-OW-2011-0880-13562,EPA-HQ-OW-2011-0880,individual,individual
EPA-HQ-OW-2011-0880-13586,EPA-HQ-OW-2011-0880,individual,individual
EPA-HQ-OW-2011-0880-13588,EPA-HQ-OW-2011-0880,individual,individual
EPA-HQ-OW-2011-0880-13589,EPA-HQ-OW-2011-0880,individual,individual
EPA-HQ-OW-2011-0880-13605,EPA-HQ-OW-2011-0880,individual,individual
EPA-HQ-OW-2011-0880-13628,EPA-HQ-OW-2011-0880,organizational,organizational
EPA-HQ-OW-2011-0880-13634,EPA-HQ-OW-2011-0880,organizational,individual
EPA-HQ-OW-2011-0880-13635,EPA-HQ-OW-2011-0880,organizational,individual
EPA-HQ-OW-2011-0880-13636,EPA-HQ-OW-2011-0880,organizational,individual
EPA-HQ-OW-2011-0880-13637,EPA-HQ-OW-2011-0880,organizational,individual
EPA-HQ-OW-2011-0880-13639,EPA-HQ-OW-2011-0880,organizational,individual
EPA-HQ-OW-2011-0880-13642,EPA-HQ-OW-2011-0880,organizational,individual
EPA-HQ-OW-2011-0880-13645,EPA-HQ-OW-2011-0880,organizational,individual
EPA-HQ-OW-2011-0880-13648,EPA-HQ-OW-2011-0880,organizational,individual
EPA-HQ-OW-2011-0880-13651,EPA-HQ-OW-2011-0880,organizational,individual
EPA-HQ-OW-2011-0880-13652,EPA-HQ-OW-2011-0880,organizational,individual
EPA-HQ-OW-2011-0880-13653,EPA-HQ-OW-2011-0880,organizational,individual
EPA-HQ-OW-2011-0880-13654,EPA-HQ-OW-2011-0880,individual,individual
EPA-HQ-OW-2011-0880-13655,EPA-HQ-OW-2011-0880,individual,individual
EPA-HQ-OW-2011-0880-13657,EPA-HQ-OW-2011-0880,individual,individual
EPA-HQ-OW-2011-0880-13658,EPA-HQ-OW-2011-0880,individual,individual
EPA-HQ-OW-2011-0880-13661,EPA-HQ-OW-2011-0880,organizational,individual
EPA-HQ-OW-2011-0880-13739,EPA-HQ-OW-2011-0880,organizational,other
EPA-HQ-OW-2011-0880-13818,EPA-HQ-OW-2011-0880,individual,individual
EPA-HQ-OW-2011-0880-13820,EPA-HQ-OW-2011-0880,organizational,individual
EPA-HQ-OW-2011-0880-13821,EPA-HQ-OW-2011-0880,organizational,individual
EPA-HQ-OW-2011-0880-13825,EPA-HQ-OW-2011-0880,individual,individual
EPA-HQ-OW-2011-0880-13826,EPA-HQ-OW-2011-0880,individual,individual
EPA-HQ-OW-2011-0880-13828,EPA-HQ-OW-2011-0880,individual,individual
EPA-HQ-OW-2011-0880-13829,EPA-HQ-OW-2011-0880,organizational,individual
EPA-HQ-OW-2011-0880-13831,EPA-HQ-OW-2011-0880,organizational,individual
EPA-HQ-OW-2011-0880-13848,EPA-HQ-OW-2011-0880,individual,individual
EPA-HQ-OW-2011-0880-13856,EPA-HQ-OW-2011-0880,organizational,individual
EPA-HQ-OW-2011-0880-13858,EPA-HQ-OW-2011-0880,organizational,individual
EPA-HQ-OW-2011-0880-13859,EPA-HQ-OW-2011-0880,organizational,individual
EPA-HQ-OW-2011-0880-13860,EPA-HQ-OW-2011-0880,organizational,individual
EPA-HQ-OW-2011-0880-13862,EPA-HQ-OW-2011-0880,organizational,individual
EPA-HQ-OW-2011-0880-13886,EPA-HQ-OW-2011-0880,individual,individual
EPA-HQ-OW-2011-0880-13958,EPA-HQ-OW-2011-0880,individual,individual
EPA-HQ-OW-2011-0880-13970,EPA-HQ-OW-2011-0880,individual,individual
EPA-HQ-OW-2011-0880-13971,EPA-HQ-OW-2011-0880,individual,organizational
EPA-HQ-OW-2011-0880-13972,EPA-HQ-OW-2011-0880,individual,individual
EPA-HQ-OW-2011-0880-13973,EPA-HQ-OW-2011-0880,individual,individual
EPA-HQ-OW-2011-0880-13974,EPA-HQ-OW-2011-0880,individual,individual
EPA-HQ-OW-2011-0880-13975,EPA-HQ-OW-2011-0880,individual,individual
EPA-HQ-OW-2011-0880-13977,EPA-HQ-OW-2011-0880,individual,organizational
EPA-HQ-OW-2011-0880-13985,EPA-HQ-OW-2011-0880,organizational,individual
EPA-HQ-OW-2011-0880-13986,EPA-HQ-OW-2011-0880,organizational,individual
EPA-HQ-OW-2011-0880-13991,EPA-HQ-OW-2011-0880,individual,individual
EPA-HQ-OW-2011-0880-14004,EPA-HQ-OW-2011-0880,organizational,other
EPA-HQ-OW-2011-0880-14022,EPA-HQ-OW-2011-0880,individual,individual
EPA-HQ-OW-2011-0880-14024,EPA-HQ-OW-2011-0880,individual,organizational
EPA-HQ-OW-2011-0880-14025,EPA-HQ-OW-2011-0880,organizational,individual
EPA-HQ-OW-2011-0880-14056,EPA-HQ-OW-2011-0880,individual,organizational
EPA-HQ-OW-2011-0880-14086,EPA-HQ-OW-2011-0880,individual,organizational
EPA-HQ-OW-2011-0880-14090,EPA-HQ-OW-2011-0880,individual,individual
EPA-HQ-OW-2011-0880-14096,EPA-HQ-OW-2011-0880,individual,individual
EPA-HQ-OW-2011-0880-14101,EPA-HQ-OW-2011-0880,individual,individual
EPA-HQ-OW-2011-0880-14106,EPA-HQ-OW-2011-0880,individual,individual
EPA-HQ-OW-2011-0880-14108,EPA-HQ-OW-2011-0880,individual,individual
EPA-HQ-OW-2011-0880-14110,EPA-HQ-OW-2011-0880,individual,individual
EPA-HQ-OW-2011-0880-14113,EPA-HQ-OW-2011-0880,individual,individual
EPA-HQ-OW-2011-0880-14118,EPA-HQ-OW-2011-0880,individual,individual
EPA-HQ-OW-2011-0880-14120,EPA-HQ-OW-2011-0880,individual,organizational
EPA-HQ-OW-2011-0880-14132,EPA-HQ-OW-2011-0880,individual,organizational
EPA-HQ-OW-2011-0880-14140,EPA-HQ-OW-2011-0880,individual,organizational
EPA-HQ-OW-2011-0880-14141,EPA-HQ-OW-2011-0880,individual,organizational
EPA-HQ-OW-2011-0880-14142,EPA-HQ-OW-2011-0880,individual,organizational
EPA-HQ-OW-2011-0880-14145,EPA-HQ-OW-2011-0880,individual,organizational
EPA-HQ-OW-2011-0880-14149,EPA-HQ-OW-2011-0880,organizational,individual
EPA-HQ-OW-2011-0880-14315,EPA-HQ-OW-2011-0880,individual,organizational
EPA-HQ-OW-2011-0880-14318,EPA-HQ-OW-2011-0880,individual,organizational
EPA-HQ-OW-2011-0880-14320,EPA-HQ-OW-2011-0880,individual,individual
EPA-HQ-OW-2011-0880-14435,EPA-HQ-OW-2011-0880,organizational,other
EPA-HQ-OW-2011-0880-14437,EPA-HQ-OW-2011-0880,individual,organizational
EPA-HQ-OW-2011-0880-14441,EPA-HQ-OW-2011-0880,organizational,individual
EPA-HQ-OW-2011-0880-14443,EPA-HQ-OW-2011-0880,organizational,individual
EPA-HQ-OW-2011-0880-14446,EPA-HQ-OW-2011-0880,organizational,individual
EPA-HQ-OW-2011-0880-14449,EPA-HQ-OW-2011-0880,individual,organizational
EPA-HQ-OW-2011-0880-14452,EPA-HQ-OW-2011-0880,individual,individual
EPA-HQ-OW-2011-0880-14453,EPA-HQ-OW-2011-0880,individual,organizational
EPA-HQ-OW-2011-0880-14455,EPA-HQ-OW-2011-0880,individual,organizational
EPA-HQ-OW-2011-0880-14456,EPA-HQ-OW-2011-0880,individual,organizational
EPA-HQ-OW-2011-0880-14458,EPA-HQ-OW-2011-0880,individual,individual
EPA-HQ-OW-2011-0880-14459,EPA-HQ-OW-2011-0880,individual,organizational
EPA-HQ-OW-2011-0880-14528,EPA-HQ-OW-2011-0880,individual,organizational
EPA-HQ-OW-2011-0880-14529,EPA-HQ-OW-2011-0880,individual,organizational
EPA-HQ-OW-2011-0880-14543,EPA-HQ-OW-2011-0880,individual,individual
EPA-HQ-OW-2011-0880-14545,EPA-HQ-OW-2011-0880,individual,organizational
EPA-HQ-OW-2011-0880-14546,EPA-HQ-OW-2011-0880,individual,organizational
EPA-HQ-OW-2011-0880-14549,EPA-HQ-OW-2011-0880,individual,organizational
EPA-HQ-OW-2011-0880-14552,EPA-HQ-OW-2011-0880,individual,individual
EPA-HQ-OW-2011-0880-14553,EPA-HQ-OW-2011-0880,individual,organizational
EPA-HQ-OW-2011-0880-14554,EPA-HQ-OW-2011-0880,individual,organizational
EPA-HQ-OW-2011-0880-14556,EPA-HQ-OW-2011-0880,individual,individual
EPA-HQ-OW-2011-0880-14560,EPA-HQ-OW-2011-0880,individual,organizational
EPA-HQ-OW-2011-0880-14600,EPA-HQ-OW-2011-0880,organizational,individual
EPA-HQ-OW-2011-0880-14614,EPA-HQ-OW-2011-0880,individual,organizational
EPA-HQ-OW-2011-0880-14627,EPA-HQ-OW-2011-0880,individual,organizational
EPA-HQ-OW-2011-0880-14628,EPA-HQ-OW-2011-0880,individual,individual
EPA-HQ-OW-2011-0880-14633,EPA-HQ-OW-2011-0880,individual,organizational
EPA-HQ-OW-2011-0880-14635,EPA-HQ-OW-2011-0880,individual,individual
EPA-HQ-OW-2011-0880-14713,EPA-HQ-OW-2011-0880,individual,individual
EPA-HQ-OW-2011-0880-14722,EPA-HQ-OW-2011-0880,individual,organizational
EPA-HQ-OW-2011-0880-14728,EPA-HQ-OW-2011-0880,individual,organizational
EPA-HQ-OW-2011-0880-14735,EPA-HQ-OW-2011-0880,individual,individual
EPA-HQ-OW-2011-0880-14736,EPA-HQ-OW-2011-0880,individual,organizational
EPA-HQ-OW-2011-0880-14738,EPA-HQ-OW-2011-0880,individual,organizational
EPA-HQ-OW-2011-0880-14757,EPA-HQ-OW-2011-0880,individual,organizational
EPA-HQ-OW-2011-0880-14816,EPA-HQ-OW-2011-0880,individual,organizational
EPA-HQ-OW-2011-0880-14882,EPA-HQ-OW-2011-0880,individual,organizational
EPA-HQ-OW-2011-0880-14883,EPA-HQ-OW-2011-0880,individual,individual
EPA-HQ-OW-2011-0880-14896,EPA-HQ-OW-2011-0880,individual,individual
EPA-HQ-OW-2011-0880-14926,EPA-HQ-OW-2011-0880,organizational,individual
EPA-HQ-OW-2011-0880-14936,EPA-HQ-OW-2011-0880,individual,individual
EPA-HQ-OW-2011-0880-14939,EPA-HQ-OW-2011-0880,organizational,individual
EPA-HQ-OW-2011-0880-14941,EPA-HQ-OW-2011-0880,organizational,individual
EPA-HQ-OW-2011-0880-14942,EPA-HQ-OW-2011-0880,individual,individual
EPA-HQ-OW-2011-0880-14944,EPA-HQ-OW-2011-0880,organizational,individual
EPA-HQ-OW-2011-0880-14945,EPA-HQ-OW-2011-0880,individual,individual
EPA-HQ-OW-2011-0880-14950,EPA-HQ-OW-2011-0880,organizational,individual
EPA-HQ-OW-2011-0880-14953,EPA-HQ-OW-2011-0880,organizational,individual
EPA-HQ-OW-2011-0880-14954,EPA-HQ-OW-2011-0880,organizational,individual
EPA-HQ-OW-2011-0880-14956,EPA-HQ-OW-2011-0880,organizational,individual
EPA-HQ-OW-2011-0880-14959,EPA-HQ-OW-2011-0880,individual,individual
EPA-HQ-OW-2011-0880-14960,EPA-HQ-OW-2011-0880,individual,organizational
EPA-HQ-OW-2011-0880-14961,EPA-HQ-OW-2011-0880,individual,individual
EPA-HQ-OW-2011-0880-14962,EPA-HQ-OW-2011-0880,organizational,individual
EPA-HQ-OW-2011-0880-14970,EPA-HQ-OW-2011-0880,organizational,individual
EPA-HQ-OW-2011-0880-14971,EPA-HQ-OW-2011-0880,individual,individual
EPA-HQ-OW-2011-0880-15005,EPA-HQ-OW-2011-0880,individual,individual
EPA-HQ-OW-2011-0880-15022,EPA-HQ-OW-2011-0880,individual,organizational
EPA-HQ-OW-2011-0880-15025,EPA-HQ-OW-2011-0880,individual,organizational
EPA-HQ-OW-2011-0880-15039,EPA-HQ-OW-2011-0880,organizational,organizational
EPA-HQ-OW-2011-0880-15086,EPA-HQ-OW-2011-0880,individual,organizational
EPA-HQ-OW-2011-0880-15147,EPA-HQ-OW-2011-0880,individual,organizational
EPA-HQ-OW-2011-0880-15171,EPA-HQ-OW-2011-0880,individual,organizational
EPA-HQ-OW-2011-0880-15282,EPA-HQ-OW-2011-0880,organizational,individual
EPA-HQ-OW-2011-0880-15283,EPA-HQ-OW-2011-0880,organizational,individual
EPA-HQ-OW-2011-0880-15285,EPA-HQ-OW-2011-0880,organizational,individual
EPA-HQ-OW-2011-0880-15286,EPA-HQ-OW-2011-0880,individual,individual
EPA-HQ-OW-2011-0880-15287,EPA-HQ-OW-2011-0880,organizational,individual
EPA-HQ-OW-2011-0880-15288,EPA-HQ-OW-2011-0880,organizational,individual
EPA-HQ-OW-2011-0880-15292,EPA-HQ-OW-2011-0880,organizational,individual
EPA-HQ-OW-2011-0880-15293,EPA-HQ-OW-2011-0880,organizational,individual
EPA-HQ-OW-2011-0880-15294,EPA-HQ-OW-2011-0880,individual,individual
EPA-HQ-OW-2011-0880-15295,EPA-HQ-OW-2011-0880,organizational,individual
EPA-HQ-OW-2011-0880-15296,EPA-HQ-OW-2011-0880,organizational,individual
EPA-HQ-OW-2011-0880-15299,EPA-HQ-OW-2011-0880,organizational,individual
EPA-HQ-OW-2011-0880-15300,EPA-HQ-OW-2011-0880,organizational,individual
EPA-HQ-OW-2011-0880-15302,EPA-HQ-OW-2011-0880,organizational,individual
EPA-HQ-OW-2011-0880-15304,EPA-HQ-OW-2011-0880,organizational,individual
EPA-HQ-OW-2011-0880-15305,EPA-HQ-OW-2011-0880,organizational,individual
EPA-HQ-OW-2011-0880-15306,EPA-HQ-OW-2011-0880,organizational,individual
EPA-HQ-OW-2011-0880-15310,EPA-HQ-OW-2011-0880,organizational,individual
EPA-HQ-OW-2011-0880-15313,EPA-HQ-OW-2011-0880,organizational,individual
EPA-HQ-OW-2011-0880-15316,EPA-HQ-OW-2011-0880,organizational,individual
EPA-HQ-OW-2011-0880-15317,EPA-HQ-OW-2011-0880,organizational,individual
EPA-HQ-OW-2011-0880-15319,EPA-HQ-OW-2011-0880,organizational,individual
EPA-HQ-OW-2011-0880-15322,EPA-HQ-OW-2011-0880,organizational,individual
EPA-HQ-OW-2011-0880-15323,EPA-HQ-OW-2011-0880,organizational,individual
EPA-HQ-OW-2011-0880-15324,EPA-HQ-OW-2011-0880,organizational,individual
EPA-HQ-OW-2011-0880-15326,EPA-HQ-OW-2011-0880,organizational,individual
EPA-HQ-OW-2011-0880-15329,EPA-HQ-OW-2011-0880,organizational,individual
EPA-HQ-OW-2011-0880-15331,EPA-HQ-OW-2011-0880,organizational,individual
EPA-HQ-OW-2011-0880-15335,EPA-HQ-OW-2011-0880,organizational,individual
EPA-HQ-OW-2011-0880-15336,EPA-HQ-OW-2011-0880,organizational,individual
EPA-HQ-OW-2011-0880-15339,EPA-HQ-OW-2011-0880,organizational,individual
EPA-HQ-OW-2011-0880-15340,EPA-HQ-OW-2011-0880,organizational,individual
EPA-HQ-OW-2011-0880-15354,EPA-HQ-OW-2011-0880,individual,organizational
EPA-HQ-OW-2011-0880-15360,EPA-HQ-OW-2011-0880,individual,individual
EPA-HQ-OW-2011-0880-15390,EPA-HQ-OW-2011-0880,individual,organizational
EPA-HQ-OW-2011-0880-15412,EPA-HQ-OW-2011-0880,individual,organizational
EPA-HQ-OW-2011-0880-15430,EPA-HQ-OW-2011-0880,individual,organizational
EPA-HQ-OW-2011-0880-15562,EPA-HQ-OW-2011-0880,organizational,individual
EPA-HQ-OW-2011-0880-15563,EPA-HQ-OW-2011-0880,individual,organizational
EPA-HQ-OW-2011-0880-15590,EPA-HQ-OW-2011-0880,individual,individual
EPA-HQ-OW-2011-0880-15594,EPA-HQ-OW-2011-0880,organizational,individual
EPA-HQ-OW-2011-0880-15595,EPA-HQ-OW-2011-0880,organizational,individual
EPA-HQ-OW-2011-0880-15597,EPA-HQ-OW-2011-0880,organizational,individual
EPA-HQ-OW-2011-0880-15598,EPA-HQ-OW-2011-0880,organizational,individual
EPA-HQ-OW-2011-0880-15602,EPA-HQ-OW-2011-0880,individual,individual
EPA-HQ-OW-2011-0880-15607,EPA-HQ-OW-2011-0880,organizational,individual
EPA-HQ-OW-2011-0880-15609,EPA-HQ-OW-2011-0880,organizational,individual
EPA-HQ-OW-2011-0880-15610,EPA-HQ-OW-2011-0880,organizational,individual
EPA-HQ-OW-2011-0880-15611,EPA-HQ-OW-2011-0880,organizational,individual
EPA-HQ-OW-2011-0880-15626,EPA-HQ-OW-2011-0880,individual,organizational
EPA-HQ-OW-2011-0880-15631,EPA-HQ-OW-2011-0880,organizational,individual
EPA-HQ-OW-2011-0880-15669,EPA-HQ-OW-2011-0880,individual,individual
EPA-HQ-OW-2011-0880-15671,EPA-HQ-OW-2011-0880,organizational,individual
EPA-HQ-OW-2011-0880-15673,EPA-HQ-OW-2011-0880,organizational,individual
EPA-HQ-OW-2011-0880-15674,EPA-HQ-OW-2011-0880,individual,individual
EPA-HQ-OW-2011-0880-15675,EPA-HQ-OW-2011-0880,individual,individual
EPA-HQ-OW-2011-0880-15678,EPA-HQ-OW-2011-0880,organizational,individual
EPA-HQ-OW-2011-0880-15679,EPA-HQ-OW-2011-0880,organizational,individual
EPA-HQ-OW-2011-0880-15683,EPA-HQ-OW-2011-0880,organizational,individual
EPA-HQ-OW-2011-0880-15687,EPA-HQ-OW-2011-0880,individual,individual
EPA-HQ-OW-2011-0880-15688,EPA-HQ-OW-2011-0880,organizational,individual
EPA-HQ-OW-2011-0880-15691,EPA-HQ-OW-2011-0880,organizational,individual
EPA-HQ-OW-2011-0880-15699,EPA-HQ-OW-2011-0880,individual,organizational
EPA-HQ-OW-2011-0880-15703,EPA-HQ-OW-2011-0880,individual,organizational
EPA-HQ-OW-2011-0880-15704,EPA-HQ-OW-2011-0880,individual,organizational
EPA-HQ-OW-2011-0880-15705,EPA-HQ-OW-2011-0880,individual,organizational
EPA-HQ-OW-2011-0880-15711,EPA-HQ-OW-2011-0880,individual,individual
EPA-HQ-OW-2011-0880-15712,EPA-HQ-OW-2011-0880,individual,organizational
EPA-HQ-OW-2011-0880-15713,EPA-HQ-OW-2011-0880,individual,individual
EPA-HQ-OW-2011-0880-15715,EPA-HQ-OW-2011-0880,individual,individual
EPA-HQ-OW-2011-0880-15731,EPA-HQ-OW-2011-0880,organizational,individual
EPA-HQ-OW-2011-0880-15734,EPA-HQ-OW-2011-0880,individual,individual
EPA-HQ-OW-2011-0880-15736,EPA-HQ-OW-2011-0880,organizational,individual
EPA-HQ-OW-2011-0880-15737,EPA-HQ-OW-2011-0880,organizational,individual
EPA-HQ-OW-2011-0880-15738,EPA-HQ-OW-2011-0880,organizational,individual
EPA-HQ-OW-2011-0880-15740,EPA-HQ-OW-2011-0880,individual,individual
EPA-HQ-OW-2011-0880-15743,EPA-HQ-OW-2011-0880,individual,individual
EPA-HQ-OW-2011-0880-15747,EPA-HQ-OW-2011-0880,individual,individual
EPA-HQ-OW-2011-0880-15748,EPA-HQ-OW-2011-0880,individual,individual
EPA-HQ-OW-2011-0880-15749,EPA-HQ-OW-2011-0880,organizational,individual
EPA-HQ-OW-2011-0880-15750,EPA-HQ-OW-2011-0880,individual,individual
EPA-HQ-OW-2011-0880-15753,EPA-HQ-OW-2011-0880,organizational,individual
EPA-HQ-OW-2011-0880-15755,EPA-HQ-OW-2011-0880,organizational,individual
EPA-HQ-OW-2011-0880-15756,EPA-HQ-OW-2011-0880,individual,individual
EPA-HQ-OW-2011-0880-15757,EPA-HQ-OW-2011-0880,organizational,individual
EPA-HQ-OW-2011-0880-15760,EPA-HQ-OW-2011-0880,organizational,individual
EPA-HQ-OW-2011-0880-15762,EPA-HQ-OW-2011-0880,individual,individual
EPA-HQ-OW-2011-0880-15763,EPA-HQ-OW-2011-0880,organizational,individual
EPA-HQ-OW-2011-0880-15764,EPA-HQ-OW-2011-0880,individual,individual
EPA-HQ-OW-2011-0880-15765,EPA-HQ-OW-2011-0880,organizational,individual
EPA-HQ-OW-2011-0880-15788,EPA-HQ-OW-2011-0880,individual,individual
EPA-HQ-OW-2011-0880-15791,EPA-HQ-OW-2011-0880,individual,individual
EPA-HQ-OW-2011-0880-15792,EPA-HQ-OW-2011-0880,individual,individual
EPA-HQ-OW-2011-0880-15793,EPA-HQ-OW-2011-0880,individual,individual
EPA-HQ-OW-2011-0880-15796,EPA-HQ-OW-2011-0880,individual,individual
EPA-HQ-OW-2011-0880-15797,EPA-HQ-OW-2011-0880,individual,individual
EPA-HQ-OW-2011-0880-15798,EPA-HQ-OW-2011-0880,organizational,individual
EPA-HQ-OW-2011-0880-15799,EPA-HQ-OW-2011-0880,organizational,individual
EPA-HQ-OW-2011-0880-15800,EPA-HQ-OW-2011-0880,organizational,individual
EPA-HQ-OW-2011-0880-15801,EPA-HQ-OW-2011-0880,individual,individual
EPA-HQ-OW-2011-0880-15802,EPA-HQ-OW-2011-0880,organizational,individual
EPA-HQ-OW-2011-0880-15804,EPA-HQ-OW-2011-0880,individual,organizational
EPA-HQ-OW-2011-0880-15810,EPA-HQ-OW-2011-0880,individual,individual
EPA-HQ-OW-2011-0880-15815,EPA-HQ-OW-2011-0880,organizational,individual
EPA-HQ-OW-2011-0880-15816,EPA-HQ-OW-2011-0880,organizational,individual
EPA-HQ-OW-2011-0880-15817,EPA-HQ-OW-2011-0880,individual,individual
EPA-HQ-OW-2011-0880-15840,EPA-HQ-OW-2011-0880,organizational,individual
EPA-HQ-OW-2011-0880-15867,EPA-HQ-OW-2011-0880,organizational,individual
EPA-HQ-OW-2011-0880-15871,EPA-HQ-OW-2011-0880,individual,individual
EPA-HQ-OW-2011-0880-15873,EPA-HQ-OW-2011-0880,organizational,individual
EPA-HQ-OW-2011-0880-15878,EPA-HQ-OW-2011-0880,organizational,individual
EPA-HQ-OW-2011-0880-15880,EPA-HQ-OW-2011-0880,organizational,individual
EPA-HQ-OW-2011-0880-15883,EPA-HQ-OW-2011-0880,individual,individual
EPA-HQ-OW-2011-0880-15884,EPA-HQ-OW-2011-0880,organizational,individual
EPA-HQ-OW-2011-0880-15885,EPA-HQ-OW-2011-0880,organizational,individual
EPA-HQ-OW-2011-0880-15886,EPA-HQ-OW-2011-0880,organizational,individual
EPA-HQ-OW-2011-0880-15887,EPA-HQ-OW-2011-0880,organizational,individual
EPA-HQ-OW-2011-0880-15893,EPA-HQ-OW-2011-0880,individual,individual
EPA-HQ-OW-2011-0880-15899,EPA-HQ-OW-2011-0880,organizational,individual
EPA-HQ-OW-2011-0880-15901,EPA-HQ-OW-2011-0880,individual,individual
EPA-HQ-OW-2011-0880-15903,EPA-HQ-OW-2011-0880,organizational,individual
EPA-HQ-OW-2011-0880-15914,EPA-HQ-OW-2011-0880,organizational,individual
EPA-HQ-OW-2011-0880-15916,EPA-HQ-OW-2011-0880,organizational,individual
EPA-HQ-OW-2011-0880-15917,EPA-HQ-OW-2011-0880,organizational,individual
EPA-HQ-OW-2011-0880-15920,EPA-HQ-OW-2011-0880,individual,individual
EPA-HQ-OW-2011-0880-15938,EPA-HQ-OW-2011-0880,individual,organizational
EPA-HQ-OW-2011-0880-16063,EPA-HQ-OW-2011-0880,organizational,individual
EPA-HQ-OW-2011-0880-16064,EPA-HQ-OW-2011-0880,organizational,individual
EPA-HQ-OW-2011-0880-16065,EPA-HQ-OW-2011-0880,organizational,individual
EPA-HQ-OW-2011-0880-16066,EPA-HQ-OW-2011-0880,organizational,individual
EPA-HQ-OW-2011-0880-16067,EPA-HQ-OW-2011-0880,individual,organizational
EPA-HQ-OW-2011-0880-16068,EPA-HQ-OW-2011-0880,organizational,individual
EPA-HQ-OW-2011-0880-16069,EPA-HQ-OW-2011-0880,organizational,individual
EPA-HQ-OW-2011-0880-16072,EPA-HQ-OW-2011-0880,organizational,individual
EPA-HQ-OW-2011-0880-16073,EPA-HQ-OW-2011-0880,organizational,individual
EPA-HQ-OW-2011-0880-16076,EPA-HQ-OW-2011-0880,organizational,individual
EPA-HQ-OW-2011-0880-16078,EPA-HQ-OW-2011-0880,organizational,individual
EPA-HQ-OW-2011-0880-16082,EPA-HQ-OW-2011-0880,organizational,individual
EPA-HQ-OW-2011-0880-16085,EPA-HQ-OW-2011-0880,individual,individual
EPA-HQ-OW-2011-0880-16087,EPA-HQ-OW-2011-0880,organizational,individual
EPA-HQ-OW-2011-0880-16091,EPA-HQ-OW-2011-0880,organizational,individual
EPA-HQ-OW-2011-0880-16092,EPA-HQ-OW-2011-0880,organizational,individual
EPA-HQ-OW-2011-0880-16094,EPA-HQ-OW-2011-0880,organizational,individual
EPA-HQ-OW-2011-0880-16095,EPA-HQ-OW-2011-0880,organizational,individual
EPA-HQ-OW-2011-0880-16099,EPA-HQ-OW-2011-0880,organizational,individual
EPA-HQ-OW-2011-0880-16102,EPA-HQ-OW-2011-0880,individual,individual
EPA-HQ-OW-2011-0880-16103,EPA-HQ-OW-2011-0880,individual,organizational
EPA-HQ-OW-2011-0880-16104,EPA-HQ-OW-2011-0880,organizational,individual
EPA-HQ-OW-2011-0880-16106,EPA-HQ-OW-2011-0880,organizational,individual
EPA-HQ-OW-2011-0880-16107,EPA-HQ-OW-2011-0880,organizational,individual
EPA-HQ-OW-2011-0880-16110,EPA-HQ-OW-2011-0880,organizational,individual
EPA-HQ-OW-2011-0880-16114,EPA-HQ-OW-2011-0880,organizational,individual
EPA-HQ-OW-2011-0880-16118,EPA-HQ-OW-2011-0880,individual,individual
EPA-HQ-OW-2011-0880-16119,EPA-HQ-OW-2011-0880,individual,individual
EPA-HQ-OW-2011-0880-16122,EPA-HQ-OW-2011-0880,organizational,individual
EPA-HQ-OW-2011-0880-16124,EPA-HQ-OW-2011-0880,organizational,individual
EPA-HQ-OW-2011-0880-16125,EPA-HQ-OW-2011-0880,individual,organizational
EPA-HQ-OW-2011-0880-16128,EPA-HQ-OW-2011-0880,organizational,individual
EPA-HQ-OW-2011-0880-16129,EPA-HQ-OW-2011-0880,organizational,individual
EPA-HQ-OW-2011-0880-16133,EPA-HQ-OW-2011-0880,individual,individual
EPA-HQ-OW-2011-0880-16136,EPA-HQ-OW-2011-0880,organizational,individual
EPA-HQ-OW-2011-0880-16138,EPA-HQ-OW-2011-0880,organizational,individual
EPA-HQ-OW-2011-0880-16139,EPA-HQ-OW-2011-0880,organizational,individual
EPA-HQ-OW-2011-0880-16140,EPA-HQ-OW-2011-0880,organizational,individual
EPA-HQ-OW-2011-0880-16143,EPA-HQ-OW-2011-0880,organizational,individual
EPA-HQ-OW-2011-0880-16149,EPA-HQ-OW-2011-0880,organizational,individual
EPA-HQ-OW-2011-0880-16150,EPA-HQ-OW-2011-0880,individual,organizational
EPA-HQ-OW-2011-0880-16151,EPA-HQ-OW-2011-0880,organizational,individual
EPA-HQ-OW-2011-0880-16152,EPA-HQ-OW-2011-0880,organizational,individual
EPA-HQ-OW-2011-0880-16154,EPA-HQ-OW-2011-0880,organizational,individual
EPA-HQ-OW-2011-0880-16157,EPA-HQ-OW-2011-0880,individual,organizational
EPA-HQ-OW-2011-0880-16163,EPA-HQ-OW-2011-0880,individual,organizational
EPA-HQ-OW-2011-0880-16165,EPA-HQ-OW-2011-0880,individual,organizational
EPA-HQ-OW-2011-0880-16172,EPA-HQ-OW-2011-0880,individual,organizational
EPA-HQ-OW-2011-0880-16175,EPA-HQ-OW-2011-0880,organizational,individual
EPA-HQ-OW-2011-0880-16177,EPA-HQ-OW-2011-0880,organizational,individual
EPA-HQ-OW-2011-0880-16182,EPA-HQ-OW-2011-0880,organizational,individual
EPA-HQ-OW-2011-0880-16184,EPA-HQ-OW-2011-0880,individual,individual
EPA-HQ-OW-2011-0880-16185,EPA-HQ-OW-2011-0880,individual,individual
EPA-HQ-OW-2011-0880-16186,EPA-HQ-OW-2011-0880,individual,individual
EPA-HQ-OW-2011-0880-16187,EPA-HQ-OW-2011-0880,organizational,individual
EPA-HQ-OW-2011-0880-16188,EPA-HQ-OW-2011-0880,organizational,individual
EPA-HQ-OW-2011-0880-16189,EPA-HQ-OW-2011-0880,organizational,individual
EPA-HQ-OW-2011-0880-16191,EPA-HQ-OW-2011-0880,organizational,individual
EPA-HQ-OW-2011-0880-16199,EPA-HQ-OW-2011-0880,organizational,individual
EPA-HQ-OW-2011-0880-16200,EPA-HQ-OW-2011-0880,individual,organizational
EPA-HQ-OW-2011-0880-16204,EPA-HQ-OW-2011-0880,individual,individual
EPA-HQ-OW-2011-0880-16206,EPA-HQ-OW-2011-0880,organizational,individual
EPA-HQ-OW-2011-0880-16207,EPA-HQ-OW-2011-0880,individual,individual
EPA-HQ-OW-2011-0880-16208,EPA-HQ-OW-2011-0880,organizational,individual
EPA-HQ-OW-2011-0880-16209,EPA-HQ-OW-2011-0880,individual,individual
EPA-HQ-OW-2011-0880-16210,EPA-HQ-OW-2011-0880,organizational,individual
EPA-HQ-OW-2011-0880-16212,EPA-HQ-OW-2011-0880,organizational,individual
EPA-HQ-OW-2011-0880-16214,EPA-HQ-OW-2011-0880,organizational,individual
EPA-HQ-OW-2011-0880-16215,EPA-HQ-OW-2011-0880,organizational,individual
EPA-HQ-OW-2011-0880-16217,EPA-HQ-OW-2011-0880,organizational,individual
EPA-HQ-OW-2011-0880-16219,EPA-HQ-OW-2011-0880,organizational,individual
EPA-HQ-OW-2011-0880-16220,EPA-HQ-OW-2011-0880,organizational,individual
EPA-HQ-OW-2011-0880-16223,EPA-HQ-OW-2011-0880,organizational,individual
EPA-HQ-OW-2011-0880-16224,EPA-HQ-OW-2011-0880,organizational,individual
EPA-HQ-OW-2011-0880-16226,EPA-HQ-OW-2011-0880,individual,individual
EPA-HQ-OW-2011-0880-16227,EPA-HQ-OW-2011-0880,individual,individual
EPA-HQ-OW-2011-0880-16228,EPA-HQ-OW-2011-0880,organizational,individual
EPA-HQ-OW-2011-0880-16229,EPA-HQ-OW-2011-0880,individual,individual
EPA-HQ-OW-2011-0880-16232,EPA-HQ-OW-2011-0880,individual,individual
EPA-HQ-OW-2011-0880-16234,EPA-HQ-OW-2011-0880,organizational,individual
EPA-HQ-OW-2011-0880-16235,EPA-HQ-OW-2011-0880,organizational,individual
EPA-HQ-OW-2011-0880-16238,EPA-HQ-OW-2011-0880,individual,individual
EPA-HQ-OW-2011-0880-16239,EPA-HQ-OW-2011-0880,organizational,individual
EPA-HQ-OW-2011-0880-16240,EPA-HQ-OW-2011-0880,individual,individual
EPA-HQ-OW-2011-0880-16241,EPA-HQ-OW-2011-0880,organizational,individual
EPA-HQ-OW-2011-0880-16242,EPA-HQ-OW-2011-0880,individual,individual
EPA-HQ-OW-2011-0880-16243,EPA-HQ-OW-2011-0880,organizational,individual
EPA-HQ-OW-2011-0880-16244,EPA-HQ-OW-2011-0880,individual,individual
EPA-HQ-OW-2011-0880-16247,EPA-HQ-OW-2011-0880,individual,individual
EPA-HQ-OW-2011-0880-16248,EPA-HQ-OW-2011-0880,individual,individual
EPA-HQ-OW-2011-0880-16249,EPA-HQ-OW-2011-0880,organizational,other
EPA-HQ-OW-2011-0880-16250,EPA-HQ-OW-2011-0880,individual,individual
EPA-HQ-OW-2011-0880-16251,EPA-HQ-OW-2011-0880,organizational,individual
EPA-HQ-OW-2011-0880-16257,EPA-HQ-OW-2011-0880,organizational,individual
EPA-HQ-OW-2011-0880-16258,EPA-HQ-OW-2011-0880,individual,individual
EPA-HQ-OW-2011-0880-16263,EPA-HQ-OW-2011-0880,individual,individual
EPA-HQ-OW-2011-0880-16265,EPA-HQ-OW-2011-0880,organizational,individual
EPA-HQ-OW-2011-0880-16266,EPA-HQ-OW-2011-0880,organizational,individual
EPA-HQ-OW-2011-0880-16271,EPA-HQ-OW-2011-0880,organizational,individual
EPA-HQ-OW-2011-0880-16272,EPA-HQ-OW-2011-0880,organizational,individual
EPA-HQ-OW-2011-0880-16278,EPA-HQ-OW-2011-0880,individual,individual
EPA-HQ-OW-2011-0880-16281,EPA-HQ-OW-2011-0880,individual,individual
EPA-HQ-OW-2011-0880-16282,EPA-HQ-OW-2011-0880,organizational,individual
EPA-HQ-OW-2011-0880-16285,EPA-HQ-OW-2011-0880,organizational,individual
EPA-HQ-OW-2011-0880-16287,EPA-HQ-OW-2011-0880,individual,other
EPA-HQ-OW-2011-0880-16288,EPA-HQ-OW-2011-0880,organizational,individual
EPA-HQ-OW-2011-0880-16290,EPA-HQ-OW-2011-0880,organizational,individual
EPA-HQ-OW-2011-0880-16292,EPA-HQ-OW-2011-0880,individual,individual
EPA-HQ-OW-2011-0880-16294,EPA-HQ-OW-2011-0880,individual,individual
EPA-HQ-OW-2011-0880-16299,EPA-HQ-OW-2011-0880,individual,individual
EPA-HQ-OW-2011-0880-16302,EPA-HQ-OW-2011-0880,organizational,individual
EPA-HQ-OW-2011-0880-16303,EPA-HQ-OW-2011-0880,organizational,individual
EPA-HQ-OW-2011-0880-16308,EPA-HQ-OW-2011-0880,individual,individual
EPA-HQ-OW-2011-0880-16309,EPA-HQ-OW-2011-0880,organizational,individual
EPA-HQ-OW-2011-0880-16313,EPA-HQ-OW-2011-0880,organizational,individual
EPA-HQ-OW-2011-0880-16314,EPA-HQ-OW-2011-0880,organizational,individual
EPA-HQ-OW-2011-0880-16317,EPA-HQ-OW-2011-0880,organizational,individual
EPA-HQ-OW-2011-0880-16321,EPA-HQ-OW-2011-0880,individual,individual
EPA-HQ-OW-2011-0880-16324,EPA-HQ-OW-2011-0880,organizational,individual
EPA-HQ-OW-2011-0880-16328,EPA-HQ-OW-2011-0880,organizational,individual
EPA-HQ-OW-2011-0880-16330,EPA-HQ-OW-2011-0880,organizational,individual
EPA-HQ-OW-2011-0880-16341,EPA-HQ-OW-2011-0880,individual,organizational
EPA-HQ-OW-2011-0880-16343,EPA-HQ-OW-2011-0880,individual,organizational
EPA-HQ-OW-2011-0880-16345,EPA-HQ-OW-2011-0880,individual,organizational
EPA-HQ-OW-2011-0880-16350,EPA-HQ-OW-2011-0880,individual,organizational
EPA-HQ-OW-2011-0880-16351,EPA-HQ-OW-2011-0880,individual,individual
EPA-HQ-OW-2011-0880-16355,EPA-HQ-OW-2011-0880,individual,individual
EPA-HQ-OW-2011-0880-16364,EPA-HQ-OW-2011-0880,individual,individual
EPA-HQ-OW-2011-0880-16369,EPA-HQ-OW-2011-0880,individual,individual
EPA-HQ-OW-2011-0880-16373,EPA-HQ-OW-2011-0880,individual,individual
EPA-HQ-OW-2011-0880-16374,EPA-HQ-OW-2011-0880,organizational,individual
EPA-HQ-OW-2011-0880-16375,EPA-HQ-OW-2011-0880,individual,individual
EPA-HQ-OW-2011-0880-16377,EPA-HQ-OW-2011-0880,individual,organizational
EPA-HQ-OW-2011-0880-16378,EPA-HQ-OW-2011-0880,individual,individual
EPA-HQ-OW-2011-0880-16380,EPA-HQ-OW-2011-0880,organizational,individual
EPA-HQ-OW-2011-0880-16384,EPA-HQ-OW-2011-0880,organizational,individual
EPA-HQ-OW-2011-0880-16387,EPA-HQ-OW-2011-0880,individual,individual
EPA-HQ-OW-2011-0880-16400,EPA-HQ-OW-2011-0880,organizational,individual
EPA-HQ-OW-2011-0880-16402,EPA-HQ-OW-2011-0880,organizational,individual
EPA-HQ-OW-2011-0880-16404,EPA-HQ-OW-2011-0880,individual,individual
EPA-HQ-OW-2011-0880-16407,EPA-HQ-OW-2011-0880,organizational,individual
EPA-HQ-OW-2011-0880-16416,EPA-HQ-OW-2011-0880,organizational,individual
EPA-HQ-OW-2011-0880-16417,EPA-HQ-OW-2011-0880,organizational,individual
EPA-HQ-OW-2011-0880-16418,EPA-HQ-OW-2011-0880,organizational,individual
EPA-HQ-OW-2011-0880-16419,EPA-HQ-OW-2011-0880,individual,individual
EPA-HQ-OW-2011-0880-16420,EPA-HQ-OW-2011-0880,organizational,individual
EPA-HQ-OW-2011-0880-16421,EPA-HQ-OW-2011-0880,individual,individual
EPA-HQ-OW-2011-0880-16422,EPA-HQ-OW-2011-0880,organizational,individual
EPA-HQ-OW-2011-0880-16424,EPA-HQ-OW-2011-0880,organizational,individual
EPA-HQ-OW-2011-0880-16425,EPA-HQ-OW-2011-0880,individual,individual
EPA-HQ-OW-2011-0880-16429,EPA-HQ-OW-2011-0880,organizational,individual
EPA-HQ-OW-2011-0880-16430,EPA-HQ-OW-2011-0880,organizational,individual
EPA-HQ-OW-2011-0880-16431,EPA-HQ-OW-2011-0880,individual,individual
EPA-HQ-OW-2011-0880-16552,EPA-HQ-OW-2011-0880,individual,organizational
EPA-HQ-OW-2011-0880-16634,EPA-HQ-OW-2011-0880,individual,organizational
EPA-HQ-OW-2011-0880-16646,EPA-HQ-OW-2011-0880,organizational,individual
EPA-HQ-OW-2011-0880-16649,EPA-HQ-OW-2011-0880,organizational,individual
EPA-HQ-OW-2011-0880-16651,EPA-HQ-OW-2011-0880,organizational,individual
EPA-HQ-OW-2011-0880-16657,EPA-HQ-OW-2011-0880,organizational,individual
EPA-HQ-OW-2011-0880-16663,EPA-HQ-OW-2011-0880,individual,individual
EPA-HQ-OW-2011-0880-16664,EPA-HQ-OW-2011-0880,organizational,individual
EPA-HQ-OW-2011-0880-16682,EPA-HQ-OW-2011-0880,organizational,individual
EPA-HQ-OW-2011-0880-16684,EPA-HQ-OW-2011-0880,organizational,individual
EPA-HQ-OW-2011-0880-16686,EPA-HQ-OW-2011-0880,organizational,individual
EPA-HQ-OW-2011-0880-16687,EPA-HQ-OW-2011-0880,individual,individual
EPA-HQ-OW-2011-0880-16854,EPA-HQ-OW-2011-0880,organizational,individual
EPA-HQ-OW-2011-0880-16855,EPA-HQ-OW-2011-0880,organizational,individual
EPA-HQ-OW-2011-0880-16859,EPA-HQ-OW-2011-0880,organizational,individual
EPA-HQ-OW-2011-0880-16860,EPA-HQ-OW-2011-0880,organizational,individual
EPA-HQ-OW-2011-0880-16864,EPA-HQ-OW-2011-0880,individual,individual
EPA-HQ-OW-2011-0880-16890,EPA-HQ-OW-2011-0880,individual,individual
EPA-HQ-OW-2011-0880-16891,EPA-HQ-OW-2011-0880,individual,organizational
EPA-HQ-OW-2011-0880-16895,EPA-HQ-OW-2011-0880,individual,individual
EPA-HQ-OW-2011-0880-16900,EPA-HQ-OW-2011-0880,individual,individual
EPA-HQ-OW-2011-0880-16905,EPA-HQ-OW-2011-0880,individual,individual
EPA-HQ-OW-2011-0880-16906,EPA-HQ-OW-2011-0880,individual,individual
EPA-HQ-OW-2011-0880-16907,EPA-HQ-OW-2011-0880,organizational,individual
EPA-HQ-OW-2011-0880-16908,EPA-HQ-OW-2011-0880,organizational,individual
EPA-HQ-OW-2011-0880-16909,EPA-HQ-OW-2011-0880,individual,individual
EPA-HQ-OW-2011-0880-16912,EPA-HQ-OW-2011-0880,individual,individual
EPA-HQ-OW-2011-0880-16915,EPA-HQ-OW-2011-0880,individual,organizational
EPA-HQ-OW-2011-0880-17110,EPA-HQ-OW-2011-0880,organizational,individual
EPA-HQ-OW-2011-0880-17117,EPA-HQ-OW-2011-0880,organizational,individual
EPA-HQ-OW-2011-0880-17118,EPA-HQ-OW-2011-0880,organizational,individual
EPA-HQ-OW-2011-0880-17119,EPA-HQ-OW-2011-0880,organizational,individual
EPA-HQ-OW-2011-0880-17120,EPA-HQ-OW-2011-0880,organizational,individual
EPA-HQ-OW-2011-0880-17122,EPA-HQ-OW-2011-0880,organizational,individual
EPA-HQ-OW-2011-0880-17170,EPA-HQ-OW-2011-0880,individual,individual
EPA-HQ-OW-2011-0880-17175,EPA-HQ-OW-2011-0880,individual,organizational
EPA-HQ-OW-2011-0880-17176,EPA-HQ-OW-2011-0880,individual,organizational
EPA-HQ-OW-2011-0880-17180,EPA-HQ-OW-2011-0880,organizational,individual
EPA-HQ-OW-2011-0880-17181,EPA-HQ-OW-2011-0880,organizational,individual
EPA-HQ-OW-2011-0880-17185,EPA-HQ-OW-2011-0880,organizational,individual
EPA-HQ-OW-2011-0880-17186,EPA-HQ-OW-2011-0880,organizational,individual
EPA-HQ-OW-2011-0880-17187,EPA-HQ-OW-2011-0880,organizational,individual
EPA-HQ-OW-2011-0880-17189,EPA-HQ-OW-2011-0880,individual,individual
EPA-HQ-OW-2011-0880-17192,EPA-HQ-OW-2011-0880,organizational,individual
EPA-HQ-OW-2011-0880-17193,EPA-HQ-OW-2011-0880,organizational,individual
EPA-HQ-OW-2011-0880-17195,EPA-HQ-OW-2011-0880,individual,individual
EPA-HQ-OW-2011-0880-17198,EPA-HQ-OW-2011-0880,organizational,individual
EPA-HQ-OW-2011-0880-17199,EPA-HQ-OW-2011-0880,organizational,individual
EPA-HQ-OW-2011-0880-17205,EPA-HQ-OW-2011-0880,individual,individual
EPA-HQ-OW-2011-0880-17208,EPA-HQ-OW-2011-0880,individual,individual
EPA-HQ-OW-2011-0880-17251,EPA-HQ-OW-2011-0880,individual,individual
EPA-HQ-OW-2011-0880-17822,EPA-HQ-OW-2011-0880,organizational,individual
EPA-HQ-OW-2011-0880-17823,EPA-HQ-OW-2011-0880,organizational,individual
EPA-HQ-OW-2011-0880-17825,EPA-HQ-OW-2011-0880,organizational,other
EPA-HQ-OW-2011-0880-17951,EPA-HQ-OW-2011-0880,individual,individual
EPA-HQ-OW-2011-0880-18765,EPA-HQ-OW-2011-0880,organizational,individual
EPA-HQ-OW-2011-0880-18769,EPA-HQ-OW-2011-0880,individual,individual
EPA-HQ-OW-2011-0880-18770,EPA-HQ-OW-2011-0880,organizational,individual
EPA-HQ-OW-2011-0880-18777,EPA-HQ-OW-2011-0880,organizational,individual
EPA-HQ-OW-2011-0880-18778,EPA-HQ-OW-2011-0880,individual,individual
EPA-HQ-OW-2011-0880-18779,EPA-HQ-OW-2011-0880,individual,individual
EPA-HQ-OW-2011-0880-18781,EPA-HQ-OW-2011-0880,individual,individual
EPA-HQ-OW-2011-0880-18785,EPA-HQ-OW-2011-0880,individual,individual
EPA-HQ-OW-2011-0880-18792,EPA-HQ-OW-2011-0880,individual,organizational
EPA-HQ-OW-2011-0880-18797,EPA-HQ-OW-2011-0880,individual,individual
EPA-HQ-OW-2011-0880-18798,EPA-HQ-OW-2011-0880,organizational,individual
EPA-HQ-OW-2011-0880-18801,EPA-HQ-OW-2011-0880,organizational,individual
EPA-HQ-OW-2011-0880-18802,EPA-HQ-OW-2011-0880,individual,individual
EPA-HQ-OW-2011-0880-18804,EPA-HQ-OW-2011-0880,organizational,individual
EPA-HQ-OW-2011-0880-18805,EPA-HQ-OW-2011-0880,organizational,individual
EPA-HQ-OW-2011-0880-18806,EPA-HQ-OW-2011-0880,individual,individual
EPA-HQ-OW-2011-0880-18807,EPA-HQ-OW-2011-0880,organizational,individual
EPA-HQ-OW-2011-0880-18808,EPA-HQ-OW-2011-0880,organizational,individual
EPA-HQ-OW-2011-0880-18809,EPA-HQ-OW-2011-0880,individual,individual
EPA-HQ-OW-2011-0880-18811,EPA-HQ-OW-2011-0880,organizational,individual
EPA-HQ-OW-2011-0880-18812,EPA-HQ-OW-2011-0880,organizational,individual
EPA-HQ-OW-2011-0880-18814,EPA-HQ-OW-2011-0880,individual,organizational
EPA-HQ-OW-2011-0880-18816,EPA-HQ-OW-2011-0880,individual,organizational
EPA-HQ-OW-2011-0880-18819,EPA-HQ-OW-2011-0880,individual,organizational
EPA-HQ-OW-2011-0880-18827,EPA-HQ-OW-2011-0880,individual,organizational
EPA-HQ-OW-2011-0880-18829,EPA-HQ-OW-2011-0880,individual,organizational
EPA-HQ-OW-2011-0880-18877,EPA-HQ-OW-2011-0880,individual,organizational
EPA-HQ-OW-2011-0880-18879,EPA-HQ-OW-2011-0880,individual,organizational
EPA-HQ-OW-2011-0880-18943,EPA-HQ-OW-2011-0880,organizational,individual
EPA-HQ-OW-2011-0880-18944,EPA-HQ-OW-2011-0880,organizational,individual
EPA-HQ-OW-2011-0880-18946,EPA-HQ-OW-2011-0880,organizational,individual
EPA-HQ-OW-2011-0880-18948,EPA-HQ-OW-2011-0880,individual,individual
EPA-HQ-OW-2011-0880-18950,EPA-HQ-OW-2011-0880,individual,individual
EPA-HQ-OW-2011-0880-18951,EPA-HQ-OW-2011-0880,organizational,individual
EPA-HQ-OW-2011-0880-18954,EPA-HQ-OW-2011-0880,individual,individual
EPA-HQ-OW-2011-0880-18955,EPA-HQ-OW-2011-0880,individual,individual
EPA-HQ-OW-2011-0880-18960,EPA-HQ-OW-2011-0880,organizational,individual
EPA-HQ-OW-2011-0880-1953,EPA-HQ-OW-2011-0880,organizational,other
EPA-HQ-OW-2011-0880-1954,EPA-HQ-OW-2011-0880,organizational,other
EPA-HQ-OW-2011-0880-1955,EPA-HQ-OW-2011-0880,organizational,organizational
EPA-HQ-OW-2011-0880-1956,EPA-HQ-OW-2011-0880,organizational,other
EPA-HQ-OW-2011-0880-1957,EPA-HQ-OW-2011-0880,organizational,individual
EPA-HQ-OW-2011-0880-1962,EPA-HQ-OW-2011-0880,organizational,individual
EPA-HQ-OW-2011-0880-1966,EPA-HQ-OW-2011-0880,individual,individual
EPA-HQ-OW-2011-0880-1969,EPA-HQ-OW-2011-0880,organizational,individual
EPA-HQ-OW-2011-0880-1971,EPA-HQ-OW-2011-0880,individual,individual
EPA-HQ-OW-2011-0880-1973,EPA-HQ-OW-2011-0880,organizational,individual
EPA-HQ-OW-2011-0880-1975,EPA-HQ-OW-2011-0880,organizational,individual
EPA-HQ-OW-2011-0880-1976,EPA-HQ-OW-2011-0880,organizational,individual
EPA-HQ-OW-2011-0880-1978,EPA-HQ-OW-2011-0880,organizational,individual
EPA-HQ-OW-2011-0880-1980,EPA-HQ-OW-2011-0880,organizational,individual
EPA-HQ-OW-2011-0880-1981,EPA-HQ-OW-2011-0880,individual,individual
EPA-HQ-OW-2011-0880-1982,EPA-HQ-OW-2011-0880,individual,individual
EPA-HQ-OW-2011-0880-1984,EPA-HQ-OW-2011-0880,organizational,individual
EPA-HQ-OW-2011-0880-1988,EPA-HQ-OW-2011-0880,organizational,individual
EPA-HQ-OW-2011-0880-1991,EPA-HQ-OW-2011-0880,organizational,individual
EPA-HQ-OW-2011-0880-1993,EPA-HQ-OW-2011-0880,organizational,individual
EPA-HQ-OW-2011-0880-2011,EPA-HQ-OW-2011-0880,organizational,individual
EPA-HQ-OW-2011-0880-2012,EPA-HQ-OW-2011-0880,organizational,individual
EPA-HQ-OW-2011-0880-2014,EPA-HQ-OW-2011-0880,organizational,individual
EPA-HQ-OW-2011-0880-2016,EPA-HQ-OW-2011-0880,organizational,individual
EPA-HQ-OW-2011-0880-2018,EPA-HQ-OW-2011-0880,organizational,individual
EPA-HQ-OW-2011-0880-2057,EPA-HQ-OW-2011-0880,organizational,individual
EPA-HQ-OW-2011-0880-2060,EPA-HQ-OW-2011-0880,organizational,individual
EPA-HQ-OW-2011-0880-2061,EPA-HQ-OW-2011-0880,organizational,individual
EPA-HQ-OW-2011-0880-2062,EPA-HQ-OW-2011-0880,organizational,individual
EPA-HQ-OW-2011-0880-2063,EPA-HQ-OW-2011-0880,organizational,individual
EPA-HQ-OW-2011-0880-2067,EPA-HQ-OW-2011-0880,organizational,individual
EPA-HQ-OW-2011-0880-2068,EPA-HQ-OW-2011-0880,organizational,individual
EPA-HQ-OW-2011-0880-2069,EPA-HQ-OW-2011-0880,organizational,individual
EPA-HQ-OW-2011-0880-2071,EPA-HQ-OW-2011-0880,organizational,individual
EPA-HQ-OW-2011-0880-2072,EPA-HQ-OW-2011-0880,organizational,individual
EPA-HQ-OW-2011-0880-2073,EPA-HQ-OW-2011-0880,organizational,individual
EPA-HQ-OW-2011-0880-2074,EPA-HQ-OW-2011-0880,organizational,individual
EPA-HQ-OW-2011-0880-2075,EPA-HQ-OW-2011-0880,organizational,individual
EPA-HQ-OW-2011-0880-2078,EPA-HQ-OW-2011-0880,organizational,individual
EPA-HQ-OW-2011-0880-2079,EPA-HQ-OW-2011-0880,organizational,individual
EPA-HQ-OW-2011-0880-2080,EPA-HQ-OW-2011-0880,organizational,individual
EPA-HQ-OW-2011-0880-2083,EPA-HQ-OW-2011-0880,organizational,individual
EPA-HQ-OW-2011-0880-2084,EPA-HQ-OW-2011-0880,organizational,individual
EPA-HQ-OW-2011-0880-2087,EPA-HQ-OW-2011-0880,organizational,other
EPA-HQ-OW-2011-0880-2093,EPA-HQ-OW-2011-0880,organizational,individual
EPA-HQ-OW-2011-0880-2095,EPA-HQ-OW-2011-0880,individual,individual
EPA-HQ-OW-2011-0880-2100,EPA-HQ-OW-2011-0880,organizational,individual
EPA-HQ-OW-2011-0880-2103,EPA-HQ-OW-2011-0880,organizational,individual
EPA-HQ-OW-2011-0880-2104,EPA-HQ-OW-2011-0880,organizational,individual
EPA-HQ-OW-2011-0880-2105,EPA-HQ-OW-2011-0880,organizational,individual
EPA-HQ-OW-2011-0880-2106,EPA-HQ-OW-2011-0880,organizational,individual
EPA-HQ-OW-2011-0880-2109,EPA-HQ-OW-2011-0880,organizational,individual
EPA-HQ-OW-2011-0880-2110,EPA-HQ-OW-2011-0880,organizational,individual
EPA-HQ-OW-2011-0880-2112,EPA-HQ-OW-2011-0880,organizational,individual
EPA-HQ-OW-2011-0880-2113,EPA-HQ-OW-2011-0880,organizational,individual
EPA-HQ-OW-2011-0880-2124,EPA-HQ-OW-2011-0880,organizational,individual
EPA-HQ-OW-2011-0880-2125,EPA-HQ-OW-2011-0880,organizational,individual
EPA-HQ-OW-2011-0880-2126,EPA-HQ-OW-2011-0880,organizational,individual
EPA-HQ-OW-2011-0880-2130,EPA-HQ-OW-2011-0880,organizational,individual
EPA-HQ-OW-2011-0880-2132,EPA-HQ-OW-2011-0880,organizational,individual
EPA-HQ-OW-2011-0880-2133,EPA-HQ-OW-2011-0880,individual,individual
EPA-HQ-OW-2011-0880-2134,EPA-HQ-OW-2011-0880,organizational,individual
EPA-HQ-OW-2011-0880-2135,EPA-HQ-OW-2011-0880,organizational,individual
EPA-HQ-OW-2011-0880-2137,EPA-HQ-OW-2011-0880,organizational,individual
EPA-HQ-OW-2011-0880-2138,EPA-HQ-OW-2011-0880,organizational,individual
EPA-HQ-OW-2011-0880-2139,EPA-HQ-OW-2011-0880,organizational,individual
EPA-HQ-OW-2011-0880-2142,EPA-HQ-OW-2011-0880,individual,individual
EPA-HQ-OW-2011-0880-2145,EPA-HQ-OW-2011-0880,organizational,individual
EPA-HQ-OW-2011-0880-2157,EPA-HQ-OW-2011-0880,individual,individual
EPA-HQ-OW-2011-0880-2160,EPA-HQ-OW-2011-0880,organizational,individual
EPA-HQ-OW-2011-0880-2163,EPA-HQ-OW-2011-0880,organizational,individual
EPA-HQ-OW-2011-0880-2167,EPA-HQ-OW-2011-0880,organizational,individual
EPA-HQ-OW-2011-0880-2170,EPA-HQ-OW-2011-0880,organizational,individual
EPA-HQ-OW-2011-0880-2175,EPA-HQ-OW-2011-0880,organizational,individual
EPA-HQ-OW-2011-0880-2187,EPA-HQ-OW-2011-0880,organizational,individual
EPA-HQ-OW-2011-0880-2188,EPA-HQ-OW-2011-0880,organizational,individual
EPA-HQ-OW-2011-0880-2192,EPA-HQ-OW-2011-0880,organizational,individual
EPA-HQ-OW-2011-0880-2194,EPA-HQ-OW-2011-0880,organizational,individual
EPA-HQ-OW-2011-0880-2198,EPA-HQ-OW-2011-0880,organizational,individual
EPA-HQ-OW-2011-0880-2201,EPA-HQ-OW-2011-0880,organizational,individual
EPA-HQ-OW-2011-0880-2205,EPA-HQ-OW-2011-0880,organizational,individual
EPA-HQ-OW-2011-0880-2207,EPA-HQ-OW-2011-0880,organizational,individual
EPA-HQ-OW-2011-0880-2209,EPA-HQ-OW-2011-0880,organizational,individual
EPA-HQ-OW-2011-0880-2210,EPA-HQ-OW-2011-0880,organizational,individual
EPA-HQ-OW-2011-0880-2213,EPA-HQ-OW-2011-0880,individual,individual
EPA-HQ-OW-2011-0880-2214,EPA-HQ-OW-2011-0880,organizational,individual
EPA-HQ-OW-2011-0880-2216,EPA-HQ-OW-2011-0880,individual,individual
EPA-HQ-OW-2011-0880-2224,EPA-HQ-OW-2011-0880,organizational,individual
EPA-HQ-OW-2011-0880-2236,EPA-HQ-OW-2011-0880,individual,individual
EPA-HQ-OW-2011-0880-2244,EPA-HQ-OW-2011-0880,organizational,individual
EPA-HQ-OW-2011-0880-2247,EPA-HQ-OW-2011-0880,organizational,individual
EPA-HQ-OW-2011-0880-2250,EPA-HQ-OW-2011-0880,individual,individual
EPA-HQ-OW-2011-0880-2254,EPA-HQ-OW-2011-0880,organizational,individual
EPA-HQ-OW-2011-0880-2256,EPA-HQ-OW-2011-0880,organizational,individual
EPA-HQ-OW-2011-0880-2259,EPA-HQ-OW-2011-0880,individual,individual
EPA-HQ-OW-2011-0880-2261,EPA-HQ-OW-2011-0880,organizational,individual
EPA-HQ-OW-2011-0880-2262,EPA-HQ-OW-2011-0880,organizational,individual
EPA-HQ-OW-2011-0880-2266,EPA-HQ-OW-2011-0880,organizational,individual
EPA-HQ-OW-2011-0880-2275,EPA-HQ-OW-2011-0880,organizational,individual
EPA-HQ-OW-2011-0880-2278,EPA-HQ-OW-2011-0880,organizational,individual
EPA-HQ-OW-2011-0880-2279,EPA-HQ-OW-2011-0880,organizational,individual
EPA-HQ-OW-2011-0880-2282,EPA-HQ-OW-2011-0880,organizational,individual
EPA-HQ-OW-2011-0880-2284,EPA-HQ-OW-2011-0880,organizational,individual
EPA-HQ-OW-2011-0880-2288,EPA-HQ-OW-2011-0880,organizational,individual
EPA-HQ-OW-2011-0880-2292,EPA-HQ-OW-2011-0880,organizational,individual
EPA-HQ-OW-2011-0880-2295,EPA-HQ-OW-2011-0880,organizational,individual
EPA-HQ-OW-2011-0880-2296,EPA-HQ-OW-2011-0880,organizational,individual
EPA-HQ-OW-2011-0880-2297,EPA-HQ-OW-2011-0880,organizational,individual
EPA-HQ-OW-2011-0880-2304,EPA-HQ-OW-2011-0880,organizational,individual
EPA-HQ-OW-2011-0880-2306,EPA-HQ-OW-2011-0880,organizational,individual
EPA-HQ-OW-2011-0880-2307,EPA-HQ-OW-2011-0880,organizational,individual
EPA-HQ-OW-2011-0880-2308,EPA-HQ-OW-2011-0880,organizational,individual
EPA-HQ-OW-2011-0880-2311,EPA-HQ-OW-2011-0880,organizational,individual
EPA-HQ-OW-2011-0880-2315,EPA-HQ-OW-2011-0880,organizational,individual
EPA-HQ-OW-2011-0880-2317,EPA-HQ-OW-2011-0880,organizational,individual
EPA-HQ-OW-2011-0880-2321,EPA-HQ-OW-2011-0880,organizational,individual
EPA-HQ-OW-2011-0880-2322,EPA-HQ-OW-2011-0880,individual,individual
EPA-HQ-OW-2011-0880-2324,EPA-HQ-OW-2011-0880,organizational,individual
EPA-HQ-OW-2011-0880-2326,EPA-HQ-OW-2011-0880,individual,individual
EPA-HQ-OW-2011-0880-2331,EPA-HQ-OW-2011-0880,organizational,individual
EPA-HQ-OW-2011-0880-2335,EPA-HQ-OW-2011-0880,organizational,individual
EPA-HQ-OW-2011-0880-2339,EPA-HQ-OW-2011-0880,organizational,organizational
EPA-HQ-OW-2011-0880-2340,EPA-HQ-OW-2011-0880,organizational,individual
EPA-HQ-OW-2011-0880-2342,EPA-HQ-OW-2011-0880,organizational,individual
EPA-HQ-OW-2011-0880-2346,EPA-HQ-OW-2011-0880,organizational,individual
EPA-HQ-OW-2011-0880-2347,EPA-HQ-OW-2011-0880,organizational,individual
EPA-HQ-OW-2011-0880-2349,EPA-HQ-OW-2011-0880,organizational,individual
EPA-HQ-OW-2011-0880-2350,EPA-HQ-OW-2011-0880,organizational,individual
EPA-HQ-OW-2011-0880-2356,EPA-HQ-OW-2011-0880,organizational,individual
EPA-HQ-OW-2011-0880-2372,EPA-HQ-OW-2011-0880,individual,individual
EPA-HQ-OW-2011-0880-2374,EPA-HQ-OW-2011-0880,individual,individual
EPA-HQ-OW-2011-0880-2375,EPA-HQ-OW-2011-0880,organizational,individual
EPA-HQ-OW-2011-0880-2376,EPA-HQ-OW-2011-0880,organizational,individual
EPA-HQ-OW-2011-0880-2379,EPA-HQ-OW-2011-0880,organizational,individual
EPA-HQ-OW-2011-0880-2380,EPA-HQ-OW-2011-0880,organizational,individual
EPA-HQ-OW-2011-0880-2381,EPA-HQ-OW-2011-0880,organizational,individual
EPA-HQ-OW-2011-0880-2382,EPA-HQ-OW-2011-0880,organizational,individual
EPA-HQ-OW-2011-0880-2383,EPA-HQ-OW-2011-0880,organizational,individual
EPA-HQ-OW-2011-0880-2384,EPA-HQ-OW-2011-0880,organizational,individual
EPA-HQ-OW-2011-0880-2385,EPA-HQ-OW-2011-0880,organizational,individual
EPA-HQ-OW-2011-0880-2386,EPA-HQ-OW-2011-0880,organizational,individual
EPA-HQ-OW-2011-0880-2389,EPA-HQ-OW-2011-0880,organizational,individual
EPA-HQ-OW-2011-0880-2391,EPA-HQ-OW-2011-0880,organizational,individual
EPA-HQ-OW-2011-0880-2393,EPA-HQ-OW-2011-0880,individual,individual
EPA-HQ-OW-2011-0880-2403,EPA-HQ-OW-2011-0880,organizational,individual
EPA-HQ-OW-2011-0880-2406,EPA-HQ-OW-2011-0880,organizational,individual
EPA-HQ-OW-2011-0880-2412,EPA-HQ-OW-2011-0880,organizational,individual
EPA-HQ-OW-2011-0880-2414,EPA-HQ-OW-2011-0880,individual,individual
EPA-HQ-OW-2011-0880-2417,EPA-HQ-OW-2011-0880,organizational,individual
EPA-HQ-OW-2011-0880-2419,EPA-HQ-OW-2011-0880,organizational,individual
EPA-HQ-OW-2011-0880-2422,EPA-HQ-OW-2011-0880,individual,individual
EPA-HQ-OW-2011-0880-2424,EPA-HQ-OW-2011-0880,organizational,individual
EPA-HQ-OW-2011-0880-2425,EPA-HQ-OW-2011-0880,individual,individual
EPA-HQ-OW-2011-0880-2427,EPA-HQ-OW-2011-0880,organizational,individual
EPA-HQ-OW-2011-0880-2430,EPA-HQ-OW-2011-0880,organizational,individual
EPA-HQ-OW-2011-0880-2431,EPA-HQ-OW-2011-0880,organizational,individual
EPA-HQ-OW-2011-0880-2432,EPA-HQ-OW-2011-0880,organizational,individual
EPA-HQ-OW-2011-0880-2433,EPA-HQ-OW-2011-0880,organizational,individual
EPA-HQ-OW-2011-0880-2434,EPA-HQ-OW-2011-0880,organizational,individual
EPA-HQ-OW-2011-0880-2435,EPA-HQ-OW-2011-0880,organizational,individual
EPA-HQ-OW-2011-0880-2436,EPA-HQ-OW-2011-0880,organizational,individual
EPA-HQ-OW-2011-0880-2437,EPA-HQ-OW-2011-0880,organizational,individual
EPA-HQ-OW-2011-0880-2439,EPA-HQ-OW-2011-0880,organizational,individual
EPA-HQ-OW-2011-0880-2440,EPA-HQ-OW-2011-0880,organizational,individual
EPA-HQ-OW-2011-0880-2496,EPA-HQ-OW-2011-0880,organizational,individual
EPA-HQ-OW-2011-0880-2537,EPA-HQ-OW-2011-0880,individual,individual
EPA-HQ-OW-2011-0880-2538,EPA-HQ-OW-2011-0880,organizational,individual
EPA-HQ-OW-2011-0880-2570,EPA-HQ-OW-2011-0880,organizational,individual
EPA-HQ-OW-2011-0880-2572,EPA-HQ-OW-2011-0880,organizational,individual
EPA-HQ-OW-2011-0880-2574,EPA-HQ-OW-2011-0880,organizational,individual
EPA-HQ-OW-2011-0880-2575,EPA-HQ-OW-2011-0880,organizational,individual
EPA-HQ-OW-2011-0880-2578,EPA-HQ-OW-2011-0880,organizational,individual
EPA-HQ-OW-2011-0880-2581,EPA-HQ-OW-2011-0880,organizational,individual
EPA-HQ-OW-2011-0880-2588,EPA-HQ-OW-2011-0880,individual,individual
EPA-HQ-OW-2011-0880-2589,EPA-HQ-OW-2011-0880,organizational,individual
EPA-HQ-OW-2011-0880-2594,EPA-HQ-OW-2011-0880,organizational,individual
EPA-HQ-OW-2011-0880-2596,EPA-HQ-OW-2011-0880,organizational,individual
EPA-HQ-OW-2011-0880-2597,EPA-HQ-OW-2011-0880,individual,individual
EPA-HQ-OW-2011-0880-2603,EPA-HQ-OW-2011-0880,organizational,individual
EPA-HQ-OW-2011-0880-2604,EPA-HQ-OW-2011-0880,individual,individual
EPA-HQ-OW-2011-0880-2606,EPA-HQ-OW-2011-0880,individual,individual
EPA-HQ-OW-2011-0880-2608,EPA-HQ-OW-2011-0880,organizational,individual
EPA-HQ-OW-2011-0880-2609,EPA-HQ-OW-2011-0880,organizational,individual
EPA-HQ-OW-2011-0880-2612,EPA-HQ-OW-2011-0880,individual,individual
EPA-HQ-OW-2011-0880-2613,EPA-HQ-OW-2011-0880,organizational,individual
EPA-HQ-OW-2011-0880-2617,EPA-HQ-OW-2011-0880,individual,individual
EPA-HQ-OW-2011-0880-2620,EPA-HQ-OW-2011-0880,organizational,individual
EPA-HQ-OW-2011-0880-2621,EPA-HQ-OW-2011-0880,organizational,individual
EPA-HQ-OW-2011-0880-2622,EPA-HQ-OW-2011-0880,organizational,individual
EPA-HQ-OW-2011-0880-2624,EPA-HQ-OW-2011-0880,individual,individual
EPA-HQ-OW-2011-0880-2627,EPA-HQ-OW-2011-0880,individual,organizational
EPA-HQ-OW-2011-0880-2629,EPA-HQ-OW-2011-0880,individual,individual
EPA-HQ-OW-2011-0880-2631,EPA-HQ-OW-2011-0880,individual,individual
EPA-HQ-OW-2011-0880-2632,EPA-HQ-OW-2011-0880,organizational,individual
EPA-HQ-OW-2011-0880-2634,EPA-HQ-OW-2011-0880,organizational,individual
EPA-HQ-OW-2011-0880-2635,EPA-HQ-OW-2011-0880,organizational,individual
EPA-HQ-OW-2011-0880-2637,EPA-HQ-OW-2011-0880,organizational,individual
EPA-HQ-OW-2011-0880-2639,EPA-HQ-OW-2011-0880,organizational,individual
EPA-HQ-OW-2011-0880-2766,EPA-HQ-OW-2011-0880,individual,organizational
EPA-HQ-OW-2011-0880-2768,EPA-HQ-OW-2011-0880,organizational,individual
EPA-HQ-OW-2011-0880-2769,EPA-HQ-OW-2011-0880,organizational,individual
EPA-HQ-OW-2011-0880-2776,EPA-HQ-OW-2011-0880,organizational,individual
EPA-HQ-OW-2011-0880-2780,EPA-HQ-OW-2011-0880,individual,individual
EPA-HQ-OW-2011-0880-2781,EPA-HQ-OW-2011-0880,organizational,individual
EPA-HQ-OW-2011-0880-2782,EPA-HQ-OW-2011-0880,organizational,individual
EPA-HQ-OW-2011-0880-2785,EPA-HQ-OW-2011-0880,organizational,individual
EPA-HQ-OW-2011-0880-2787,EPA-HQ-OW-2011-0880,organizational,individual
EPA-HQ-OW-2011-0880-2818,EPA-HQ-OW-2011-0880,individual,individual
EPA-HQ-OW-2011-0880-2819,EPA-HQ-OW-2011-0880,organizational,individual
EPA-HQ-OW-2011-0880-2823,EPA-HQ-OW-2011-0880,organizational,individual
EPA-HQ-OW-2011-0880-2829,EPA-HQ-OW-2011-0880,organizational,individual
EPA-HQ-OW-2011-0880-2830,EPA-HQ-OW-2011-0880,organizational,individual
EPA-HQ-OW-2011-0880-2831,EPA-HQ-OW-2011-0880,organizational,individual
EPA-HQ-OW-2011-0880-2833,EPA-HQ-OW-2011-0880,individual,individual
EPA-HQ-OW-2011-0880-2834,EPA-HQ-OW-2011-0880,organizational,individual
EPA-HQ-OW-2011-0880-2836,EPA-HQ-OW-2011-0880,organizational,individual
EPA-HQ-OW-2011-0880-2837,EPA-HQ-OW-2011-0880,organizational,individual
EPA-HQ-OW-2011-0880-2838,EPA-HQ-OW-2011-0880,organizational,individual
EPA-HQ-OW-2011-0880-2840,EPA-HQ-OW-2011-0880,organizational,individual
EPA-HQ-OW-2011-0880-2842,EPA-HQ-OW-2011-0880,organizational,individual
EPA-HQ-OW-2011-0880-2843,EPA-HQ-OW-2011-0880,organizational,individual
EPA-HQ-OW-2011-0880-2845,EPA-HQ-OW-2011-0880,organizational,individual
EPA-HQ-OW-2011-0880-2846,EPA-HQ-OW-2011-0880,organizational,individual
EPA-HQ-OW-2011-0880-2847,EPA-HQ-OW-2011-0880,organizational,individual
EPA-HQ-OW-2011-0880-2850,EPA-HQ-OW-2011-0880,organizational,individual
EPA-HQ-OW-2011-0880-2852,EPA-HQ-OW-2011-0880,organizational,individual
EPA-HQ-OW-2011-0880-2853,EPA-HQ-OW-2011-0880,organizational,individual
EPA-HQ-OW-2011-0880-2854,EPA-HQ-OW-2011-0880,individual,individual
EPA-HQ-OW-2011-0880-2866,EPA-HQ-OW-2011-0880,individual,individual
EPA-HQ-OW-2011-0880-2867,EPA-HQ-OW-2011-0880,organizational,individual
EPA-HQ-OW-2011-0880-2874,EPA-HQ-OW-2011-0880,individual,individual
EPA-HQ-OW-2011-0880-2878,EPA-HQ-OW-2011-0880,organizational,individual
EPA-HQ-OW-2011-0880-2883,EPA-HQ-OW-2011-0880,organizational,individual
EPA-HQ-OW-2011-0880-2885,EPA-HQ-OW-2011-0880,individual,individual
EPA-HQ-OW-2011-0880-2886,EPA-HQ-OW-2011-0880,organizational,individual
EPA-HQ-OW-2011-0880-2889,EPA-HQ-OW-2011-0880,organizational,individual
EPA-HQ-OW-2011-0880-2892,EPA-HQ-OW-2011-0880,organizational,individual
EPA-HQ-OW-2011-0880-2893,EPA-HQ-OW-2011-0880,organizational,individual
EPA-HQ-OW-2011-0880-2895,EPA-HQ-OW-2011-0880,organizational,individual
EPA-HQ-OW-2011-0880-2896,EPA-HQ-OW-2011-0880,organizational,individual
EPA-HQ-OW-2011-0880-2898,EPA-HQ-OW-2011-0880,individual,individual
EPA-HQ-OW-2011-0880-2899,EPA-HQ-OW-2011-0880,organizational,individual
EPA-HQ-OW-2011-0880-2900,EPA-HQ-OW-2011-0880,organizational,individual
EPA-HQ-OW-2011-0880-2901,EPA-HQ-OW-2011-0880,organizational,individual
EPA-HQ-OW-2011-0880-2902,EPA-HQ-OW-2011-0880,organizational,individual
EPA-HQ-OW-2011-0880-2903,EPA-HQ-OW-2011-0880,organizational,individual
EPA-HQ-OW-2011-0880-2904,EPA-HQ-OW-2011-0880,organizational,individual
EPA-HQ-OW-2011-0880-2905,EPA-HQ-OW-2011-0880,organizational,individual
EPA-HQ-OW-2011-0880-2907,EPA-HQ-OW-2011-0880,organizational,individual
EPA-HQ-OW-2011-0880-2908,EPA-HQ-OW-2011-0880,organizational,individual
EPA-HQ-OW-2011-0880-2909,EPA-HQ-OW-2011-0880,individual,individual
EPA-HQ-OW-2011-0880-2910,EPA-HQ-OW-2011-0880,organizational,individual
EPA-HQ-OW-2011-0880-2950,EPA-HQ-OW-2011-0880,organizational,individual
EPA-HQ-OW-2011-0880-2954,EPA-HQ-OW-2011-0880,organizational,individual
EPA-HQ-OW-2011-0880-2956,EPA-HQ-OW-2011-0880,organizational,individual
EPA-HQ-OW-2011-0880-2957,EPA-HQ-OW-2011-0880,organizational,individual
EPA-HQ-OW-2011-0880-2962,EPA-HQ-OW-2011-0880,organizational,individual
EPA-HQ-OW-2011-0880-2968,EPA-HQ-OW-2011-0880,organizational,individual
EPA-HQ-OW-2011-0880-2969,EPA-HQ-OW-2011-0880,organizational,individual
EPA-HQ-OW-2011-0880-2970,EPA-HQ-OW-2011-0880,individual,individual
EPA-HQ-OW-2011-0880-2971,EPA-HQ-OW-2011-0880,individual,individual
EPA-HQ-OW-2011-0880-2972,EPA-HQ-OW-2011-0880,individual,individual
EPA-HQ-OW-2011-0880-2973,EPA-HQ-OW-2011-0880,organizational,individual
EPA-HQ-OW-2011-0880-2974,EPA-HQ-OW-2011-0880,organizational,individual
EPA-HQ-OW-2011-0880-3000,EPA-HQ-OW-2011-0880,individual,individual
EPA-HQ-OW-2011-0880-3001,EPA-HQ-OW-2011-0880,organizational,individual
EPA-HQ-OW-2011-0880-3002,EPA-HQ-OW-2011-0880,individual,organizational
EPA-HQ-OW-2011-0880-3005,EPA-HQ-OW-2011-0880,organizational,individual
EPA-HQ-OW-2011-0880-3006,EPA-HQ-OW-2011-0880,organizational,individual
EPA-HQ-OW-2011-0880-3008,EPA-HQ-OW-2011-0880,organizational,individual
EPA-HQ-OW-2011-0880-3010,EPA-HQ-OW-2011-0880,organizational,individual
EPA-HQ-OW-2011-0880-3011,EPA-HQ-OW-2011-0880,individual,individual
EPA-HQ-OW-2011-0880-3012,EPA-HQ-OW-2011-0880,organizational,individual
EPA-HQ-OW-2011-0880-3013,EPA-HQ-OW-2011-0880,individual,individual
EPA-HQ-OW-2011-0880-3015,EPA-HQ-OW-2011-0880,organizational,individual
EPA-HQ-OW-2011-0880-3016,EPA-HQ-OW-2011-0880,individual,individual
EPA-HQ-OW-2011-0880-3017,EPA-HQ-OW-2011-0880,organizational,individual
EPA-HQ-OW-2011-0880-3019,EPA-HQ-OW-2011-0880,organizational,individual
EPA-HQ-OW-2011-0880-3020,EPA-HQ-OW-2011-0880,individual,individual
EPA-HQ-OW-2011-0880-3021,EPA-HQ-OW-2011-0880,organizational,individual
EPA-HQ-OW-2011-0880-3023,EPA-HQ-OW-2011-0880,organizational,individual
EPA-HQ-OW-2011-0880-3024,EPA-HQ-OW-2011-0880,organizational,individual
EPA-HQ-OW-2011-0880-3025,EPA-HQ-OW-2011-0880,organizational,individual
EPA-HQ-OW-2011-0880-3028,EPA-HQ-OW-2011-0880,organizational,individual
EPA-HQ-OW-2011-0880-3030,EPA-HQ-OW-2011-0880,organizational,individual
EPA-HQ-OW-2011-0880-3033,EPA-HQ-OW-2011-0880,organizational,individual
EPA-HQ-OW-2011-0880-3035,EPA-HQ-OW-2011-0880,individual,individual
EPA-HQ-OW-2011-0880-3036,EPA-HQ-OW-2011-0880,organizational,individual
EPA-HQ-OW-2011-0880-3037,EPA-HQ-OW-2011-0880,organizational,individual
EPA-HQ-OW-2011-0880-3044,EPA-HQ-OW-2011-0880,organizational,individual
EPA-HQ-OW-2011-0880-3045,EPA-HQ-OW-2011-0880,organizational,individual
EPA-HQ-OW-2011-0880-3046,EPA-HQ-OW-2011-0880,organizational,individual
EPA-HQ-OW-2011-0880-3047,EPA-HQ-OW-2011-0880,individual,individual
EPA-HQ-OW-2011-0880-3053,EPA-HQ-OW-2011-0880,organizational,individual
EPA-HQ-OW-2011-0880-3054,EPA-HQ-OW-2011-0880,individual,individual
EPA-HQ-OW-2011-0880-3055,EPA-HQ-OW-2011-0880,organizational,individual
EPA-HQ-OW-2011-0880-3059,EPA-HQ-OW-2011-0880,organizational,individual
EPA-HQ-OW-2011-0880-3060,EPA-HQ-OW-2011-0880,organizational,individual
EPA-HQ-OW-2011-0880-3075,EPA-HQ-OW-2011-0880,organizational,individual
EPA-HQ-OW-2011-0880-3077,EPA-HQ-OW-2011-0880,organizational,individual
EPA-HQ-OW-2011-0880-3084,EPA-HQ-OW-2011-0880,organizational,individual
EPA-HQ-OW-2011-0880-3086,EPA-HQ-OW-2011-0880,organizational,individual
EPA-HQ-OW-2011-0880-3088,EPA-HQ-OW-2011-0880,organizational,individual
EPA-HQ-OW-2011-0880-3089,EPA-HQ-OW-2011-0880,organizational,individual
EPA-HQ-OW-2011-0880-3165,EPA-HQ-OW-2011-0880,organizational,individual
EPA-HQ-OW-2011-0880-3170,EPA-HQ-OW-2011-0880,organizational,individual
EPA-HQ-OW-2011-0880-3172,EPA-HQ-OW-2011-0880,organizational,individual
EPA-HQ-OW-2011-0880-3175,EPA-HQ-OW-2011-0880,organizational,individual
EPA-HQ-OW-2011-0880-3177,EPA-HQ-OW-2011-0880,organizational,individual
EPA-HQ-OW-2011-0880-3206,EPA-HQ-OW-2011-0880,organizational,individual
EPA-HQ-OW-2011-0880-3207,EPA-HQ-OW-2011-0880,organizational,individual
EPA-HQ-OW-2011-0880-3208,EPA-HQ-OW-2011-0880,organizational,individual
EPA-HQ-OW-2011-0880-3210,EPA-HQ-OW-2011-0880,organizational,individual
EPA-HQ-OW-2011-0880-3211,EPA-HQ-OW-2011-0880,individual,individual
EPA-HQ-OW-2011-0880-3212,EPA-HQ-OW-2011-0880,organizational,individual
EPA-HQ-OW-2011-0880-3214,EPA-HQ-OW-2011-0880,organizational,individual
EPA-HQ-OW-2011-0880-3215,EPA-HQ-OW-2011-0880,organizational,individual
EPA-HQ-OW-2011-0880-3216,EPA-HQ-OW-2011-0880,individual,individual
EPA-HQ-OW-2011-0880-3217,EPA-HQ-OW-2011-0880,organizational,individual
EPA-HQ-OW-2011-0880-3218,EPA-HQ-OW-2011-0880,organizational,individual
EPA-HQ-OW-2011-0880-3221,EPA-HQ-OW-2011-0880,individual,individual
EPA-HQ-OW-2011-0880-3222,EPA-HQ-OW-2011-0880,organizational,individual
EPA-HQ-OW-2011-0880-3224,EPA-HQ-OW-2011-0880,organizational,individual
EPA-HQ-OW-2011-0880-3299,EPA-HQ-OW-2011-0880,individual,individual
EPA-HQ-OW-2011-0880-3319,EPA-HQ-OW-2011-0880,individual,individual
EPA-HQ-OW-2011-0880-3321,EPA-HQ-OW-2011-0880,organizational,individual
EPA-HQ-OW-2011-0880-3322,EPA-HQ-OW-2011-0880,organizational,individual
EPA-HQ-OW-2011-0880-3325,EPA-HQ-OW-2011-0880,organizational,individual
EPA-HQ-OW-2011-0880-3326,EPA-HQ-OW-2011-0880,organizational,individual
EPA-HQ-OW-2011-0880-3327,EPA-HQ-OW-2011-0880,organizational,individual
EPA-HQ-OW-2011-0880-3328,EPA-HQ-OW-2011-0880,organizational,individual
EPA-HQ-OW-2011-0880-3329,EPA-HQ-OW-2011-0880,organizational,individual
EPA-HQ-OW-2011-0880-3343,EPA-HQ-OW-2011-0880,individual,individual
EPA-HQ-OW-2011-0880-3369,EPA-HQ-OW-2011-0880,individual,individual
EPA-HQ-OW-2011-0880-3389,EPA-HQ-OW-2011-0880,organizational,individual
EPA-HQ-OW-2011-0880-3392,EPA-HQ-OW-2011-0880,organizational,individual
EPA-HQ-OW-2011-0880-3394,EPA-HQ-OW-2011-0880,organizational,individual
EPA-HQ-OW-2011-0880-3397,EPA-HQ-OW-2011-0880,organizational,individual
EPA-HQ-OW-2011-0880-3399,EPA-HQ-OW-2011-0880,organizational,individual
EPA-HQ-OW-2011-0880-3403,EPA-HQ-OW-2011-0880,organizational,individual
EPA-HQ-OW-2011-0880-3406,EPA-HQ-OW-2011-0880,organizational,individual
EPA-HQ-OW-2011-0880-3412,EPA-HQ-OW-2011-0880,individual,individual
EPA-HQ-OW-2011-0880-3419,EPA-HQ-OW-2011-0880,organizational,individual
EPA-HQ-OW-2011-0880-3421,EPA-HQ-OW-2011-0880,organizational,individual
EPA-HQ-OW-2011-0880-3422,EPA-HQ-OW-2011-0880,individual,individual
EPA-HQ-OW-2011-0880-3425,EPA-HQ-OW-2011-0880,individual,individual
EPA-HQ-OW-2011-0880-3426,EPA-HQ-OW-2011-0880,organizational,individual
EPA-HQ-OW-2011-0880-3427,EPA-HQ-OW-2011-0880,organizational,individual
EPA-HQ-OW-2011-0880-3428,EPA-HQ-OW-2011-0880,organizational,individual
EPA-HQ-OW-2011-0880-3437,EPA-HQ-OW-2011-0880,organizational,individual
EPA-HQ-OW-2011-0880-3440,EPA-HQ-OW-2011-0880,organizational,individual
EPA-HQ-OW-2011-0880-3446,EPA-HQ-OW-2011-0880,organizational,individual
EPA-HQ-OW-2011-0880-3448,EPA-HQ-OW-2011-0880,organizational,individual
EPA-HQ-OW-2011-0880-3470,EPA-HQ-OW-2011-0880,organizational,individual
EPA-HQ-OW-2011-0880-3471,EPA-HQ-OW-2011-0880,organizational,individual
EPA-HQ-OW-2011-0880-3473,EPA-HQ-OW-2011-0880,organizational,individual
EPA-HQ-OW-2011-0880-3477,EPA-HQ-OW-2011-0880,organizational,individual
EPA-HQ-OW-2011-0880-3552,EPA-HQ-OW-2011-0880,organizational,individual
EPA-HQ-OW-2011-0880-3554,EPA-HQ-OW-2011-0880,organizational,individual
EPA-HQ-OW-2011-0880-3559,EPA-HQ-OW-2011-0880,organizational,individual
EPA-HQ-OW-2011-0880-3560,EPA-HQ-OW-2011-0880,organizational,individual
EPA-HQ-OW-2011-0880-3562,EPA-HQ-OW-2011-0880,organizational,individual
EPA-HQ-OW-2011-0880-3563,EPA-HQ-OW-2011-0880,organizational,individual
EPA-HQ-OW-2011-0880-3564,EPA-HQ-OW-2011-0880,organizational,individual
EPA-HQ-OW-2011-0880-3565,EPA-HQ-OW-2011-0880,organizational,individual
EPA-HQ-OW-2011-0880-3567,EPA-HQ-OW-2011-0880,organizational,individual
EPA-HQ-OW-2011-0880-3568,EPA-HQ-OW-2011-0880,organizational,individual
EPA-HQ-OW-2011-0880-3569,EPA-HQ-OW-2011-0880,individual,individual
EPA-HQ-OW-2011-0880-3576,EPA-HQ-OW-2011-0880,organizational,individual
EPA-HQ-OW-2011-0880-3577,EPA-HQ-OW-2011-0880,organizational,individual
EPA-HQ-OW-2011-0880-3578,EPA-HQ-OW-2011-0880,organizational,individual
EPA-HQ-OW-2011-0880-3580,EPA-HQ-OW-2011-0880,organizational,individual
EPA-HQ-OW-2011-0880-3581,EPA-HQ-OW-2011-0880,organizational,individual
EPA-HQ-OW-2011-0880-3582,EPA-HQ-OW-2011-0880,organizational,individual
EPA-HQ-OW-2011-0880-3732,EPA-HQ-OW-2011-0880,organizational,individual
EPA-HQ-OW-2011-0880-3735,EPA-HQ-OW-2011-0880,organizational,individual
EPA-HQ-OW-2011-0880-3738,EPA-HQ-OW-2011-0880,organizational,individual
EPA-HQ-OW-2011-0880-3742,EPA-HQ-OW-2011-0880,organizational,individual
EPA-HQ-OW-2011-0880-3745,EPA-HQ-OW-2011-0880,organizational,individual
EPA-HQ-OW-2011-0880-3747,EPA-HQ-OW-2011-0880,organizational,individual
EPA-HQ-OW-2011-0880-3749,EPA-HQ-OW-2011-0880,organizational,individual
EPA-HQ-OW-2011-0880-3753,EPA-HQ-OW-2011-0880,organizational,individual
EPA-HQ-OW-2011-0880-3755,EPA-HQ-OW-2011-0880,organizational,individual
EPA-HQ-OW-2011-0880-3758,EPA-HQ-OW-2011-0880,organizational,individual
EPA-HQ-OW-2011-0880-3763,EPA-HQ-OW-2011-0880,organizational,individual
EPA-HQ-OW-2011-0880-3764,EPA-HQ-OW-2011-0880,organizational,individual
EPA-HQ-OW-2011-0880-3766,EPA-HQ-OW-2011-0880,organizational,individual
EPA-HQ-OW-2011-0880-3767,EPA-HQ-OW-2011-0880,organizational,individual
EPA-HQ-OW-2011-0880-3768,EPA-HQ-OW-2011-0880,organizational,individual
EPA-HQ-OW-2011-0880-3773,EPA-HQ-OW-2011-0880,organizational,individual
EPA-HQ-OW-2011-0880-3776,EPA-HQ-OW-2011-0880,organizational,individual
EPA-HQ-OW-2011-0880-3778,EPA-HQ-OW-2011-0880,organizational,individual
EPA-HQ-OW-2011-0880-3779,EPA-HQ-OW-2011-0880,organizational,individual
EPA-HQ-OW-2011-0880-3782,EPA-HQ-OW-2011-0880,organizational,individual
EPA-HQ-OW-2011-0880-3791,EPA-HQ-OW-2011-0880,organizational,individual
EPA-HQ-OW-2011-0880-3794,EPA-HQ-OW-2011-0880,organizational,individual
EPA-HQ-OW-2011-0880-3796,EPA-HQ-OW-2011-0880,organizational,individual
EPA-HQ-OW-2011-0880-3801,EPA-HQ-OW-2011-0880,organizational,individual
EPA-HQ-OW-2011-0880-3802,EPA-HQ-OW-2011-0880,organizational,individual
EPA-HQ-OW-2011-0880-3803,EPA-HQ-OW-2011-0880,individual,individual
EPA-HQ-OW-2011-0880-3804,EPA-HQ-OW-2011-0880,organizational,individual
EPA-HQ-OW-2011-0880-3805,EPA-HQ-OW-2011-0880,organizational,individual
EPA-HQ-OW-2011-0880-3806,EPA-HQ-OW-2011-0880,individual,individual
EPA-HQ-OW-2011-0880-3807,EPA-HQ-OW-2011-0880,organizational,individual
EPA-HQ-OW-2011-0880-3809,EPA-HQ-OW-2011-0880,organizational,individual
EPA-HQ-OW-2011-0880-3812,EPA-HQ-OW-2011-0880,individual,individual
EPA-HQ-OW-2011-0880-3813,EPA-HQ-OW-2011-0880,organizational,individual
EPA-HQ-OW-2011-0880-3815,EPA-HQ-OW-2011-0880,individual,individual
EPA-HQ-OW-2011-0880-3817,EPA-HQ-OW-2011-0880,individual,individual
EPA-HQ-OW-2011-0880-3818,EPA-HQ-OW-2011-0880,organizational,individual
EPA-HQ-OW-2011-0880-3819,EPA-HQ-OW-2011-0880,organizational,individual
EPA-HQ-OW-2011-0880-3821,EPA-HQ-OW-2011-0880,organizational,individual
EPA-HQ-OW-2011-0880-3825,EPA-HQ-OW-2011-0880,organizational,individual
EPA-HQ-OW-2011-0880-3827,EPA-HQ-OW-2011-0880,organizational,individual
EPA-HQ-OW-2011-0880-3829,EPA-HQ-OW-2011-0880,individual,individual
EPA-HQ-OW-2011-0880-3832,EPA-HQ-OW-2011-0880,organizational,individual
EPA-HQ-OW-2011-0880-3834,EPA-HQ-OW-2011-0880,individual,individual
EPA-HQ-OW-2011-0880-3836,EPA-HQ-OW-2011-0880,individual,individual
EPA-HQ-OW-2011-0880-3837,EPA-HQ-OW-2011-0880,organizational,individual
EPA-HQ-OW-2011-0880-3838,EPA-HQ-OW-2011-0880,organizational,individual
EPA-HQ-OW-2011-0880-3840,EPA-HQ-OW-2011-0880,organizational,individual
EPA-HQ-OW-2011-0880-3841,EPA-HQ-OW-2011-0880,organizational,individual
EPA-HQ-OW-2011-0880-3844,EPA-HQ-OW-2011-0880,organizational,individual
EPA-HQ-OW-2011-0880-3846,EPA-HQ-OW-2011-0880,organizational,individual
EPA-HQ-OW-2011-0880-3847,EPA-HQ-OW-2011-0880,organizational,individual
EPA-HQ-OW-2011-0880-3848,EPA-HQ-OW-2011-0880,organizational,individual
EPA-HQ-OW-2011-0880-3850,EPA-HQ-OW-2011-0880,organizational,individual
EPA-HQ-OW-2011-0880-3853,EPA-HQ-OW-2011-0880,organizational,organizational
EPA-HQ-OW-2011-0880-3856,EPA-HQ-OW-2011-0880,organizational,individual
EPA-HQ-OW-2011-0880-3858,EPA-HQ-OW-2011-0880,individual,individual
EPA-HQ-OW-2011-0880-3859,EPA-HQ-OW-2011-0880,individual,individual
EPA-HQ-OW-2011-0880-3860,EPA-HQ-OW-2011-0880,organizational,individual
EPA-HQ-OW-2011-0880-3861,EPA-HQ-OW-2011-0880,organizational,individual
EPA-HQ-OW-2011-0880-3862,EPA-HQ-OW-2011-0880,organizational,individual
EPA-HQ-OW-2011-0880-3863,EPA-HQ-OW-2011-0880,organizational,individual
EPA-HQ-OW-2011-0880-3865,EPA-HQ-OW-2011-0880,organizational,individual
EPA-HQ-OW-2011-0880-3869,EPA-HQ-OW-2011-0880,individual,individual
EPA-HQ-OW-2011-0880-3870,EPA-HQ-OW-2011-0880,organizational,individual
EPA-HQ-OW-2011-0880-3872,EPA-HQ-OW-2011-0880,organizational,individual
EPA-HQ-OW-2011-0880-3873,EPA-HQ-OW-2011-0880,organizational,individual
EPA-HQ-OW-2011-0880-3874,EPA-HQ-OW-2011-0880,individual,individual
EPA-HQ-OW-2011-0880-3875,EPA-HQ-OW-2011-0880,individual,individual
EPA-HQ-OW-2011-0880-3877,EPA-HQ-OW-2011-0880,organizational,individual
EPA-HQ-OW-2011-0880-3878,EPA-HQ-OW-2011-0880,organizational,individual
EPA-HQ-OW-2011-0880-3879,EPA-HQ-OW-2011-0880,organizational,individual
EPA-HQ-OW-2011-0880-3882,EPA-HQ-OW-2011-0880,organizational,individual
EPA-HQ-OW-2011-0880-3884,EPA-HQ-OW-2011-0880,organizational,individual
EPA-HQ-OW-2011-0880-3885,EPA-HQ-OW-2011-0880,organizational,individual
EPA-HQ-OW-2011-0880-3886,EPA-HQ-OW-2011-0880,organizational,individual
EPA-HQ-OW-2011-0880-3888,EPA-HQ-OW-2011-0880,organizational,individual
EPA-HQ-OW-2011-0880-3889,EPA-HQ-OW-2011-0880,organizational,individual
EPA-HQ-OW-2011-0880-3890,EPA-HQ-OW-2011-0880,organizational,individual
EPA-HQ-OW-2011-0880-3891,EPA-HQ-OW-2011-0880,organizational,individual
EPA-HQ-OW-2011-0880-3892,EPA-HQ-OW-2011-0880,organizational,individual
EPA-HQ-OW-2011-0880-3894,EPA-HQ-OW-2011-0880,organizational,individual
EPA-HQ-OW-2011-0880-3897,EPA-HQ-OW-2011-0880,organizational,individual
EPA-HQ-OW-2011-0880-3899,EPA-HQ-OW-2011-0880,organizational,individual
EPA-HQ-OW-2011-0880-3901,EPA-HQ-OW-2011-0880,organizational,individual
EPA-HQ-OW-2011-0880-3905,EPA-HQ-OW-2011-0880,organizational,individual
EPA-HQ-OW-2011-0880-3906,EPA-HQ-OW-2011-0880,individual,individual
EPA-HQ-OW-2011-0880-3907,EPA-HQ-OW-2011-0880,organizational,individual
EPA-HQ-OW-2011-0880-3910,EPA-HQ-OW-2011-0880,organizational,individual
EPA-HQ-OW-2011-0880-3911,EPA-HQ-OW-2011-0880,organizational,individual
EPA-HQ-OW-2011-0880-3912,EPA-HQ-OW-2011-0880,individual,individual
EPA-HQ-OW-2011-0880-3914,EPA-HQ-OW-2011-0880,organizational,individual
EPA-HQ-OW-2011-0880-3915,EPA-HQ-OW-2011-0880,individual,individual
EPA-HQ-OW-2011-0880-3916,EPA-HQ-OW-2011-0880,organizational,other
EPA-HQ-OW-2011-0880-3924,EPA-HQ-OW-2011-0880,organizational,individual
EPA-HQ-OW-2011-0880-3925,EPA-HQ-OW-2011-0880,individual,individual
EPA-HQ-OW-2011-0880-3926,EPA-HQ-OW-2011-0880,organizational,individual
EPA-HQ-OW-2011-0880-3928,EPA-HQ-OW-2011-0880,organizational,individual
EPA-HQ-OW-2011-0880-3930,EPA-HQ-OW-2011-0880,organizational,individual
EPA-HQ-OW-2011-0880-3931,EPA-HQ-OW-2011-0880,organizational,individual
EPA-HQ-OW-2011-0880-3933,EPA-HQ-OW-2011-0880,organizational,individual
EPA-HQ-OW-2011-0880-3935,EPA-HQ-OW-2011-0880,organizational,individual
EPA-HQ-OW-2011-0880-3938,EPA-HQ-OW-2011-0880,organizational,individual
EPA-HQ-OW-2011-0880-3940,EPA-HQ-OW-2011-0880,organizational,individual
EPA-HQ-OW-2011-0880-3941,EPA-HQ-OW-2011-0880,organizational,individual
EPA-HQ-OW-2011-0880-3942,EPA-HQ-OW-2011-0880,organizational,individual
EPA-HQ-OW-2011-0880-3945,EPA-HQ-OW-2011-0880,organizational,individual
EPA-HQ-OW-2011-0880-3947,EPA-HQ-OW-2011-0880,organizational,individual
EPA-HQ-OW-2011-0880-3950,EPA-HQ-OW-2011-0880,organizational,individual
EPA-HQ-OW-2011-0880-3957,EPA-HQ-OW-2011-0880,organizational,individual
EPA-HQ-OW-2011-0880-3958,EPA-HQ-OW-2011-0880,organizational,individual
EPA-HQ-OW-2011-0880-3962,EPA-HQ-OW-2011-0880,organizational,individual
EPA-HQ-OW-2011-0880-3966,EPA-HQ-OW-2011-0880,organizational,individual
EPA-HQ-OW-2011-0880-3970,EPA-HQ-OW-2011-0880,organizational,individual
EPA-HQ-OW-2011-0880-3971,EPA-HQ-OW-2011-0880,organizational,individual
EPA-HQ-OW-2011-0880-3974,EPA-HQ-OW-2011-0880,organizational,individual
EPA-HQ-OW-2011-0880-3977,EPA-HQ-OW-2011-0880,organizational,individual
EPA-HQ-OW-2011-0880-3979,EPA-HQ-OW-2011-0880,organizational,individual
EPA-HQ-OW-2011-0880-3982,EPA-HQ-OW-2011-0880,organizational,individual
EPA-HQ-OW-2011-0880-3987,EPA-HQ-OW-2011-0880,organizational,individual
EPA-HQ-OW-2011-0880-3993,EPA-HQ-OW-2011-0880,organizational,individual
EPA-HQ-OW-2011-0880-3997,EPA-HQ-OW-2011-0880,organizational,individual
EPA-HQ-OW-2011-0880-4000,EPA-HQ-OW-2011-0880,organizational,individual
EPA-HQ-OW-2011-0880-4006,EPA-HQ-OW-2011-0880,organizational,individual
EPA-HQ-OW-2011-0880-4011,EPA-HQ-OW-2011-0880,organizational,individual
EPA-HQ-OW-2011-0880-4021,EPA-HQ-OW-2011-0880,organizational,individual
EPA-HQ-OW-2011-0880-4023,EPA-HQ-OW-2011-0880,organizational,individual
EPA-HQ-OW-2011-0880-4027,EPA-HQ-OW-2011-0880,individual,individual
EPA-HQ-OW-2011-0880-4029,EPA-HQ-OW-2011-0880,organizational,individual
EPA-HQ-OW-2011-0880-4030,EPA-HQ-OW-2011-0880,organizational,individual
EPA-HQ-OW-2011-0880-4032,EPA-HQ-OW-2011-0880,organizational,individual
EPA-HQ-OW-2011-0880-4033,EPA-HQ-OW-2011-0880,organizational,individual
EPA-HQ-OW-2011-0880-4034,EPA-HQ-OW-2011-0880,organizational,individual
EPA-HQ-OW-2011-0880-4037,EPA-HQ-OW-2011-0880,organizational,individual
EPA-HQ-OW-2011-0880-4046,EPA-HQ-OW-2011-0880,organizational,individual
EPA-HQ-OW-2011-0880-4047,EPA-HQ-OW-2011-0880,individual,individual
EPA-HQ-OW-2011-0880-4048,EPA-HQ-OW-2011-0880,organizational,individual
EPA-HQ-OW-2011-0880-4049,EPA-HQ-OW-2011-0880,organizational,individual
EPA-HQ-OW-2011-0880-4050,EPA-HQ-OW-2011-0880,individual,individual
EPA-HQ-OW-2011-0880-4059,EPA-HQ-OW-2011-0880,individual,individual
EPA-HQ-OW-2011-0880-4061,EPA-HQ-OW-2011-0880,organizational,individual
EPA-HQ-OW-2011-0880-4066,EPA-HQ-OW-2011-0880,organizational,individual
EPA-HQ-OW-2011-0880-4069,EPA-HQ-OW-2011-0880,organizational,individual
EPA-HQ-OW-2011-0880-4070,EPA-HQ-OW-2011-0880,individual,individual
EPA-HQ-OW-2011-0880-4071,EPA-HQ-OW-2011-0880,individual,individual
EPA-HQ-OW-2011-0880-4072,EPA-HQ-OW-2011-0880,organizational,individual
EPA-HQ-OW-2011-0880-4075,EPA-HQ-OW-2011-0880,organizational,individual
EPA-HQ-OW-2011-0880-4077,EPA-HQ-OW-2011-0880,organizational,individual
EPA-HQ-OW-2011-0880-4078,EPA-HQ-OW-2011-0880,individual,individual
EPA-HQ-OW-2011-0880-4079,EPA-HQ-OW-2011-0880,organizational,individual
EPA-HQ-OW-2011-0880-4080,EPA-HQ-OW-2011-0880,organizational,individual
EPA-HQ-OW-2011-0880-4082,EPA-HQ-OW-2011-0880,organizational,individual
EPA-HQ-OW-2011-0880-4083,EPA-HQ-OW-2011-0880,organizational,individual
EPA-HQ-OW-2011-0880-4089,EPA-HQ-OW-2011-0880,organizational,individual
EPA-HQ-OW-2011-0880-4093,EPA-HQ-OW-2011-0880,organizational,individual
EPA-HQ-OW-2011-0880-4095,EPA-HQ-OW-2011-0880,organizational,individual
EPA-HQ-OW-2011-0880-4097,EPA-HQ-OW-2011-0880,organizational,individual
EPA-HQ-OW-2011-0880-4099,EPA-HQ-OW-2011-0880,organizational,individual
EPA-HQ-OW-2011-0880-4100,EPA-HQ-OW-2011-0880,organizational,individual
EPA-HQ-OW-2011-0880-4102,EPA-HQ-OW-2011-0880,organizational,individual
EPA-HQ-OW-2011-0880-4104,EPA-HQ-OW-2011-0880,organizational,individual
EPA-HQ-OW-2011-0880-4106,EPA-HQ-OW-2011-0880,organizational,individual
EPA-HQ-OW-2011-0880-4108,EPA-HQ-OW-2011-0880,organizational,individual
EPA-HQ-OW-2011-0880-4128,EPA-HQ-OW-2011-0880,organizational,individual
EPA-HQ-OW-2011-0880-4132,EPA-HQ-OW-2011-0880,organizational,individual
EPA-HQ-OW-2011-0880-4133,EPA-HQ-OW-2011-0880,organizational,individual
EPA-HQ-OW-2011-0880-4137,EPA-HQ-OW-2011-0880,organizational,individual
EPA-HQ-OW-2011-0880-4138,EPA-HQ-OW-2011-0880,organizational,individual
EPA-HQ-OW-2011-0880-4144,EPA-HQ-OW-2011-0880,organizational,individual
EPA-HQ-OW-2011-0880-4145,EPA-HQ-OW-2011-0880,organizational,individual
EPA-HQ-OW-2011-0880-4153,EPA-HQ-OW-2011-0880,organizational,individual
EPA-HQ-OW-2011-0880-4154,EPA-HQ-OW-2011-0880,organizational,other
EPA-HQ-OW-2011-0880-4157,EPA-HQ-OW-2011-0880,organizational,individual
EPA-HQ-OW-2011-0880-4162,EPA-HQ-OW-2011-0880,organizational,individual
EPA-HQ-OW-2011-0880-4165,EPA-HQ-OW-2011-0880,organizational,individual
EPA-HQ-OW-2011-0880-4167,EPA-HQ-OW-2011-0880,organizational,individual
EPA-HQ-OW-2011-0880-4178,EPA-HQ-OW-2011-0880,organizational,individual
EPA-HQ-OW-2011-0880-4179,EPA-HQ-OW-2011-0880,organizational,individual
EPA-HQ-OW-2011-0880-4180,EPA-HQ-OW-2011-0880,organizational,individual
EPA-HQ-OW-2011-0880-4181,EPA-HQ-OW-2011-0880,organizational,individual
EPA-HQ-OW-2011-0880-4182,EPA-HQ-OW-2011-0880,organizational,individual
EPA-HQ-OW-2011-0880-4184,EPA-HQ-OW-2011-0880,organizational,individual
EPA-HQ-OW-2011-0880-4187,EPA-HQ-OW-2011-0880,organizational,individual
EPA-HQ-OW-2011-0880-4188,EPA-HQ-OW-2011-0880,organizational,individual
EPA-HQ-OW-2011-0880-4189,EPA-HQ-OW-2011-0880,organizational,individual
EPA-HQ-OW-2011-0880-4192,EPA-HQ-OW-2011-0880,organizational,individual
EPA-HQ-OW-2011-0880-4193,EPA-HQ-OW-2011-0880,organizational,individual
EPA-HQ-OW-2011-0880-4198,EPA-HQ-OW-2011-0880,organizational,individual
EPA-HQ-OW-2011-0880-4202,EPA-HQ-OW-2011-0880,organizational,individual
EPA-HQ-OW-2011-0880-4204,EPA-HQ-OW-2011-0880,organizational,individual
EPA-HQ-OW-2011-0880-4206,EPA-HQ-OW-2011-0880,organizational,individual
EPA-HQ-OW-2011-0880-4208,EPA-HQ-OW-2011-0880,organizational,individual
EPA-HQ-OW-2011-0880-4211,EPA-HQ-OW-2011-0880,organizational,individual
EPA-HQ-OW-2011-0880-4213,EPA-HQ-OW-2011-0880,organizational,individual
EPA-HQ-OW-2011-0880-4214,EPA-HQ-OW-2011-0880,organizational,individual
EPA-HQ-OW-2011-0880-4216,EPA-HQ-OW-2011-0880,organizational,individual
EPA-HQ-OW-2011-0880-4217,EPA-HQ-OW-2011-0880,organizational,individual
EPA-HQ-OW-2011-0880-4219,EPA-HQ-OW-2011-0880,organizational,individual
EPA-HQ-OW-2011-0880-4220,EPA-HQ-OW-2011-0880,organizational,individual
EPA-HQ-OW-2011-0880-4221,EPA-HQ-OW-2011-0880,organizational,individual
EPA-HQ-OW-2011-0880-4225,EPA-HQ-OW-2011-0880,organizational,individual
EPA-HQ-OW-2011-0880-4295,EPA-HQ-OW-2011-0880,individual,organizational
EPA-HQ-OW-2011-0880-4336,EPA-HQ-OW-2011-0880,individual,individual
EPA-HQ-OW-2011-0880-4339,EPA-HQ-OW-2011-0880,organizational,individual
EPA-HQ-OW-2011-0880-4364,EPA-HQ-OW-2011-0880,organizational,individual
EPA-HQ-OW-2011-0880-4368,EPA-HQ-OW-2011-0880,organizational,individual
EPA-HQ-OW-2011-0880-4370,EPA-HQ-OW-2011-0880,organizational,individual
EPA-HQ-OW-2011-0880-4373,EPA-HQ-OW-2011-0880,organizational,individual
EPA-HQ-OW-2011-0880-4378,EPA-HQ-OW-2011-0880,organizational,individual
EPA-HQ-OW-2011-0880-4381,EPA-HQ-OW-2011-0880,organizational,individual
EPA-HQ-OW-2011-0880-4386,EPA-HQ-OW-2011-0880,organizational,individual
EPA-HQ-OW-2011-0880-4387,EPA-HQ-OW-2011-0880,organizational,individual
EPA-HQ-OW-2011-0880-4397,EPA-HQ-OW-2011-0880,organizational,individual
EPA-HQ-OW-2011-0880-4398,EPA-HQ-OW-2011-0880,organizational,individual
EPA-HQ-OW-2011-0880-4433,EPA-HQ-OW-2011-0880,organizational,individual
EPA-HQ-OW-2011-0880-4437,EPA-HQ-OW-2011-0880,organizational,individual
EPA-HQ-OW-2011-0880-4440,EPA-HQ-OW-2011-0880,organizational,individual
EPA-HQ-OW-2011-0880-4442,EPA-HQ-OW-2011-0880,organizational,individual
EPA-HQ-OW-2011-0880-4472,EPA-HQ-OW-2011-0880,individual,individual
EPA-HQ-OW-2011-0880-4474,EPA-HQ-OW-2011-0880,organizational,individual
EPA-HQ-OW-2011-0880-4476,EPA-HQ-OW-2011-0880,organizational,individual
EPA-HQ-OW-2011-0880-4477,EPA-HQ-OW-2011-0880,organizational,individual
EPA-HQ-OW-2011-0880-4479,EPA-HQ-OW-2011-0880,organizational,individual
EPA-HQ-OW-2011-0880-4480,EPA-HQ-OW-2011-0880,organizational,individual
EPA-HQ-OW-2011-0880-4485,EPA-HQ-OW-2011-0880,organizational,individual
EPA-HQ-OW-2011-0880-4486,EPA-HQ-OW-2011-0880,organizational,individual
EPA-HQ-OW-2011-0880-4487,EPA-HQ-OW-2011-0880,organizational,individual
EPA-HQ-OW-2011-0880-4489,EPA-HQ-OW-2011-0880,individual,individual
EPA-HQ-OW-2011-0880-4490,EPA-HQ-OW-2011-0880,organizational,individual
EPA-HQ-OW-2011-0880-4492,EPA-HQ-OW-2011-0880,organizational,individual
EPA-HQ-OW-2011-0880-4493,EPA-HQ-OW-2011-0880,organizational,other
EPA-HQ-OW-2011-0880-4507,EPA-HQ-OW-2011-0880,organizational,other
EPA-HQ-OW-2011-0880-4508,EPA-HQ-OW-2011-0880,organizational,other
EPA-HQ-OW-2011-0880-4509,EPA-HQ-OW-2011-0880,individual,individual
EPA-HQ-OW-2011-0880-4511,EPA-HQ-OW-2011-0880,organizational,individual
EPA-HQ-OW-2011-0880-4512,EPA-HQ-OW-2011-0880,organizational,individual
EPA-HQ-OW-2011-0880-4513,EPA-HQ-OW-2011-0880,organizational,other
EPA-HQ-OW-2011-0880-4515,EPA-HQ-OW-2011-0880,individual,individual
EPA-HQ-OW-2011-0880-4517,EPA-HQ-OW-2011-0880,organizational,individual
EPA-HQ-OW-2011-0880-4520,EPA-HQ-OW-2011-0880,organizational,individual
EPA-HQ-OW-2011-0880-4522,EPA-HQ-OW-2011-0880,organizational,individual
EPA-HQ-OW-2011-0880-4523,EPA-HQ-OW-2011-0880,organizational,individual
EPA-HQ-OW-2011-0880-4525,EPA-HQ-OW-2011-0880,organizational,individual
EPA-HQ-OW-2011-0880-4526,EPA-HQ-OW-2011-0880,organizational,individual
EPA-HQ-OW-2011-0880-4527,EPA-HQ-OW-2011-0880,individual,individual
EPA-HQ-OW-2011-0880-4528,EPA-HQ-OW-2011-0880,organizational,individual
EPA-HQ-OW-2011-0880-4536,EPA-HQ-OW-2011-0880,organizational,individual
EPA-HQ-OW-2011-0880-4537,EPA-HQ-OW-2011-0880,organizational,individual
EPA-HQ-OW-2011-0880-4544,EPA-HQ-OW-2011-0880,organizational,individual
EPA-HQ-OW-2011-0880-4547,EPA-HQ-OW-2011-0880,organizational,individual
EPA-HQ-OW-2011-0880-4551,EPA-HQ-OW-2011-0880,organizational,individual
EPA-HQ-OW-2011-0880-4554,EPA-HQ-OW-2011-0880,organizational,individual
EPA-HQ-OW-2011-0880-4558,EPA-HQ-OW-2011-0880,organizational,other
EPA-HQ-OW-2011-0880-4561,EPA-HQ-OW-2011-0880,organizational,individual
EPA-HQ-OW-2011-0880-4563,EPA-HQ-OW-2011-0880,organizational,individual
EPA-HQ-OW-2011-0880-4564,EPA-HQ-OW-2011-0880,organizational,individual
EPA-HQ-OW-2011-0880-4568,EPA-HQ-OW-2011-0880,individual,individual
EPA-HQ-OW-2011-0880-4569,EPA-HQ-OW-2011-0880,organizational,individual
EPA-HQ-OW-2011-0880-4570,EPA-HQ-OW-2011-0880,organizational,individual
EPA-HQ-OW-2011-0880-4571,EPA-HQ-OW-2011-0880,organizational,individual
EPA-HQ-OW-2011-0880-4572,EPA-HQ-OW-2011-0880,organizational,individual
EPA-HQ-OW-2011-0880-4573,EPA-HQ-OW-2011-0880,individual,individual
EPA-HQ-OW-2011-0880-4574,EPA-HQ-OW-2011-0880,organizational,individual
EPA-HQ-OW-2011-0880-4576,EPA-HQ-OW-2011-0880,organizational,individual
EPA-HQ-OW-2011-0880-4577,EPA-HQ-OW-2011-0880,organizational,individual
EPA-HQ-OW-2011-0880-4578,EPA-HQ-OW-2011-0880,organizational,individual
EPA-HQ-OW-2011-0880-4587,EPA-HQ-OW-2011-0880,organizational,individual
EPA-HQ-OW-2011-0880-4589,EPA-HQ-OW-2011-0880,organizational,individual
EPA-HQ-OW-2011-0880-4590,EPA-HQ-OW-2011-0880,organizational,individual
EPA-HQ-OW-2011-0880-4593,EPA-HQ-OW-2011-0880,individual,individual
EPA-HQ-OW-2011-0880-4594,EPA-HQ-OW-2011-0880,organizational,individual
EPA-HQ-OW-2011-0880-4597,EPA-HQ-OW-2011-0880,organizational,individual
EPA-HQ-OW-2011-0880-4598,EPA-HQ-OW-2011-0880,individual,individual
EPA-HQ-OW-2011-0880-4601,EPA-HQ-OW-2011-0880,individual,individual
EPA-HQ-OW-2011-0880-4603,EPA-HQ-OW-2011-0880,individual,individual
EPA-HQ-OW-2011-0880-4615,EPA-HQ-OW-2011-0880,organizational,individual
EPA-HQ-OW-2011-0880-4617,EPA-HQ-OW-2011-0880,organizational,individual
EPA-HQ-OW-2011-0880-4619,EPA-HQ-OW-2011-0880,individual,individual
EPA-HQ-OW-2011-0880-4621,EPA-HQ-OW-2011-0880,organizational,individual
EPA-HQ-OW-2011-0880-4622,EPA-HQ-OW-2011-0880,organizational,individual
EPA-HQ-OW-2011-0880-4623,EPA-HQ-OW-2011-0880,organizational,individual
EPA-HQ-OW-2011-0880-4625,EPA-HQ-OW-2011-0880,organizational,individual
EPA-HQ-OW-2011-0880-4626,EPA-HQ-OW-2011-0880,organizational,individual
EPA-HQ-OW-2011-0880-4627,EPA-HQ-OW-2011-0880,individual,individual
EPA-HQ-OW-2011-0880-4629,EPA-HQ-OW-2011-0880,individual,individual
EPA-HQ-OW-2011-0880-4632,EPA-HQ-OW-2011-0880,organizational,individual
EPA-HQ-OW-2011-0880-4634,EPA-HQ-OW-2011-0880,organizational,individual
EPA-HQ-OW-2011-0880-4638,EPA-HQ-OW-2011-0880,organizational,individual
EPA-HQ-OW-2011-0880-4640,EPA-HQ-OW-2011-0880,organizational,individual
EPA-HQ-OW-2011-0880-4642,EPA-HQ-OW-2011-0880,organizational,individual
EPA-HQ-OW-2011-0880-4643,EPA-HQ-OW-2011-0880,individual,individual
EPA-HQ-OW-2011-0880-4644,EPA-HQ-OW-2011-0880,organizational,individual
EPA-HQ-OW-2011-0880-4648,EPA-HQ-OW-2011-0880,organizational,individual
EPA-HQ-OW-2011-0880-4649,EPA-HQ-OW-2011-0880,organizational,individual
EPA-HQ-OW-2011-0880-4650,EPA-HQ-OW-2011-0880,organizational,individual
EPA-HQ-OW-2011-0880-4652,EPA-HQ-OW-2011-0880,organizational,individual
EPA-HQ-OW-2011-0880-4657,EPA-HQ-OW-2011-0880,organizational,individual
EPA-HQ-OW-2011-0880-4658,EPA-HQ-OW-2011-0880,individual,individual
EPA-HQ-OW-2011-0880-4659,EPA-HQ-OW-2011-0880,organizational,individual
EPA-HQ-OW-2011-0880-4661,EPA-HQ-OW-2011-0880,organizational,individual
EPA-HQ-OW-2011-0880-4662,EPA-HQ-OW-2011-0880,organizational,individual
EPA-HQ-OW-2011-0880-4665,EPA-HQ-OW-2011-0880,organizational,individual
EPA-HQ-OW-2011-0880-4668,EPA-HQ-OW-2011-0880,individual,individual
EPA-HQ-OW-2011-0880-4670,EPA-HQ-OW-2011-0880,organizational,individual
EPA-HQ-OW-2011-0880-4671,EPA-HQ-OW-2011-0880,individual,individual
EPA-HQ-OW-2011-0880-4672,EPA-HQ-OW-2011-0880,organizational,individual
EPA-HQ-OW-2011-0880-4673,EPA-HQ-OW-2011-0880,organizational,individual
EPA-HQ-OW-2011-0880-4680,EPA-HQ-OW-2011-0880,organizational,individual
EPA-HQ-OW-2011-0880-4683,EPA-HQ-OW-2011-0880,individual,individual
EPA-HQ-OW-2011-0880-4687,EPA-HQ-OW-2011-0880,individual,individual
EPA-HQ-OW-2011-0880-4688,EPA-HQ-OW-2011-0880,organizational,individual
EPA-HQ-OW-2011-0880-4699,EPA-HQ-OW-2011-0880,organizational,individual
EPA-HQ-OW-2011-0880-4701,EPA-HQ-OW-2011-0880,organizational,individual
EPA-HQ-OW-2011-0880-4704,EPA-HQ-OW-2011-0880,organizational,individual
EPA-HQ-OW-2011-0880-4706,EPA-HQ-OW-2011-0880,organizational,individual
EPA-HQ-OW-2011-0880-4707,EPA-HQ-OW-2011-0880,organizational,individual
EPA-HQ-OW-2011-0880-4708,EPA-HQ-OW-2011-0880,organizational,individual
EPA-HQ-OW-2011-0880-4712,EPA-HQ-OW-2011-0880,organizational,individual
EPA-HQ-OW-2011-0880-4723,EPA-HQ-OW-2011-0880,organizational,individual
EPA-HQ-OW-2011-0880-4733,EPA-HQ-OW-2011-0880,organizational,individual
EPA-HQ-OW-2011-0880-4741,EPA-HQ-OW-2011-0880,organizational,individual
EPA-HQ-OW-2011-0880-4742,EPA-HQ-OW-2011-0880,organizational,individual
EPA-HQ-OW-2011-0880-4745,EPA-HQ-OW-2011-0880,organizational,individual
EPA-HQ-OW-2011-0880-4746,EPA-HQ-OW-2011-0880,organizational,individual
EPA-HQ-OW-2011-0880-4747,EPA-HQ-OW-2011-0880,organizational,individual
EPA-HQ-OW-2011-0880-4754,EPA-HQ-OW-2011-0880,organizational,individual
EPA-HQ-OW-2011-0880-4776,EPA-HQ-OW-2011-0880,organizational,individual
EPA-HQ-OW-2011-0880-4778,EPA-HQ-OW-2011-0880,organizational,individual
EPA-HQ-OW-2011-0880-4783,EPA-HQ-OW-2011-0880,organizational,individual
EPA-HQ-OW-2011-0880-4784,EPA-HQ-OW-2011-0880,organizational,individual
EPA-HQ-OW-2011-0880-4788,EPA-HQ-OW-2011-0880,organizational,individual
EPA-HQ-OW-2011-0880-4789,EPA-HQ-OW-2011-0880,organizational,individual
EPA-HQ-OW-2011-0880-4790,EPA-HQ-OW-2011-0880,organizational,individual
EPA-HQ-OW-2011-0880-4791,EPA-HQ-OW-2011-0880,organizational,individual
EPA-HQ-OW-2011-0880-4795,EPA-HQ-OW-2011-0880,organizational,individual
EPA-HQ-OW-2011-0880-4797,EPA-HQ-OW-2011-0880,organizational,individual
EPA-HQ-OW-2011-0880-4799,EPA-HQ-OW-2011-0880,organizational,individual
EPA-HQ-OW-2011-0880-4808,EPA-HQ-OW-2011-0880,organizational,individual
EPA-HQ-OW-2011-0880-4809,EPA-HQ-OW-2011-0880,individual,individual
EPA-HQ-OW-2011-0880-4813,EPA-HQ-OW-2011-0880,organizational,individual
EPA-HQ-OW-2011-0880-4816,EPA-HQ-OW-2011-0880,organizational,individual
EPA-HQ-OW-2011-0880-4818,EPA-HQ-OW-2011-0880,organizational,individual
EPA-HQ-OW-2011-0880-4819,EPA-HQ-OW-2011-0880,organizational,individual
EPA-HQ-OW-2011-0880-4820,EPA-HQ-OW-2011-0880,organizational,individual
EPA-HQ-OW-2011-0880-4847,EPA-HQ-OW-2011-0880,individual,organizational
EPA-HQ-OW-2011-0880-4849,EPA-HQ-OW-2011-0880,organizational,individual
EPA-HQ-OW-2011-0880-4851,EPA-HQ-OW-2011-0880,organizational,individual
EPA-HQ-OW-2011-0880-4853,EPA-HQ-OW-2011-0880,organizational,individual
EPA-HQ-OW-2011-0880-4858,EPA-HQ-OW-2011-0880,organizational,individual
EPA-HQ-OW-2011-0880-4861,EPA-HQ-OW-2011-0880,individual,individual
EPA-HQ-OW-2011-0880-4863,EPA-HQ-OW-2011-0880,organizational,individual
EPA-HQ-OW-2011-0880-4908,EPA-HQ-OW-2011-0880,organizational,other
EPA-HQ-OW-2011-0880-4910,EPA-HQ-OW-2011-0880,organizational,individual
EPA-HQ-OW-2011-0880-4912,EPA-HQ-OW-2011-0880,organizational,individual
EPA-HQ-OW-2011-0880-4913,EPA-HQ-OW-2011-0880,organizational,individual
EPA-HQ-OW-2011-0880-4916,EPA-HQ-OW-2011-0880,organizational,individual
EPA-HQ-OW-2011-0880-4918,EPA-HQ-OW-2011-0880,individual,individual
EPA-HQ-OW-2011-0880-4919,EPA-HQ-OW-2011-0880,organizational,individual
EPA-HQ-OW-2011-0880-4920,EPA-HQ-OW-2011-0880,organizational,individual
EPA-HQ-OW-2011-0880-4921,EPA-HQ-OW-2011-0880,organizational,individual
EPA-HQ-OW-2011-0880-4922,EPA-HQ-OW-2011-0880,organizational,individual
EPA-HQ-OW-2011-0880-4926,EPA-HQ-OW-2011-0880,organizational,individual
EPA-HQ-OW-2011-0880-4930,EPA-HQ-OW-2011-0880,organizational,individual
EPA-HQ-OW-2011-0880-4935,EPA-HQ-OW-2011-0880,organizational,individual
EPA-HQ-OW-2011-0880-4936,EPA-HQ-OW-2011-0880,organizational,individual
EPA-HQ-OW-2011-0880-4937,EPA-HQ-OW-2011-0880,organizational,individual
EPA-HQ-OW-2011-0880-4940,EPA-HQ-OW-2011-0880,organizational,individual
EPA-HQ-OW-2011-0880-4942,EPA-HQ-OW-2011-0880,organizational,individual
EPA-HQ-OW-2011-0880-4943,EPA-HQ-OW-2011-0880,organizational,individual
EPA-HQ-OW-2011-0880-4944,EPA-HQ-OW-2011-0880,organizational,individual
EPA-HQ-OW-2011-0880-4950,EPA-HQ-OW-2011-0880,organizational,individual
EPA-HQ-OW-2011-0880-4953,EPA-HQ-OW-2011-0880,organizational,individual
EPA-HQ-OW-2011-0880-4963,EPA-HQ-OW-2011-0880,organizational,individual
EPA-HQ-OW-2011-0880-4964,EPA-HQ-OW-2011-0880,organizational,individual
EPA-HQ-OW-2011-0880-4969,EPA-HQ-OW-2011-0880,organizational,individual
EPA-HQ-OW-2011-0880-4971,EPA-HQ-OW-2011-0880,individual,individual
EPA-HQ-OW-2011-0880-4972,EPA-HQ-OW-2011-0880,organizational,individual
EPA-HQ-OW-2011-0880-4975,EPA-HQ-OW-2011-0880,organizational,individual
EPA-HQ-OW-2011-0880-4977,EPA-HQ-OW-2011-0880,organizational,individual
EPA-HQ-OW-2011-0880-4987,EPA-HQ-OW-2011-0880,organizational,other
EPA-HQ-OW-2011-0880-4988,EPA-HQ-OW-2011-0880,organizational,other
EPA-HQ-OW-2011-0880-4989,EPA-HQ-OW-2011-0880,organizational,other
EPA-HQ-OW-2011-0880-4990,EPA-HQ-OW-2011-0880,organizational,other
EPA-HQ-OW-2011-0880-4992,EPA-HQ-OW-2011-0880,organizational,other
EPA-HQ-OW-2011-0880-4994,EPA-HQ-OW-2011-0880,organizational,individual
EPA-HQ-OW-2011-0880-5000,EPA-HQ-OW-2011-0880,organizational,individual
EPA-HQ-OW-2011-0880-5001,EPA-HQ-OW-2011-0880,individual,individual
EPA-HQ-OW-2011-0880-5005,EPA-HQ-OW-2011-0880,organizational,individual
EPA-HQ-OW-2011-0880-5008,EPA-HQ-OW-2011-0880,organizational,individual
EPA-HQ-OW-2011-0880-5010,EPA-HQ-OW-2011-0880,organizational,individual
EPA-HQ-OW-2011-0880-5014,EPA-HQ-OW-2011-0880,organizational,individual
EPA-HQ-OW-2011-0880-5015,EPA-HQ-OW-2011-0880,organizational,individual
EPA-HQ-OW-2011-0880-5016,EPA-HQ-OW-2011-0880,organizational,individual
EPA-HQ-OW-2011-0880-5017,EPA-HQ-OW-2011-0880,organizational,individual
EPA-HQ-OW-2011-0880-5019,EPA-HQ-OW-2011-0880,organizational,individual
EPA-HQ-OW-2011-0880-5020,EPA-HQ-OW-2011-0880,organizational,individual
EPA-HQ-OW-2011-0880-5023,EPA-HQ-OW-2011-0880,organizational,individual
EPA-HQ-OW-2011-0880-5025,EPA-HQ-OW-2011-0880,organizational,individual
EPA-HQ-OW-2011-0880-5026,EPA-HQ-OW-2011-0880,organizational,individual
EPA-HQ-OW-2011-0880-5027,EPA-HQ-OW-2011-0880,organizational,individual
EPA-HQ-OW-2011-0880-5036,EPA-HQ-OW-2011-0880,organizational,individual
EPA-HQ-OW-2011-0880-5045,EPA-HQ-OW-2011-0880,organizational,individual
EPA-HQ-OW-2011-0880-5046,EPA-HQ-OW-2011-0880,organizational,individual
EPA-HQ-OW-2011-0880-5047,EPA-HQ-OW-2011-0880,organizational,individual
EPA-HQ-OW-2011-0880-5051,EPA-HQ-OW-2011-0880,organizational,individual
EPA-HQ-OW-2011-0880-5055,EPA-HQ-OW-2011-0880,organizational,individual
EPA-HQ-OW-2011-0880-5056,EPA-HQ-OW-2011-0880,organizational,individual
EPA-HQ-OW-2011-0880-5059,EPA-HQ-OW-2011-0880,organizational,individual
EPA-HQ-OW-2011-0880-5061,EPA-HQ-OW-2011-0880,organizational,individual
EPA-HQ-OW-2011-0880-5064,EPA-HQ-OW-2011-0880,organizational,individual
EPA-HQ-OW-2011-0880-5066,EPA-HQ-OW-2011-0880,organizational,individual
EPA-HQ-OW-2011-0880-5067,EPA-HQ-OW-2011-0880,organizational,individual
EPA-HQ-OW-2011-0880-5068,EPA-HQ-OW-2011-0880,organizational,individual
EPA-HQ-OW-2011-0880-5081,EPA-HQ-OW-2011-0880,organizational,individual
EPA-HQ-OW-2011-0880-5096,EPA-HQ-OW-2011-0880,organizational,individual
EPA-HQ-OW-2011-0880-5098,EPA-HQ-OW-2011-0880,organizational,individual
EPA-HQ-OW-2011-0880-5100,EPA-HQ-OW-2011-0880,organizational,individual
EPA-HQ-OW-2011-0880-5106,EPA-HQ-OW-2011-0880,organizational,individual
EPA-HQ-OW-2011-0880-5108,EPA-HQ-OW-2011-0880,organizational,individual
EPA-HQ-OW-2011-0880-5109,EPA-HQ-OW-2011-0880,organizational,individual
EPA-HQ-OW-2011-0880-5117,EPA-HQ-OW-2011-0880,individual,individual
EPA-HQ-OW-2011-0880-5119,EPA-HQ-OW-2011-0880,organizational,individual
EPA-HQ-OW-2011-0880-5124,EPA-HQ-OW-2011-0880,organizational,individual
EPA-HQ-OW-2011-0880-5125,EPA-HQ-OW-2011-0880,organizational,individual
EPA-HQ-OW-2011-0880-5127,EPA-HQ-OW-2011-0880,organizational,individual
EPA-HQ-OW-2011-0880-5129,EPA-HQ-OW-2011-0880,organizational,individual
EPA-HQ-OW-2011-0880-5131,EPA-HQ-OW-2011-0880,organizational,individual
EPA-HQ-OW-2011-0880-5132,EPA-HQ-OW-2011-0880,organizational,individual
EPA-HQ-OW-2011-0880-5133,EPA-HQ-OW-2011-0880,individual,individual
EPA-HQ-OW-2011-0880-5136,EPA-HQ-OW-2011-0880,organizational,individual
EPA-HQ-OW-2011-0880-5138,EPA-HQ-OW-2011-0880,organizational,individual
EPA-HQ-OW-2011-0880-5140,EPA-HQ-OW-2011-0880,organizational,individual
EPA-HQ-OW-2011-0880-5152,EPA-HQ-OW-2011-0880,organizational,individual
EPA-HQ-OW-2011-0880-5153,EPA-HQ-OW-2011-0880,organizational,individual
EPA-HQ-OW-2011-0880-5156,EPA-HQ-OW-2011-0880,organizational,individual
EPA-HQ-OW-2011-0880-5157,EPA-HQ-OW-2011-0880,organizational,individual
EPA-HQ-OW-2011-0880-5159,EPA-HQ-OW-2011-0880,organizational,individual
EPA-HQ-OW-2011-0880-5164,EPA-HQ-OW-2011-0880,organizational,individual
EPA-HQ-OW-2011-0880-5172,EPA-HQ-OW-2011-0880,organizational,individual
EPA-HQ-OW-2011-0880-5184,EPA-HQ-OW-2011-0880,organizational,individual
EPA-HQ-OW-2011-0880-5187,EPA-HQ-OW-2011-0880,organizational,individual
EPA-HQ-OW-2011-0880-5192,EPA-HQ-OW-2011-0880,organizational,individual
EPA-HQ-OW-2011-0880-5196,EPA-HQ-OW-2011-0880,organizational,individual
EPA-HQ-OW-2011-0880-5197,EPA-HQ-OW-2011-0880,organizational,individual
EPA-HQ-OW-2011-0880-5203,EPA-HQ-OW-2011-0880,organizational,individual
EPA-HQ-OW-2011-0880-5204,EPA-HQ-OW-2011-0880,individual,organizational
EPA-HQ-OW-2011-0880-5205,EPA-HQ-OW-2011-0880,individual,individual
EPA-HQ-OW-2011-0880-5217,EPA-HQ-OW-2011-0880,organizational,individual
EPA-HQ-OW-2011-0880-5221,EPA-HQ-OW-2011-0880,organizational,individual
EPA-HQ-OW-2011-0880-5222,EPA-HQ-OW-2011-0880,organizational,individual
EPA-HQ-OW-2011-0880-5224,EPA-HQ-OW-2011-0880,organizational,individual
EPA-HQ-OW-2011-0880-5228,EPA-HQ-OW-2011-0880,organizational,individual
EPA-HQ-OW-2011-0880-5231,EPA-HQ-OW-2011-0880,organizational,individual
EPA-HQ-OW-2011-0880-5233,EPA-HQ-OW-2011-0880,organizational,individual
EPA-HQ-OW-2011-0880-5234,EPA-HQ-OW-2011-0880,organizational,individual
EPA-HQ-OW-2011-0880-5236,EPA-HQ-OW-2011-0880,organizational,individual
EPA-HQ-OW-2011-0880-5241,EPA-HQ-OW-2011-0880,organizational,individual
EPA-HQ-OW-2011-0880-5243,EPA-HQ-OW-2011-0880,organizational,individual
EPA-HQ-OW-2011-0880-5246,EPA-HQ-OW-2011-0880,individual,individual
EPA-HQ-OW-2011-0880-5249,EPA-HQ-OW-2011-0880,organizational,individual
EPA-HQ-OW-2011-0880-5251,EPA-HQ-OW-2011-0880,organizational,individual
EPA-HQ-OW-2011-0880-5255,EPA-HQ-OW-2011-0880,organizational,individual
EPA-HQ-OW-2011-0880-5257,EPA-HQ-OW-2011-0880,individual,individual
EPA-HQ-OW-2011-0880-5259,EPA-HQ-OW-2011-0880,organizational,individual
EPA-HQ-OW-2011-0880-5263,EPA-HQ-OW-2011-0880,organizational,individual
EPA-HQ-OW-2011-0880-5265,EPA-HQ-OW-2011-0880,organizational,individual
EPA-HQ-OW-2011-0880-5266,EPA-HQ-OW-2011-0880,organizational,individual
EPA-HQ-OW-2011-0880-5267,EPA-HQ-OW-2011-0880,organizational,individual
EPA-HQ-OW-2011-0880-5268,EPA-HQ-OW-2011-0880,individual,individual
EPA-HQ-OW-2011-0880-5269,EPA-HQ-OW-2011-0880,organizational,individual
EPA-HQ-OW-2011-0880-5271,EPA-HQ-OW-2011-0880,organizational,individual
EPA-HQ-OW-2011-0880-5274,EPA-HQ-OW-2011-0880,organizational,individual
EPA-HQ-OW-2011-0880-5275,EPA-HQ-OW-2011-0880,organizational,individual
EPA-HQ-OW-2011-0880-5277,EPA-HQ-OW-2011-0880,organizational,individual
EPA-HQ-OW-2011-0880-5278,EPA-HQ-OW-2011-0880,organizational,individual
EPA-HQ-OW-2011-0880-5280,EPA-HQ-OW-2011-0880,organizational,individual
EPA-HQ-OW-2011-0880-5283,EPA-HQ-OW-2011-0880,organizational,individual
EPA-HQ-OW-2011-0880-5286,EPA-HQ-OW-2011-0880,organizational,individual
EPA-HQ-OW-2011-0880-5288,EPA-HQ-OW-2011-0880,organizational,individual
EPA-HQ-OW-2011-0880-5292,EPA-HQ-OW-2011-0880,organizational,individual
EPA-HQ-OW-2011-0880-5294,EPA-HQ-OW-2011-0880,organizational,individual
EPA-HQ-OW-2011-0880-5295,EPA-HQ-OW-2011-0880,organizational,individual
EPA-HQ-OW-2011-0880-5297,EPA-HQ-OW-2011-0880,individual,individual
EPA-HQ-OW-2011-0880-5299,EPA-HQ-OW-2011-0880,individual,individual
EPA-HQ-OW-2011-0880-5301,EPA-HQ-OW-2011-0880,individual,individual
EPA-HQ-OW-2011-0880-5302,EPA-HQ-OW-2011-0880,organizational,individual
EPA-HQ-OW-2011-0880-5307,EPA-HQ-OW-2011-0880,organizational,individual
EPA-HQ-OW-2011-0880-5308,EPA-HQ-OW-2011-0880,organizational,individual
EPA-HQ-OW-2011-0880-5318,EPA-HQ-OW-2011-0880,individual,individual
EPA-HQ-OW-2011-0880-5320,EPA-HQ-OW-2011-0880,organizational,individual
EPA-HQ-OW-2011-0880-5329,EPA-HQ-OW-2011-0880,organizational,individual
EPA-HQ-OW-2011-0880-5339,EPA-HQ-OW-2011-0880,organizational,individual
EPA-HQ-OW-2011-0880-5350,EPA-HQ-OW-2011-0880,organizational,individual
EPA-HQ-OW-2011-0880-5354,EPA-HQ-OW-2011-0880,organizational,individual
EPA-HQ-OW-2011-0880-5355,EPA-HQ-OW-2011-0880,organizational,individual
EPA-HQ-OW-2011-0880-5356,EPA-HQ-OW-2011-0880,organizational,individual
EPA-HQ-OW-2011-0880-5358,EPA-HQ-OW-2011-0880,organizational,individual
EPA-HQ-OW-2011-0880-5362,EPA-HQ-OW-2011-0880,organizational,individual
EPA-HQ-OW-2011-0880-5368,EPA-HQ-OW-2011-0880,organizational,individual
EPA-HQ-OW-2011-0880-5369,EPA-HQ-OW-2011-0880,organizational,individual
EPA-HQ-OW-2011-0880-5375,EPA-HQ-OW-2011-0880,organizational,individual
EPA-HQ-OW-2011-0880-5384,EPA-HQ-OW-2011-0880,organizational,individual
EPA-HQ-OW-2011-0880-5386,EPA-HQ-OW-2011-0880,organizational,individual
EPA-HQ-OW-2011-0880-5389,EPA-HQ-OW-2011-0880,individual,individual
EPA-HQ-OW-2011-0880-5394,EPA-HQ-OW-2011-0880,organizational,individual
EPA-HQ-OW-2011-0880-5396,EPA-HQ-OW-2011-0880,organizational,individual
EPA-HQ-OW-2011-0880-5402,EPA-HQ-OW-2011-0880,organizational,individual
EPA-HQ-OW-2011-0880-5403,EPA-HQ-OW-2011-0880,organizational,individual
EPA-HQ-OW-2011-0880-5405,EPA-HQ-OW-2011-0880,individual,individual
EPA-HQ-OW-2011-0880-5406,EPA-HQ-OW-2011-0880,organizational,individual
EPA-HQ-OW-2011-0880-5407,EPA-HQ-OW-2011-0880,individual,individual
EPA-HQ-OW-2011-0880-5408,EPA-HQ-OW-2011-0880,organizational,individual
EPA-HQ-OW-2011-0880-5410,EPA-HQ-OW-2011-0880,organizational,individual
EPA-HQ-OW-2011-0880-5412,EPA-HQ-OW-2011-0880,organizational,individual
EPA-HQ-OW-2011-0880-5416,EPA-HQ-OW-2011-0880,organizational,individual
EPA-HQ-OW-2011-0880-5418,EPA-HQ-OW-2011-0880,organizational,individual
EPA-HQ-OW-2011-0880-5423,EPA-HQ-OW-2011-0880,individual,individual
EPA-HQ-OW-2011-0880-5424,EPA-HQ-OW-2011-0880,organizational,individual
EPA-HQ-OW-2011-0880-5428,EPA-HQ-OW-2011-0880,organizational,individual
EPA-HQ-OW-2011-0880-5430,EPA-HQ-OW-2011-0880,organizational,individual
EPA-HQ-OW-2011-0880-5432,EPA-HQ-OW-2011-0880,organizational,other
EPA-HQ-OW-2011-0880-5433,EPA-HQ-OW-2011-0880,organizational,individual
EPA-HQ-OW-2011-0880-5435,EPA-HQ-OW-2011-0880,individual,individual
EPA-HQ-OW-2011-0880-5436,EPA-HQ-OW-2011-0880,organizational,individual
EPA-HQ-OW-2011-0880-5438,EPA-HQ-OW-2011-0880,organizational,individual
EPA-HQ-OW-2011-0880-5466,EPA-HQ-OW-2011-0880,individual,organizational
EPA-HQ-OW-2011-0880-5468,EPA-HQ-OW-2011-0880,individual,organizational
EPA-HQ-OW-2011-0880-5496,EPA-HQ-OW-2011-0880,organizational,individual
EPA-HQ-OW-2011-0880-5499,EPA-HQ-OW-2011-0880,organizational,individual
EPA-HQ-OW-2011-0880-5500,EPA-HQ-OW-2011-0880,organizational,individual
EPA-HQ-OW-2011-0880-5507,EPA-HQ-OW-2011-0880,individual,individual
EPA-HQ-OW-2011-0880-5508,EPA-HQ-OW-2011-0880,organizational,individual
EPA-HQ-OW-2011-0880-5509,EPA-HQ-OW-2011-0880,individual,individual
EPA-HQ-OW-2011-0880-5510,EPA-HQ-OW-2011-0880,individual,individual
EPA-HQ-OW-2011-0880-5511,EPA-HQ-OW-2011-0880,individual,individual
EPA-HQ-OW-2011-0880-5512,EPA-HQ-OW-2011-0880,organizational,individual
EPA-HQ-OW-2011-0880-5513,EPA-HQ-OW-2011-0880,individual,individual
EPA-HQ-OW-2011-0880-5517,EPA-HQ-OW-2011-0880,individual,individual
EPA-HQ-OW-2011-0880-5518,EPA-HQ-OW-2011-0880,individual,individual
EPA-HQ-OW-2011-0880-5527,EPA-HQ-OW-2011-0880,organizational,individual
EPA-HQ-OW-2011-0880-5528,EPA-HQ-OW-2011-0880,organizational,individual
EPA-HQ-OW-2011-0880-5529,EPA-HQ-OW-2011-0880,organizational,individual
EPA-HQ-OW-2011-0880-5530,EPA-HQ-OW-2011-0880,individual,individual
EPA-HQ-OW-2011-0880-5532,EPA-HQ-OW-2011-0880,individual,organizational
EPA-HQ-OW-2011-0880-5533,EPA-HQ-OW-2011-0880,organizational,individual
EPA-HQ-OW-2011-0880-5538,EPA-HQ-OW-2011-0880,organizational,individual
EPA-HQ-OW-2011-0880-5539,EPA-HQ-OW-2011-0880,organizational,individual
EPA-HQ-OW-2011-0880-5541,EPA-HQ-OW-2011-0880,organizational,individual
EPA-HQ-OW-2011-0880-5543,EPA-HQ-OW-2011-0880,organizational,individual
EPA-HQ-OW-2011-0880-5550,EPA-HQ-OW-2011-0880,organizational,individual
EPA-HQ-OW-2011-0880-5558,EPA-HQ-OW-2011-0880,individual,individual
EPA-HQ-OW-2011-0880-5560,EPA-HQ-OW-2011-0880,individual,individual
EPA-HQ-OW-2011-0880-5561,EPA-HQ-OW-2011-0880,organizational,individual
EPA-HQ-OW-2011-0880-5562,EPA-HQ-OW-2011-0880,organizational,individual
EPA-HQ-OW-2011-0880-5563,EPA-HQ-OW-2011-0880,organizational,individual
EPA-HQ-OW-2011-0880-5573,EPA-HQ-OW-2011-0880,individual,individual
EPA-HQ-OW-2011-0880-5589,EPA-HQ-OW-2011-0880,individual,individual
EPA-HQ-OW-2011-0880-5619,EPA-HQ-OW-2011-0880,organizational,individual
EPA-HQ-OW-2011-0880-5620,EPA-HQ-OW-2011-0880,organizational,individual
EPA-HQ-OW-2011-0880-5621,EPA-HQ-OW-2011-0880,organizational,individual
EPA-HQ-OW-2011-0880-5622,EPA-HQ-OW-2011-0880,organizational,individual
EPA-HQ-OW-2011-0880-5624,EPA-HQ-OW-2011-0880,organizational,individual
EPA-HQ-OW-2011-0880-5625,EPA-HQ-OW-2011-0880,organizational,individual
EPA-HQ-OW-2011-0880-5626,EPA-HQ-OW-2011-0880,individual,individual
EPA-HQ-OW-2011-0880-5628,EPA-HQ-OW-2011-0880,organizational,individual
EPA-HQ-OW-2011-0880-5629,EPA-HQ-OW-2011-0880,organizational,individual
EPA-HQ-OW-2011-0880-5631,EPA-HQ-OW-2011-0880,organizational,individual
EPA-HQ-OW-2011-0880-5632,EPA-HQ-OW-2011-0880,organizational,individual
EPA-HQ-OW-2011-0880-5633,EPA-HQ-OW-2011-0880,individual,individual
EPA-HQ-OW-2011-0880-5635,EPA-HQ-OW-2011-0880,individual,individual
EPA-HQ-OW-2011-0880-5638,EPA-HQ-OW-2011-0880,organizational,individual
EPA-HQ-OW-2011-0880-5639,EPA-HQ-OW-2011-0880,individual,individual
EPA-HQ-OW-2011-0880-5640,EPA-HQ-OW-2011-0880,individual,individual
EPA-HQ-OW-2011-0880-5685,EPA-HQ-OW-2011-0880,individual,individual
EPA-HQ-OW-2011-0880-6075,EPA-HQ-OW-2011-0880,organizational,individual
EPA-HQ-OW-2011-0880-6078,EPA-HQ-OW-2011-0880,organizational,individual
EPA-HQ-OW-2011-0880-6079,EPA-HQ-OW-2011-0880,organizational,individual
EPA-HQ-OW-2011-0880-6080,EPA-HQ-OW-2011-0880,organizational,other
EPA-HQ-OW-2011-0880-6081,EPA-HQ-OW-2011-0880,individual,individual
EPA-HQ-OW-2011-0880-6082,EPA-HQ-OW-2011-0880,individual,individual
EPA-HQ-OW-2011-0880-6083,EPA-HQ-OW-2011-0880,individual,individual
EPA-HQ-OW-2011-0880-6085,EPA-HQ-OW-2011-0880,individual,individual
EPA-HQ-OW-2011-0880-6086,EPA-HQ-OW-2011-0880,individual,individual
EPA-HQ-OW-2011-0880-6087,EPA-HQ-OW-2011-0880,individual,individual
EPA-HQ-OW-2011-0880-6088,EPA-HQ-OW-2011-0880,individual,individual
EPA-HQ-OW-2011-0880-6089,EPA-HQ-OW-2011-0880,organizational,individual
EPA-HQ-OW-2011-0880-6090,EPA-HQ-OW-2011-0880,individual,individual
EPA-HQ-OW-2011-0880-6091,EPA-HQ-OW-2011-0880,individual,individual
EPA-HQ-OW-2011-0880-6092,EPA-HQ-OW-2011-0880,individual,individual
EPA-HQ-OW-2011-0880-6094,EPA-HQ-OW-2011-0880,individual,individual
EPA-HQ-OW-2011-0880-6619,EPA-HQ-OW-2011-0880,individual,individual
EPA-HQ-OW-2011-0880-6758,EPA-HQ-OW-2011-0880,individual,individual
EPA-HQ-OW-2011-0880-6762,EPA-HQ-OW-2011-0880,individual,individual
EPA-HQ-OW-2011-0880-6763,EPA-HQ-OW-2011-0880,individual,individual
EPA-HQ-OW-2011-0880-6764,EPA-HQ-OW-2011-0880,individual,individual
EPA-HQ-OW-2011-0880-6765,EPA-HQ-OW-2011-0880,individual,individual
EPA-HQ-OW-2011-0880-6768,EPA-HQ-OW-2011-0880,organizational,other
EPA-HQ-OW-2011-0880-6794,EPA-HQ-OW-2011-0880,organizational,individual
EPA-HQ-OW-2011-0880-6795,EPA-HQ-OW-2011-0880,organizational,individual
EPA-HQ-OW-2011-0880-6797,EPA-HQ-OW-2011-0880,organizational,individual
EPA-HQ-OW-2011-0880-6798,EPA-HQ-OW-2011-0880,organizational,individual
EPA-HQ-OW-2011-0880-6799,EPA-HQ-OW-2011-0880,organizational,individual
EPA-HQ-OW-2011-0880-6801,EPA-HQ-OW-2011-0880,organizational,individual
EPA-HQ-OW-2011-0880-6802,EPA-HQ-OW-2011-0880,organizational,individual
EPA-HQ-OW-2011-0880-6803,EPA-HQ-OW-2011-0880,organizational,individual
EPA-HQ-OW-2011-0880-6805,EPA-HQ-OW-2011-0880,organizational,individual
EPA-HQ-OW-2011-0880-6806,EPA-HQ-OW-2011-0880,organizational,individual
EPA-HQ-OW-2011-0880-6808,EPA-HQ-OW-2011-0880,organizational,individual
EPA-HQ-OW-2011-0880-6810,EPA-HQ-OW-2011-0880,organizational,individual
EPA-HQ-OW-2011-0880-6812,EPA-HQ-OW-2011-0880,organizational,individual
EPA-HQ-OW-2011-0880-6845,EPA-HQ-OW-2011-0880,individual,individual
EPA-HQ-OW-2011-0880-6852,EPA-HQ-OW-2011-0880,individual,organizational
EPA-HQ-OW-2011-0880-6855,EPA-HQ-OW-2011-0880,individual,organizational
EPA-HQ-OW-2011-0880-6928,EPA-HQ-OW-2011-0880,organizational,individual
EPA-HQ-OW-2011-0880-6929,EPA-HQ-OW-2011-0880,organizational,individual
EPA-HQ-OW-2011-0880-6931,EPA-HQ-OW-2011-0880,organizational,individual
EPA-HQ-OW-2011-0880-6935,EPA-HQ-OW-2011-0880,individual,organizational
EPA-HQ-OW-2011-0880-6940,EPA-HQ-OW-2011-0880,organizational,other
EPA-HQ-OW-2011-0880-6951,EPA-HQ-OW-2011-0880,organizational,individual
EPA-HQ-OW-2011-0880-6953,EPA-HQ-OW-2011-0880,organizational,other
EPA-HQ-OW-2011-0880-6955,EPA-HQ-OW-2011-0880,organizational,individual
EPA-HQ-OW-2011-0880-6957,EPA-HQ-OW-2011-0880,individual,individual
EPA-HQ-OW-2011-0880-6958,EPA-HQ-OW-2011-0880,organizational,individual
EPA-HQ-OW-2011-0880-6961,EPA-HQ-OW-2011-0880,organizational,individual
EPA-HQ-OW-2011-0880-6967,EPA-HQ-OW-2011-0880,organizational,individual
EPA-HQ-OW-2011-0880-6969,EPA-HQ-OW-2011-0880,individual,individual
EPA-HQ-OW-2011-0880-6970,EPA-HQ-OW-2011-0880,individual,individual
EPA-HQ-OW-2011-0880-6973,EPA-HQ-OW-2011-0880,organizational,individual
EPA-HQ-OW-2011-0880-6975,EPA-HQ-OW-2011-0880,individual,individual
EPA-HQ-OW-2011-0880-6976,EPA-HQ-OW-2011-0880,organizational,individual
EPA-HQ-OW-2011-0880-6980,EPA-HQ-OW-2011-0880,organizational,individual
EPA-HQ-OW-2011-0880-6984,EPA-HQ-OW-2011-0880,organizational,individual
EPA-HQ-OW-2011-0880-6993,EPA-HQ-OW-2011-0880,individual,individual
EPA-HQ-OW-2011-0880-7006,EPA-HQ-OW-2011-0880,individual,organizational
EPA-HQ-OW-2011-0880-7007,EPA-HQ-OW-2011-0880,organizational,individual
EPA-HQ-OW-2011-0880-7010,EPA-HQ-OW-2011-0880,individual,individual
EPA-HQ-OW-2011-0880-7013,EPA-HQ-OW-2011-0880,individual,individual
EPA-HQ-OW-2011-0880-7015,EPA-HQ-OW-2011-0880,organizational,other
EPA-HQ-OW-2011-0880-7019,EPA-HQ-OW-2011-0880,organizational,individual
EPA-HQ-OW-2011-0880-7020,EPA-HQ-OW-2011-0880,organizational,individual
EPA-HQ-OW-2011-0880-7021,EPA-HQ-OW-2011-0880,individual,individual
EPA-HQ-OW-2011-0880-7023,EPA-HQ-OW-2011-0880,individual,individual
EPA-HQ-OW-2011-0880-7024,EPA-HQ-OW-2011-0880,organizational,individual
EPA-HQ-OW-2011-0880-7026,EPA-HQ-OW-2011-0880,organizational,individual
EPA-HQ-OW-2011-0880-7029,EPA-HQ-OW-2011-0880,organizational,individual
EPA-HQ-OW-2011-0880-7031,EPA-HQ-OW-2011-0880,individual,individual
EPA-HQ-OW-2011-0880-7033,EPA-HQ-OW-2011-0880,organizational,individual
EPA-HQ-OW-2011-0880-7034,EPA-HQ-OW-2011-0880,organizational,individual
EPA-HQ-OW-2011-0880-7036,EPA-HQ-OW-2011-0880,organizational,individual
EPA-HQ-OW-2011-0880-7038,EPA-HQ-OW-2011-0880,organizational,individual
EPA-HQ-OW-2011-0880-7039,EPA-HQ-OW-2011-0880,individual,individual
EPA-HQ-OW-2011-0880-7041,EPA-HQ-OW-2011-0880,organizational,individual
EPA-HQ-OW-2011-0880-7042,EPA-HQ-OW-2011-0880,individual,individual
EPA-HQ-OW-2011-0880-7043,EPA-HQ-OW-2011-0880,organizational,individual
EPA-HQ-OW-2011-0880-7047,EPA-HQ-OW-2011-0880,organizational,individual
EPA-HQ-OW-2011-0880-7048,EPA-HQ-OW-2011-0880,organizational,individual
EPA-HQ-OW-2011-0880-7049,EPA-HQ-OW-2011-0880,organizational,individual
EPA-HQ-OW-2011-0880-7053,EPA-HQ-OW-2011-0880,individual,individual
EPA-HQ-OW-2011-0880-7057,EPA-HQ-OW-2011-0880,organizational,individual
EPA-HQ-OW-2011-0880-7060,EPA-HQ-OW-2011-0880,individual,individual
EPA-HQ-OW-2011-0880-7061,EPA-HQ-OW-2011-0880,organizational,individual
EPA-HQ-OW-2011-0880-7066,EPA-HQ-OW-2011-0880,organizational,individual
EPA-HQ-OW-2011-0880-7067,EPA-HQ-OW-2011-0880,organizational,individual
EPA-HQ-OW-2011-0880-7068,EPA-HQ-OW-2011-0880,organizational,individual
EPA-HQ-OW-2011-0880-7071,EPA-HQ-OW-2011-0880,organizational,individual
EPA-HQ-OW-2011-0880-7076,EPA-HQ-OW-2011-0880,organizational,individual
EPA-HQ-OW-2011-0880-7098,EPA-HQ-OW-2011-0880,individual,individual
EPA-HQ-OW-2011-0880-7100,EPA-HQ-OW-2011-0880,organizational,individual
EPA-HQ-OW-2011-0880-7103,EPA-HQ-OW-2011-0880,individual,individual
EPA-HQ-OW-2011-0880-7104,EPA-HQ-OW-2011-0880,organizational,individual
EPA-HQ-OW-2011-0880-7105,EPA-HQ-OW-2011-0880,organizational,individual
EPA-HQ-OW-2011-0880-7111,EPA-HQ-OW-2011-0880,individual,individual
EPA-HQ-OW-2011-0880-7117,EPA-HQ-OW-2011-0880,organizational,individual
EPA-HQ-OW-2011-0880-7118,EPA-HQ-OW-2011-0880,individual,individual
EPA-HQ-OW-2011-0880-7119,EPA-HQ-OW-2011-0880,individual,individual
EPA-HQ-OW-2011-0880-7120,EPA-HQ-OW-2011-0880,organizational,individual
EPA-HQ-OW-2011-0880-7123,EPA-HQ-OW-2011-0880,organizational,individual
EPA-HQ-OW-2011-0880-7124,EPA-HQ-OW-2011-0880,organizational,individual
EPA-HQ-OW-2011-0880-7135,EPA-HQ-OW-2011-0880,organizational,individual
EPA-HQ-OW-2011-0880-7144,EPA-HQ-OW-2011-0880,organizational,individual
EPA-HQ-OW-2011-0880-7145,EPA-HQ-OW-2011-0880,organizational,individual
EPA-HQ-OW-2011-0880-7147,EPA-HQ-OW-2011-0880,organizational,individual
EPA-HQ-OW-2011-0880-7156,EPA-HQ-OW-2011-0880,organizational,individual
EPA-HQ-OW-2011-0880-7158,EPA-HQ-OW-2011-0880,organizational,individual
EPA-HQ-OW-2011-0880-7161,EPA-HQ-OW-2011-0880,organizational,individual
EPA-HQ-OW-2011-0880-7162,EPA-HQ-OW-2011-0880,organizational,individual
EPA-HQ-OW-2011-0880-7163,EPA-HQ-OW-2011-0880,organizational,individual
EPA-HQ-OW-2011-0880-7164,EPA-HQ-OW-2011-0880,organizational,individual
EPA-HQ-OW-2011-0880-7169,EPA-HQ-OW-2011-0880,organizational,individual
EPA-HQ-OW-2011-0880-7170,EPA-HQ-OW-2011-0880,organizational,individual
EPA-HQ-OW-2011-0880-7175,EPA-HQ-OW-2011-0880,organizational,individual
EPA-HQ-OW-2011-0880-7176,EPA-HQ-OW-2011-0880,organizational,individual
EPA-HQ-OW-2011-0880-7178,EPA-HQ-OW-2011-0880,organizational,individual
EPA-HQ-OW-2011-0880-7179,EPA-HQ-OW-2011-0880,individual,individual
EPA-HQ-OW-2011-0880-7193,EPA-HQ-OW-2011-0880,organizational,individual
EPA-HQ-OW-2011-0880-7197,EPA-HQ-OW-2011-0880,organizational,individual
EPA-HQ-OW-2011-0880-7203,EPA-HQ-OW-2011-0880,organizational,individual
EPA-HQ-OW-2011-0880-7204,EPA-HQ-OW-2011-0880,organizational,individual
EPA-HQ-OW-2011-0880-7206,EPA-HQ-OW-2011-0880,organizational,individual
EPA-HQ-OW-2011-0880-7207,EPA-HQ-OW-2011-0880,organizational,individual
EPA-HQ-OW-2011-0880-7210,EPA-HQ-OW-2011-0880,organizational,individual
EPA-HQ-OW-2011-0880-7216,EPA-HQ-OW-2011-0880,organizational,individual
EPA-HQ-OW-2011-0880-7218,EPA-HQ-OW-2011-0880,organizational,individual
EPA-HQ-OW-2011-0880-7221,EPA-HQ-OW-2011-0880,organizational,individual
EPA-HQ-OW-2011-0880-7222,EPA-HQ-OW-2011-0880,organizational,individual
EPA-HQ-OW-2011-0880-7223,EPA-HQ-OW-2011-0880,organizational,individual
EPA-HQ-OW-2011-0880-7224,EPA-HQ-OW-2011-0880,organizational,individual
EPA-HQ-OW-2011-0880-7226,EPA-HQ-OW-2011-0880,organizational,individual
EPA-HQ-OW-2011-0880-7232,EPA-HQ-OW-2011-0880,organizational,individual
EPA-HQ-OW-2011-0880-7246,EPA-HQ-OW-2011-0880,organizational,individual
EPA-HQ-OW-2011-0880-7250,EPA-HQ-OW-2011-0880,organizational,individual
EPA-HQ-OW-2011-0880-7251,EPA-HQ-OW-2011-0880,organizational,individual
EPA-HQ-OW-2011-0880-7257,EPA-HQ-OW-2011-0880,organizational,individual
EPA-HQ-OW-2011-0880-7259,EPA-HQ-OW-2011-0880,organizational,individual
EPA-HQ-OW-2011-0880-7260,EPA-HQ-OW-2011-0880,organizational,individual
EPA-HQ-OW-2011-0880-7261,EPA-HQ-OW-2011-0880,organizational,individual
EPA-HQ-OW-2011-0880-7262,EPA-HQ-OW-2011-0880,organizational,individual
EPA-HQ-OW-2011-0880-7263,EPA-HQ-OW-2011-0880,organizational,individual
EPA-HQ-OW-2011-0880-7266,EPA-HQ-OW-2011-0880,organizational,individual
EPA-HQ-OW-2011-0880-7267,EPA-HQ-OW-2011-0880,organizational,individual
EPA-HQ-OW-2011-0880-7269,EPA-HQ-OW-2011-0880,organizational,individual
EPA-HQ-OW-2011-0880-7272,EPA-HQ-OW-2011-0880,organizational,individual
EPA-HQ-OW-2011-0880-7273,EPA-HQ-OW-2011-0880,organizational,individual
EPA-HQ-OW-2011-0880-7287,EPA-HQ-OW-2011-0880,organizational,individual
EPA-HQ-OW-2011-0880-7290,EPA-HQ-OW-2011-0880,organizational,individual
EPA-HQ-OW-2011-0880-7292,EPA-HQ-OW-2011-0880,organizational,individual
EPA-HQ-OW-2011-0880-7295,EPA-HQ-OW-2011-0880,individual,individual
EPA-HQ-OW-2011-0880-7299,EPA-HQ-OW-2011-0880,organizational,individual
EPA-HQ-OW-2011-0880-7300,EPA-HQ-OW-2011-0880,organizational,individual
EPA-HQ-OW-2011-0880-7304,EPA-HQ-OW-2011-0880,individual,individual
EPA-HQ-OW-2011-0880-7308,EPA-HQ-OW-2011-0880,organizational,individual
EPA-HQ-OW-2011-0880-7312,EPA-HQ-OW-2011-0880,individual,organizational
EPA-HQ-OW-2011-0880-7313,EPA-HQ-OW-2011-0880,organizational,individual
EPA-HQ-OW-2011-0880-7314,EPA-HQ-OW-2011-0880,individual,organizational
EPA-HQ-OW-2011-0880-7316,EPA-HQ-OW-2011-0880,organizational,individual
EPA-HQ-OW-2011-0880-7317,EPA-HQ-OW-2011-0880,organizational,individual
EPA-HQ-OW-2011-0880-7319,EPA-HQ-OW-2011-0880,organizational,individual
EPA-HQ-OW-2011-0880-7342,EPA-HQ-OW-2011-0880,organizational,individual
EPA-HQ-OW-2011-0880-7344,EPA-HQ-OW-2011-0880,individual,individual
EPA-HQ-OW-2011-0880-7389,EPA-HQ-OW-2011-0880,individual,individual
EPA-HQ-OW-2011-0880-7391,EPA-HQ-OW-2011-0880,organizational,individual
EPA-HQ-OW-2011-0880-7392,EPA-HQ-OW-2011-0880,organizational,individual
EPA-HQ-OW-2011-0880-7394,EPA-HQ-OW-2011-0880,organizational,individual
EPA-HQ-OW-2011-0880-7395,EPA-HQ-OW-2011-0880,organizational,individual
EPA-HQ-OW-2011-0880-7397,EPA-HQ-OW-2011-0880,organizational,individual
EPA-HQ-OW-2011-0880-7398,EPA-HQ-OW-2011-0880,organizational,individual
EPA-HQ-OW-2011-0880-7401,EPA-HQ-OW-2011-0880,organizational,individual
EPA-HQ-OW-2011-0880-7402,EPA-HQ-OW-2011-0880,organizational,individual
EPA-HQ-OW-2011-0880-7404,EPA-HQ-OW-2011-0880,organizational,individual
EPA-HQ-OW-2011-0880-7405,EPA-HQ-OW-2011-0880,organizational,individual
EPA-HQ-OW-2011-0880-7406,EPA-HQ-OW-2011-0880,organizational,individual
EPA-HQ-OW-2011-0880-7408,EPA-HQ-OW-2011-0880,organizational,individual
EPA-HQ-OW-2011-0880-7413,EPA-HQ-OW-2011-0880,organizational,individual
EPA-HQ-OW-2011-0880-7414,EPA-HQ-OW-2011-0880,organizational,individual
EPA-HQ-OW-2011-0880-7416,EPA-HQ-OW-2011-0880,individual,individual
EPA-HQ-OW-2011-0880-7419,EPA-HQ-OW-2011-0880,organizational,individual
EPA-HQ-OW-2011-0880-7423,EPA-HQ-OW-2011-0880,organizational,individual
EPA-HQ-OW-2011-0880-7430,EPA-HQ-OW-2011-0880,organizational,individual
EPA-HQ-OW-2011-0880-7433,EPA-HQ-OW-2011-0880,organizational,individual
EPA-HQ-OW-2011-0880-7434,EPA-HQ-OW-2011-0880,organizational,individual
EPA-HQ-OW-2011-0880-7435,EPA-HQ-OW-2011-0880,organizational,individual
EPA-HQ-OW-2011-0880-7441,EPA-HQ-OW-2011-0880,organizational,individual
EPA-HQ-OW-2011-0880-7442,EPA-HQ-OW-2011-0880,organizational,individual
EPA-HQ-OW-2011-0880-7447,EPA-HQ-OW-2011-0880,organizational,individual
EPA-HQ-OW-2011-0880-7448,EPA-HQ-OW-2011-0880,organizational,individual
EPA-HQ-OW-2011-0880-7450,EPA-HQ-OW-2011-0880,organizational,individual
EPA-HQ-OW-2011-0880-7456,EPA-HQ-OW-2011-0880,organizational,individual
EPA-HQ-OW-2011-0880-7457,EPA-HQ-OW-2011-0880,organizational,individual
EPA-HQ-OW-2011-0880-7459,EPA-HQ-OW-2011-0880,organizational,individual
EPA-HQ-OW-2011-0880-7460,EPA-HQ-OW-2011-0880,organizational,individual
EPA-HQ-OW-2011-0880-7463,EPA-HQ-OW-2011-0880,organizational,individual
EPA-HQ-OW-2011-0880-7464,EPA-HQ-OW-2011-0880,organizational,individual
EPA-HQ-OW-2011-0880-7474,EPA-HQ-OW-2011-0880,organizational,individual
EPA-HQ-OW-2011-0880-7477,EPA-HQ-OW-2011-0880,organizational,individual
EPA-HQ-OW-2011-0880-7481,EPA-HQ-OW-2011-0880,individual,individual
EPA-HQ-OW-2011-0880-7483,EPA-HQ-OW-2011-0880,organizational,individual
EPA-HQ-OW-2011-0880-7486,EPA-HQ-OW-2011-0880,organizational,individual
EPA-HQ-OW-2011-0880-7488,EPA-HQ-OW-2011-0880,organizational,other
EPA-HQ-OW-2011-0880-7491,EPA-HQ-OW-2011-0880,organizational,individual
EPA-HQ-OW-2011-0880-7501,EPA-HQ-OW-2011-0880,organizational,individual
EPA-HQ-OW-2011-0880-7502,EPA-HQ-OW-2011-0880,organizational,individual
EPA-HQ-OW-2011-0880-7503,EPA-HQ-OW-2011-0880,organizational,individual
EPA-HQ-OW-2011-0880-7509,EPA-HQ-OW-2011-0880,organizational,individual
EPA-HQ-OW-2011-0880-7510,EPA-HQ-OW-2011-0880,organizational,individual
EPA-HQ-OW-2011-0880-7511,EPA-HQ-OW-2011-0880,organizational,individual
EPA-HQ-OW-2011-0880-7512,EPA-HQ-OW-2011-0880,individual,individual
EPA-HQ-OW-2011-0880-7513,EPA-HQ-OW-2011-0880,organizational,individual
EPA-HQ-OW-2011-0880-7517,EPA-HQ-OW-2011-0880,organizational,individual
EPA-HQ-OW-2011-0880-7519,EPA-HQ-OW-2011-0880,organizational,individual
EPA-HQ-OW-2011-0880-7520,EPA-HQ-OW-2011-0880,organizational,individual
EPA-HQ-OW-2011-0880-7521,EPA-HQ-OW-2011-0880,organizational,individual
EPA-HQ-OW-2011-0880-7535,EPA-HQ-OW-2011-0880,individual,individual
EPA-HQ-OW-2011-0880-7536,EPA-HQ-OW-2011-0880,individual,individual
EPA-HQ-OW-2011-0880-7537,EPA-HQ-OW-2011-0880,organizational,individual
EPA-HQ-OW-2011-0880-7539,EPA-HQ-OW-2011-0880,organizational,individual
EPA-HQ-OW-2011-0880-7541,EPA-HQ-OW-2011-0880,organizational,individual
EPA-HQ-OW-2011-0880-7542,EPA-HQ-OW-2011-0880,organizational,individual
EPA-HQ-OW-2011-0880-7543,EPA-HQ-OW-2011-0880,organizational,individual
EPA-HQ-OW-2011-0880-7545,EPA-HQ-OW-2011-0880,organizational,individual
EPA-HQ-OW-2011-0880-7548,EPA-HQ-OW-2011-0880,organizational,individual
EPA-HQ-OW-2011-0880-7549,EPA-HQ-OW-2011-0880,organizational,individual
EPA-HQ-OW-2011-0880-7550,EPA-HQ-OW-2011-0880,individual,individual
EPA-HQ-OW-2011-0880-7552,EPA-HQ-OW-2011-0880,organizational,individual
EPA-HQ-OW-2011-0880-7554,EPA-HQ-OW-2011-0880,organizational,individual
EPA-HQ-OW-2011-0880-7556,EPA-HQ-OW-2011-0880,organizational,individual
EPA-HQ-OW-2011-0880-7557,EPA-HQ-OW-2011-0880,organizational,individual
EPA-HQ-OW-2011-0880-7558,EPA-HQ-OW-2011-0880,organizational,individual
EPA-HQ-OW-2011-0880-7560,EPA-HQ-OW-2011-0880,organizational,individual
EPA-HQ-OW-2011-0880-7562,EPA-HQ-OW-2011-0880,organizational,individual
EPA-HQ-OW-2011-0880-7564,EPA-HQ-OW-2011-0880,organizational,individual
EPA-HQ-OW-2011-0880-7565,EPA-HQ-OW-2011-0880,individual,individual
EPA-HQ-OW-2011-0880-7574,EPA-HQ-OW-2011-0880,organizational,individual
EPA-HQ-OW-2011-0880-7575,EPA-HQ-OW-2011-0880,organizational,individual
EPA-HQ-OW-2011-0880-7576,EPA-HQ-OW-2011-0880,organizational,individual
EPA-HQ-OW-2011-0880-7579,EPA-HQ-OW-2011-0880,organizational,individual
EPA-HQ-OW-2011-0880-7585,EPA-HQ-OW-2011-0880,organizational,individual
EPA-HQ-OW-2011-0880-7686,EPA-HQ-OW-2011-0880,organizational,individual
EPA-HQ-OW-2011-0880-7687,EPA-HQ-OW-2011-0880,individual,individual
EPA-HQ-OW-2011-0880-7688,EPA-HQ-OW-2011-0880,individual,individual
EPA-HQ-OW-2011-0880-7691,EPA-HQ-OW-2011-0880,individual,individual
EPA-HQ-OW-2011-0880-7695,EPA-HQ-OW-2011-0880,organizational,individual
EPA-HQ-OW-2011-0880-7699,EPA-HQ-OW-2011-0880,organizational,individual
EPA-HQ-OW-2011-0880-7701,EPA-HQ-OW-2011-0880,organizational,individual
EPA-HQ-OW-2011-0880-7703,EPA-HQ-OW-2011-0880,organizational,individual
EPA-HQ-OW-2011-0880-7705,EPA-HQ-OW-2011-0880,organizational,individual
EPA-HQ-OW-2011-0880-7706,EPA-HQ-OW-2011-0880,individual,individual
EPA-HQ-OW-2011-0880-7707,EPA-HQ-OW-2011-0880,organizational,individual
EPA-HQ-OW-2011-0880-7708,EPA-HQ-OW-2011-0880,individual,individual
EPA-HQ-OW-2011-0880-7709,EPA-HQ-OW-2011-0880,individual,individual
EPA-HQ-OW-2011-0880-7710,EPA-HQ-OW-2011-0880,individual,individual
EPA-HQ-OW-2011-0880-7711,EPA-HQ-OW-2011-0880,individual,individual
EPA-HQ-OW-2011-0880-7712,EPA-HQ-OW-2011-0880,individual,individual
EPA-HQ-OW-2011-0880-7713,EPA-HQ-OW-2011-0880,individual,individual
EPA-HQ-OW-2011-0880-7714,EPA-HQ-OW-2011-0880,individual,individual
EPA-HQ-OW-2011-0880-7720,EPA-HQ-OW-2011-0880,organizational,individual
EPA-HQ-OW-2011-0880-7721,EPA-HQ-OW-2011-0880,organizational,individual
EPA-HQ-OW-2011-0880-7726,EPA-HQ-OW-2011-0880,organizational,individual
EPA-HQ-OW-2011-0880-7727,EPA-HQ-OW-2011-0880,organizational,individual
EPA-HQ-OW-2011-0880-7728,EPA-HQ-OW-2011-0880,organizational,individual
EPA-HQ-OW-2011-0880-7729,EPA-HQ-OW-2011-0880,individual,individual
EPA-HQ-OW-2011-0880-7730,EPA-HQ-OW-2011-0880,organizational,individual
EPA-HQ-OW-2011-0880-7731,EPA-HQ-OW-2011-0880,individual,individual
EPA-HQ-OW-2011-0880-7733,EPA-HQ-OW-2011-0880,organizational,individual
EPA-HQ-OW-2011-0880-7738,EPA-HQ-OW-2011-0880,organizational,individual
EPA-HQ-OW-2011-0880-7740,EPA-HQ-OW-2011-0880,organizational,individual
EPA-HQ-OW-2011-0880-7743,EPA-HQ-OW-2011-0880,organizational,individual
EPA-HQ-OW-2011-0880-7748,EPA-HQ-OW-2011-0880,organizational,individual
EPA-HQ-OW-2011-0880-7749,EPA-HQ-OW-2011-0880,organizational,individual
EPA-HQ-OW-2011-0880-7750,EPA-HQ-OW-2011-0880,organizational,individual
EPA-HQ-OW-2011-0880-7751,EPA-HQ-OW-2011-0880,organizational,individual
EPA-HQ-OW-2011-0880-7755,EPA-HQ-OW-2011-0880,organizational,individual
EPA-HQ-OW-2011-0880-7758,EPA-HQ-OW-2011-0880,organizational,individual
EPA-HQ-OW-2011-0880-7760,EPA-HQ-OW-2011-0880,organizational,individual
EPA-HQ-OW-2011-0880-7763,EPA-HQ-OW-2011-0880,organizational,individual
EPA-HQ-OW-2011-0880-7764,EPA-HQ-OW-2011-0880,organizational,individual
EPA-HQ-OW-2011-0880-7766,EPA-HQ-OW-2011-0880,individual,individual
EPA-HQ-OW-2011-0880-7767,EPA-HQ-OW-2011-0880,individual,individual
EPA-HQ-OW-2011-0880-7779,EPA-HQ-OW-2011-0880,organizational,individual
EPA-HQ-OW-2011-0880-7783,EPA-HQ-OW-2011-0880,organizational,individual
EPA-HQ-OW-2011-0880-7786,EPA-HQ-OW-2011-0880,organizational,individual
EPA-HQ-OW-2011-0880-7789,EPA-HQ-OW-2011-0880,organizational,individual
EPA-HQ-OW-2011-0880-7792,EPA-HQ-OW-2011-0880,organizational,individual
EPA-HQ-OW-2011-0880-7793,EPA-HQ-OW-2011-0880,organizational,individual
EPA-HQ-OW-2011-0880-7796,EPA-HQ-OW-2011-0880,organizational,individual
EPA-HQ-OW-2011-0880-7798,EPA-HQ-OW-2011-0880,organizational,individual
EPA-HQ-OW-2011-0880-7799,EPA-HQ-OW-2011-0880,individual,individual
EPA-HQ-OW-2011-0880-7810,EPA-HQ-OW-2011-0880,organizational,individual
EPA-HQ-OW-2011-0880-7813,EPA-HQ-OW-2011-0880,organizational,individual
EPA-HQ-OW-2011-0880-7814,EPA-HQ-OW-2011-0880,organizational,individual
EPA-HQ-OW-2011-0880-7818,EPA-HQ-OW-2011-0880,organizational,individual
EPA-HQ-OW-2011-0880-7819,EPA-HQ-OW-2011-0880,organizational,individual
EPA-HQ-OW-2011-0880-7821,EPA-HQ-OW-2011-0880,organizational,individual
EPA-HQ-OW-2011-0880-7823,EPA-HQ-OW-2011-0880,organizational,individual
EPA-HQ-OW-2011-0880-7824,EPA-HQ-OW-2011-0880,individual,individual
EPA-HQ-OW-2011-0880-7828,EPA-HQ-OW-2011-0880,organizational,individual
EPA-HQ-OW-2011-0880-7830,EPA-HQ-OW-2011-0880,individual,individual
EPA-HQ-OW-2011-0880-7831,EPA-HQ-OW-2011-0880,organizational,individual
EPA-HQ-OW-2011-0880-7832,EPA-HQ-OW-2011-0880,organizational,individual
EPA-HQ-OW-2011-0880-7833,EPA-HQ-OW-2011-0880,organizational,individual
EPA-HQ-OW-2011-0880-7834,EPA-HQ-OW-2011-0880,individual,organizational
EPA-HQ-OW-2011-0880-7835,EPA-HQ-OW-2011-0880,organizational,individual
EPA-HQ-OW-2011-0880-7836,EPA-HQ-OW-2011-0880,individual,individual
EPA-HQ-OW-2011-0880-7837,EPA-HQ-OW-2011-0880,individual,individual
EPA-HQ-OW-2011-0880-7838,EPA-HQ-OW-2011-0880,organizational,individual
EPA-HQ-OW-2011-0880-7840,EPA-HQ-OW-2011-0880,organizational,individual
EPA-HQ-OW-2011-0880-7842,EPA-HQ-OW-2011-0880,organizational,individual
EPA-HQ-OW-2011-0880-7843,EPA-HQ-OW-2011-0880,organizational,individual
EPA-HQ-OW-2011-0880-7844,EPA-HQ-OW-2011-0880,organizational,individual
EPA-HQ-OW-2011-0880-7846,EPA-HQ-OW-2011-0880,organizational,individual
EPA-HQ-OW-2011-0880-7847,EPA-HQ-OW-2011-0880,organizational,individual
EPA-HQ-OW-2011-0880-7848,EPA-HQ-OW-2011-0880,organizational,individual
EPA-HQ-OW-2011-0880-7851,EPA-HQ-OW-2011-0880,organizational,individual
EPA-HQ-OW-2011-0880-7853,EPA-HQ-OW-2011-0880,organizational,individual
EPA-HQ-OW-2011-0880-7854,EPA-HQ-OW-2011-0880,organizational,individual
EPA-HQ-OW-2011-0880-7855,EPA-HQ-OW-2011-0880,individual,organizational
EPA-HQ-OW-2011-0880-7856,EPA-HQ-OW-2011-0880,individual,organizational
EPA-HQ-OW-2011-0880-7857,EPA-HQ-OW-2011-0880,organizational,individual
EPA-HQ-OW-2011-0880-7860,EPA-HQ-OW-2011-0880,organizational,individual
EPA-HQ-OW-2011-0880-7861,EPA-HQ-OW-2011-0880,organizational,individual
EPA-HQ-OW-2011-0880-7862,EPA-HQ-OW-2011-0880,organizational,individual
EPA-HQ-OW-2011-0880-7863,EPA-HQ-OW-2011-0880,organizational,individual
EPA-HQ-OW-2011-0880-7866,EPA-HQ-OW-2011-0880,organizational,individual
EPA-HQ-OW-2011-0880-7868,EPA-HQ-OW-2011-0880,organizational,individual
EPA-HQ-OW-2011-0880-7869,EPA-HQ-OW-2011-0880,organizational,individual
EPA-HQ-OW-2011-0880-7872,EPA-HQ-OW-2011-0880,organizational,individual
EPA-HQ-OW-2011-0880-7873,EPA-HQ-OW-2011-0880,organizational,individual
EPA-HQ-OW-2011-0880-7874,EPA-HQ-OW-2011-0880,organizational,individual
EPA-HQ-OW-2011-0880-7884,EPA-HQ-OW-2011-0880,organizational,individual
EPA-HQ-OW-2011-0880-7885,EPA-HQ-OW-2011-0880,organizational,individual
EPA-HQ-OW-2011-0880-7886,EPA-HQ-OW-2011-0880,organizational,individual
EPA-HQ-OW-2011-0880-7887,EPA-HQ-OW-2011-0880,individual,individual
EPA-HQ-OW-2011-0880-7889,EPA-HQ-OW-2011-0880,organizational,individual
EPA-HQ-OW-2011-0880-7891,EPA-HQ-OW-2011-0880,individual,individual
EPA-HQ-OW-2011-0880-7893,EPA-HQ-OW-2011-0880,organizational,individual
EPA-HQ-OW-2011-0880-7896,EPA-HQ-OW-2011-0880,organizational,individual
EPA-HQ-OW-2011-0880-7898,EPA-HQ-OW-2011-0880,organizational,individual
EPA-HQ-OW-2011-0880-7899,EPA-HQ-OW-2011-0880,organizational,individual
EPA-HQ-OW-2011-0880-7900,EPA-HQ-OW-2011-0880,organizational,individual
EPA-HQ-OW-2011-0880-7901,EPA-HQ-OW-2011-0880,organizational,individual
EPA-HQ-OW-2011-0880-7902,EPA-HQ-OW-2011-0880,organizational,individual
EPA-HQ-OW-2011-0880-7903,EPA-HQ-OW-2011-0880,organizational,individual
EPA-HQ-OW-2011-0880-7904,EPA-HQ-OW-2011-0880,organizational,individual
EPA-HQ-OW-2011-0880-7905,EPA-HQ-OW-2011-0880,organizational,individual
EPA-HQ-OW-2011-0880-7906,EPA-HQ-OW-2011-0880,organizational,individual
EPA-HQ-OW-2011-0880-7907,EPA-HQ-OW-2011-0880,organizational,individual
EPA-HQ-OW-2011-0880-7908,EPA-HQ-OW-2011-0880,organizational,individual
EPA-HQ-OW-2011-0880-7911,EPA-HQ-OW-2011-0880,organizational,individual
EPA-HQ-OW-2011-0880-7912,EPA-HQ-OW-2011-0880,organizational,individual
EPA-HQ-OW-2011-0880-7913,EPA-HQ-OW-2011-0880,organizational,individual
EPA-HQ-OW-2011-0880-7914,EPA-HQ-OW-2011-0880,organizational,individual
EPA-HQ-OW-2011-0880-7915,EPA-HQ-OW-2011-0880,organizational,individual
EPA-HQ-OW-2011-0880-7918,EPA-HQ-OW-2011-0880,organizational,individual
EPA-HQ-OW-2011-0880-7920,EPA-HQ-OW-2011-0880,organizational,individual
EPA-HQ-OW-2011-0880-7922,EPA-HQ-OW-2011-0880,organizational,individual
EPA-HQ-OW-2011-0880-7924,EPA-HQ-OW-2011-0880,individual,organizational
EPA-HQ-OW-2011-0880-7926,EPA-HQ-OW-2011-0880,organizational,individual
EPA-HQ-OW-2011-0880-7927,EPA-HQ-OW-2011-0880,individual,individual
EPA-HQ-OW-2011-0880-7944,EPA-HQ-OW-2011-0880,individual,organizational
EPA-HQ-OW-2011-0880-7976,EPA-HQ-OW-2011-0880,individual,organizational
EPA-HQ-OW-2011-0880-8097,EPA-HQ-OW-2011-0880,individual,organizational
EPA-HQ-OW-2011-0880-8144,EPA-HQ-OW-2011-0880,individual,individual
EPA-HQ-OW-2011-0880-8360,EPA-HQ-OW-2011-0880,individual,organizational
EPA-HQ-OW-2011-0880-8364,EPA-HQ-OW-2011-0880,individual,organizational
EPA-HQ-OW-2011-0880-8367,EPA-HQ-OW-2011-0880,individual,organizational
EPA-HQ-OW-2011-0880-8370,EPA-HQ-OW-2011-0880,individual,organizational
EPA-HQ-OW-2011-0880-8411,EPA-HQ-OW-2011-0880,individual,organizational
EPA-HQ-OW-2011-0880-8677,EPA-HQ-OW-2011-0880,organizational,individual
EPA-HQ-OW-2011-0880-8678,EPA-HQ-OW-2011-0880,organizational,individual
EPA-HQ-OW-2011-0880-8679,EPA-HQ-OW-2011-0880,organizational,individual
EPA-HQ-OW-2011-0880-8680,EPA-HQ-OW-2011-0880,organizational,individual
EPA-HQ-OW-2011-0880-8682,EPA-HQ-OW-2011-0880,organizational,individual
EPA-HQ-OW-2011-0880-8685,EPA-HQ-OW-2011-0880,organizational,individual
EPA-HQ-OW-2011-0880-8686,EPA-HQ-OW-2011-0880,organizational,individual
EPA-HQ-OW-2011-0880-8690,EPA-HQ-OW-2011-0880,individual,individual
EPA-HQ-OW-2011-0880-8691,EPA-HQ-OW-2011-0880,organizational,individual
EPA-HQ-OW-2011-0880-8692,EPA-HQ-OW-2011-0880,individual,individual
EPA-HQ-OW-2011-0880-8693,EPA-HQ-OW-2011-0880,organizational,individual
EPA-HQ-OW-2011-0880-8699,EPA-HQ-OW-2011-0880,organizational,individual
EPA-HQ-OW-2011-0880-8703,EPA-HQ-OW-2011-0880,organizational,individual
EPA-HQ-OW-2011-0880-8708,EPA-HQ-OW-2011-0880,individual,individual
EPA-HQ-OW-2011-0880-8709,EPA-HQ-OW-2011-0880,individual,individual
EPA-HQ-OW-2011-0880-8710,EPA-HQ-OW-2011-0880,organizational,individual
EPA-HQ-OW-2011-0880-8712,EPA-HQ-OW-2011-0880,organizational,individual
EPA-HQ-OW-2011-0880-8716,EPA-HQ-OW-2011-0880,organizational,individual
EPA-HQ-OW-2011-0880-8718,EPA-HQ-OW-2011-0880,organizational,individual
EPA-HQ-OW-2011-0880-8720,EPA-HQ-OW-2011-0880,organizational,individual
EPA-HQ-OW-2011-0880-8726,EPA-HQ-OW-2011-0880,organizational,individual
EPA-HQ-OW-2011-0880-8728,EPA-HQ-OW-2011-0880,organizational,individual
EPA-HQ-OW-2011-0880-8730,EPA-HQ-OW-2011-0880,organizational,individual
EPA-HQ-OW-2011-0880-8731,EPA-HQ-OW-2011-0880,organizational,individual
EPA-HQ-OW-2011-0880-8733,EPA-HQ-OW-2011-0880,organizational,individual
EPA-HQ-OW-2011-0880-8734,EPA-HQ-OW-2011-0880,organizational,individual
EPA-HQ-OW-2011-0880-8735,EPA-HQ-OW-2011-0880,organizational,individual
EPA-HQ-OW-2011-0880-8738,EPA-HQ-OW-2011-0880,organizational,individual
EPA-HQ-OW-2011-0880-8740,EPA-HQ-OW-2011-0880,organizational,individual
EPA-HQ-OW-2011-0880-8742,EPA-HQ-OW-2011-0880,organizational,individual
EPA-HQ-OW-2011-0880-8743,EPA-HQ-OW-2011-0880,organizational,individual
EPA-HQ-OW-2011-0880-8750,EPA-HQ-OW-2011-0880,organizational,individual
EPA-HQ-OW-2011-0880-8757,EPA-HQ-OW-2011-0880,organizational,individual
EPA-HQ-OW-2011-0880-8758,EPA-HQ-OW-2011-0880,organizational,individual
EPA-HQ-OW-2011-0880-8761,EPA-HQ-OW-2011-0880,individual,individual
EPA-HQ-OW-2011-0880-8762,EPA-HQ-OW-2011-0880,organizational,individual
EPA-HQ-OW-2011-0880-8763,EPA-HQ-OW-2011-0880,organizational,individual
EPA-HQ-OW-2011-0880-8764,EPA-HQ-OW-2011-0880,individual,individual
EPA-HQ-OW-2011-0880-8767,EPA-HQ-OW-2011-0880,organizational,individual
EPA-HQ-OW-2011-0880-8771,EPA-HQ-OW-2011-0880,organizational,individual
EPA-HQ-OW-2011-0880-8775,EPA-HQ-OW-2011-0880,organizational,individual
EPA-HQ-OW-2011-0880-8780,EPA-HQ-OW-2011-0880,organizational,individual
EPA-HQ-OW-2011-0880-8781,EPA-HQ-OW-2011-0880,organizational,individual
EPA-HQ-OW-2011-0880-8783,EPA-HQ-OW-2011-0880,organizational,individual
EPA-HQ-OW-2011-0880-8793,EPA-HQ-OW-2011-0880,individual,individual
EPA-HQ-OW-2011-0880-8794,EPA-HQ-OW-2011-0880,organizational,individual
EPA-HQ-OW-2011-0880-8795,EPA-HQ-OW-2011-0880,organizational,individual
EPA-HQ-OW-2011-0880-8797,EPA-HQ-OW-2011-0880,organizational,individual
EPA-HQ-OW-2011-0880-8799,EPA-HQ-OW-2011-0880,organizational,individual
EPA-HQ-OW-2011-0880-8802,EPA-HQ-OW-2011-0880,individual,individual
EPA-HQ-OW-2011-0880-8804,EPA-HQ-OW-2011-0880,organizational,individual
EPA-HQ-OW-2011-0880-8805,EPA-HQ-OW-2011-0880,organizational,individual
EPA-HQ-OW-2011-0880-8808,EPA-HQ-OW-2011-0880,organizational,individual
EPA-HQ-OW-2011-0880-8811,EPA-HQ-OW-2011-0880,organizational,individual
EPA-HQ-OW-2011-0880-8813,EPA-HQ-OW-2011-0880,organizational,individual
EPA-HQ-OW-2011-0880-8818,EPA-HQ-OW-2011-0880,organizational,individual
EPA-HQ-OW-2011-0880-8820,EPA-HQ-OW-2011-0880,organizational,individual
EPA-HQ-OW-2011-0880-8821,EPA-HQ-OW-2011-0880,organizational,individual
EPA-HQ-OW-2011-0880-8826,EPA-HQ-OW-2011-0880,organizational,individual
EPA-HQ-OW-2011-0880-8827,EPA-HQ-OW-2011-0880,organizational,individual
EPA-HQ-OW-2011-0880-8832,EPA-HQ-OW-2011-0880,organizational,individual
EPA-HQ-OW-2011-0880-8833,EPA-HQ-OW-2011-0880,organizational,individual
EPA-HQ-OW-2011-0880-8835,EPA-HQ-OW-2011-0880,organizational,individual
EPA-HQ-OW-2011-0880-8836,EPA-HQ-OW-2011-0880,organizational,individual
EPA-HQ-OW-2011-0880-8837,EPA-HQ-OW-2011-0880,organizational,individual
EPA-HQ-OW-2011-0880-8839,EPA-HQ-OW-2011-0880,organizational,individual
EPA-HQ-OW-2011-0880-8849,EPA-HQ-OW-2011-0880,organizational,individual
EPA-HQ-OW-2011-0880-8850,EPA-HQ-OW-2011-0880,organizational,individual
EPA-HQ-OW-2011-0880-8854,EPA-HQ-OW-2011-0880,organizational,individual
EPA-HQ-OW-2011-0880-8855,EPA-HQ-OW-2011-0880,organizational,individual
EPA-HQ-OW-2011-0880-8857,EPA-HQ-OW-2011-0880,organizational,individual
EPA-HQ-OW-2011-0880-8861,EPA-HQ-OW-2011-0880,organizational,individual
EPA-HQ-OW-2011-0880-8862,EPA-HQ-OW-2011-0880,organizational,individual
EPA-HQ-OW-2011-0880-8863,EPA-HQ-OW-2011-0880,organizational,individual
EPA-HQ-OW-2011-0880-8866,EPA-HQ-OW-2011-0880,organizational,individual
EPA-HQ-OW-2011-0880-8873,EPA-HQ-OW-2011-0880,organizational,individual
EPA-HQ-OW-2011-0880-8874,EPA-HQ-OW-2011-0880,organizational,individual
EPA-HQ-OW-2011-0880-8875,EPA-HQ-OW-2011-0880,organizational,individual
EPA-HQ-OW-2011-0880-8878,EPA-HQ-OW-2011-0880,organizational,individual
EPA-HQ-OW-2011-0880-8879,EPA-HQ-OW-2011-0880,organizational,individual
EPA-HQ-OW-2011-0880-8880,EPA-HQ-OW-2011-0880,organizational,individual
EPA-HQ-OW-2011-0880-8882,EPA-HQ-OW-2011-0880,organizational,individual
EPA-HQ-OW-2011-0880-8883,EPA-HQ-OW-2011-0880,individual,individual
EPA-HQ-OW-2011-0880-8884,EPA-HQ-OW-2011-0880,organizational,individual
EPA-HQ-OW-2011-0880-8888,EPA-HQ-OW-2011-0880,organizational,individual
EPA-HQ-OW-2011-0880-8892,EPA-HQ-OW-2011-0880,organizational,individual
EPA-HQ-OW-2011-0880-8895,EPA-HQ-OW-2011-0880,organizational,individual
EPA-HQ-OW-2011-0880-8899,EPA-HQ-OW-2011-0880,organizational,individual
EPA-HQ-OW-2011-0880-8900,EPA-HQ-OW-2011-0880,organizational,individual
EPA-HQ-OW-2011-0880-8901,EPA-HQ-OW-2011-0880,organizational,individual
EPA-HQ-OW-2011-0880-8902,EPA-HQ-OW-2011-0880,organizational,individual
EPA-HQ-OW-2011-0880-8903,EPA-HQ-OW-2011-0880,organizational,individual
EPA-HQ-OW-2011-0880-8906,EPA-HQ-OW-2011-0880,organizational,individual
EPA-HQ-OW-2011-0880-8908,EPA-HQ-OW-2011-0880,organizational,individual
EPA-HQ-OW-2011-0880-8910,EPA-HQ-OW-2011-0880,organizational,individual
EPA-HQ-OW-2011-0880-8911,EPA-HQ-OW-2011-0880,organizational,individual
EPA-HQ-OW-2011-0880-8912,EPA-HQ-OW-2011-0880,organizational,individual
EPA-HQ-OW-2011-0880-8915,EPA-HQ-OW-2011-0880,organizational,individual
EPA-HQ-OW-2011-0880-8917,EPA-HQ-OW-2011-0880,organizational,individual
EPA-HQ-OW-2011-0880-8919,EPA-HQ-OW-2011-0880,organizational,individual
EPA-HQ-OW-2011-0880-8921,EPA-HQ-OW-2011-0880,organizational,individual
EPA-HQ-OAR-2009-0234-20469,EPA-HQ-OAR-2009-0234,organizational,individual
EPA-HQ-OAR-2010-0505-5028,EPA-HQ-OAR-2010-0505,organizational,individual
EPA-HQ-OAR-2010-0505-5105,EPA-HQ-OAR-2010-0505,organizational,individual
EPA-HQ-OAR-2010-0505-5113,EPA-HQ-OAR-2010-0505,individual,individual
EPA-HQ-OAR-2010-0505-5123,EPA-HQ-OAR-2010-0505,organizational,individual
EPA-HQ-OAR-2010-0505-5124,EPA-HQ-OAR-2010-0505,individual,organizational
EPA-HQ-OAR-2010-0505-5127,EPA-HQ-OAR-2010-0505,individual,individual
EPA-HQ-OAR-2010-0505-5133,EPA-HQ-OAR-2010-0505,individual,individual
EPA-HQ-OAR-2010-0505-5167,EPA-HQ-OAR-2010-0505,individual,individual
EPA-HQ-OAR-2010-0505-5293,EPA-HQ-OAR-2010-0505,organizational,individual
EPA-HQ-OAR-2010-0505-5298,EPA-HQ-OAR-2010-0505,individual,individual
EPA-HQ-OAR-2010-0505-5329,EPA-HQ-OAR-2010-0505,individual,individual
EPA-HQ-OAR-2010-0505-5332,EPA-HQ-OAR-2010-0505,individual,individual
EPA-HQ-OAR-2010-0505-5335,EPA-HQ-OAR-2010-0505,organizational,individual
EPA-HQ-OAR-2010-0505-5336,EPA-HQ-OAR-2010-0505,organizational,individual
EPA-HQ-OAR-2010-0505-5340,EPA-HQ-OAR-2010-0505,individual,individual
EPA-HQ-OAR-2010-0505-5343,EPA-HQ-OAR-2010-0505,individual,individual
EPA-HQ-OAR-2010-0505-5359,EPA-HQ-OAR-2010-0505,organizational,individual
EPA-HQ-OAR-2010-0505-5360,EPA-HQ-OAR-2010-0505,individual,individual
EPA-HQ-OAR-2010-0505-5372,EPA-HQ-OAR-2010-0505,individual,individual
EPA-HQ-OAR-2010-0505-5416,EPA-HQ-OAR-2010-0505,organizational,individual
EPA-HQ-OAR-2010-0505-5417,EPA-HQ-OAR-2010-0505,individual,individual
EPA-HQ-OAR-2010-0505-5440,EPA-HQ-OAR-2010-0505,organizational,individual
EPA-HQ-OAR-2010-0505-5442,EPA-HQ-OAR-2010-0505,organizational,individual
EPA-HQ-OAR-2010-0505-5445,EPA-HQ-OAR-2010-0505,organizational,individual
EPA-HQ-OAR-2010-0505-5447,EPA-HQ-OAR-2010-0505,organizational,individual
EPA-HQ-OAR-2010-0505-5448,EPA-HQ-OAR-2010-0505,organizational,individual
EPA-HQ-OAR-2010-0505-5450,EPA-HQ-OAR-2010-0505,organizational,individual
EPA-HQ-OAR-2010-0505-5451,EPA-HQ-OAR-2010-0505,organizational,individual
EPA-HQ-OAR-2010-0505-5452,EPA-HQ-OAR-2010-0505,organizational,individual
EPA-HQ-OAR-2010-0505-5455,EPA-HQ-OAR-2010-0505,organizational,individual
EPA-HQ-OAR-2010-0505-5461,EPA-HQ-OAR-2010-0505,organizational,individual
EPA-HQ-OAR-2010-0505-5462,EPA-HQ-OAR-2010-0505,organizational,individual
EPA-HQ-OAR-2010-0505-5464,EPA-HQ-OAR-2010-0505,organizational,individual
EPA-HQ-OAR-2010-0505-5465,EPA-HQ-OAR-2010-0505,organizational,individual
EPA-HQ-OAR-2010-0505-5467,EPA-HQ-OAR-2010-0505,organizational,individual
EPA-HQ-OAR-2010-0505-5469,EPA-HQ-OAR-2010-0505,organizational,individual
EPA-HQ-OAR-2010-0505-5474,EPA-HQ-OAR-2010-0505,organizational,individual
EPA-HQ-OAR-2010-0505-5484,EPA-HQ-OAR-2010-0505,organizational,individual
EPA-HQ-OAR-2010-0505-5488,EPA-HQ-OAR-2010-0505,organizational,individual
EPA-HQ-OAR-2010-0505-5491,EPA-HQ-OAR-2010-0505,organizational,individual
EPA-HQ-OAR-2010-0505-5492,EPA-HQ-OAR-2010-0505,organizational,individual
EPA-HQ-OAR-2010-0505-5496,EPA-HQ-OAR-2010-0505,organizational,individual
EPA-HQ-OAR-2010-0505-5497,EPA-HQ-OAR-2010-0505,organizational,individual
EPA-HQ-OAR-2010-0505-5505,EPA-HQ-OAR-2010-0505,organizational,individual
EPA-HQ-OAR-2010-0505-5512,EPA-HQ-OAR-2010-0505,organizational,individual
EPA-HQ-OAR-2010-0505-5514,EPA-HQ-OAR-2010-0505,organizational,individual
EPA-HQ-OAR-2010-0505-5515,EPA-HQ-OAR-2010-0505,organizational,individual
EPA-HQ-OAR-2010-0505-5516,EPA-HQ-OAR-2010-0505,organizational,individual
EPA-HQ-OAR-2010-0505-5520,EPA-HQ-OAR-2010-0505,organizational,individual
EPA-HQ-OAR-2010-0505-5522,EPA-HQ-OAR-2010-0505,organizational,individual
EPA-HQ-OAR-2010-0505-5524,EPA-HQ-OAR-2010-0505,organizational,individual
EPA-HQ-OAR-2010-0505-5525,EPA-HQ-OAR-2010-0505,organizational,individual
EPA-HQ-OAR-2010-0505-5526,EPA-HQ-OAR-2010-0505,organizational,individual
EPA-HQ-OAR-2010-0505-5535,EPA-HQ-OAR-2010-0505,individual,individual
EPA-HQ-OAR-2010-0505-5536,EPA-HQ-OAR-2010-0505,organizational,individual
EPA-HQ-OAR-2010-0505-5540,EPA-HQ-OAR-2010-0505,organizational,individual
EPA-HQ-OAR-2010-0505-5542,EPA-HQ-OAR-2010-0505,organizational,individual
EPA-HQ-OAR-2010-0505-5547,EPA-HQ-OAR-2010-0505,organizational,individual
EPA-HQ-OAR-2010-0505-5548,EPA-HQ-OAR-2010-0505,organizational,individual
EPA-HQ-OAR-2010-0505-5549,EPA-HQ-OAR-2010-0505,organizational,individual
EPA-HQ-OAR-2010-0505-5556,EPA-HQ-OAR-2010-0505,organizational,individual
EPA-HQ-OAR-2010-0505-5559,EPA-HQ-OAR-2010-0505,organizational,individual
EPA-HQ-OAR-2010-0505-5564,EPA-HQ-OAR-2010-0505,organizational,individual
EPA-HQ-OAR-2010-0505-5572,EPA-HQ-OAR-2010-0505,organizational,individual
EPA-HQ-OAR-2010-0505-5573,EPA-HQ-OAR-2010-0505,organizational,individual
EPA-HQ-OAR-2010-0505-5575,EPA-HQ-OAR-2010-0505,organizational,individual
EPA-HQ-OAR-2010-0505-5576,EPA-HQ-OAR-2010-0505,organizational,individual
EPA-HQ-OAR-2010-0505-5580,EPA-HQ-OAR-2010-0505,organizational,individual
EPA-HQ-OAR-2010-0505-5588,EPA-HQ-OAR-2010-0505,organizational,individual
EPA-HQ-OAR-2010-0505-5607,EPA-HQ-OAR-2010-0505,organizational,individual
EPA-HQ-OAR-2010-0505-5610,EPA-HQ-OAR-2010-0505,organizational,individual
EPA-HQ-OAR-2010-0505-5618,EPA-HQ-OAR-2010-0505,organizational,individual
EPA-HQ-OAR-2010-0505-5619,EPA-HQ-OAR-2010-0505,organizational,individual
EPA-HQ-OAR-2010-0505-5627,EPA-HQ-OAR-2010-0505,organizational,individual
EPA-HQ-OAR-2010-0505-5628,EPA-HQ-OAR-2010-0505,organizational,individual
EPA-HQ-OAR-2010-0505-5636,EPA-HQ-OAR-2010-0505,organizational,individual
EPA-HQ-OAR-2010-0505-5637,EPA-HQ-OAR-2010-0505,organizational,individual
EPA-HQ-OAR-2010-0505-5641,EPA-HQ-OAR-2010-0505,organizational,individual
EPA-HQ-OAR-2010-0505-5642,EPA-HQ-OAR-2010-0505,organizational,individual
EPA-HQ-OAR-2010-0505-5647,EPA-HQ-OAR-2010-0505,organizational,individual
EPA-HQ-OAR-2010-0505-5648,EPA-HQ-OAR-2010-0505,organizational,individual
EPA-HQ-OAR-2010-0505-5656,EPA-HQ-OAR-2010-0505,organizational,individual
EPA-HQ-OAR-2010-0505-5657,EPA-HQ-OAR-2010-0505,organizational,individual
EPA-HQ-OAR-2010-0505-5661,EPA-HQ-OAR-2010-0505,organizational,individual
EPA-HQ-OAR-2010-0505-5667,EPA-HQ-OAR-2010-0505,organizational,individual
EPA-HQ-OAR-2010-0505-5672,EPA-HQ-OAR-2010-0505,individual,individual
EPA-HQ-OAR-2010-0505-6092,EPA-HQ-OAR-2010-0505,organizational,individual
EPA-HQ-OAR-2010-0505-6096,EPA-HQ-OAR-2010-0505,organizational,individual
EPA-HQ-OAR-2010-0505-6193,EPA-HQ-OAR-2010-0505,organizational,individual
EPA-HQ-OAR-2010-0505-6213,EPA-HQ-OAR-2010-0505,individual,organizational
EPA-HQ-OAR-2010-0505-6215,EPA-HQ-OAR-2010-0505,individual,individual
EPA-HQ-OAR-2010-0505-6219,EPA-HQ-OAR-2010-0505,organizational,individual
EPA-HQ-OAR-2010-0505-6226,EPA-HQ-OAR-2010-0505,organizational,individual
EPA-HQ-OAR-2010-0505-6228,EPA-HQ-OAR-2010-0505,organizational,individual
EPA-HQ-OAR-2010-0505-6240,EPA-HQ-OAR-2010-0505,individual,organizational
EPA-HQ-OAR-2010-0505-6249,EPA-HQ-OAR-2010-0505,organizational,individual
EPA-HQ-OAR-2010-0505-6256,EPA-HQ-OAR-2010-0505,organizational,individual
EPA-HQ-OAR-2010-0505-6258,EPA-HQ-OAR-2010-0505,organizational,individual
EPA-HQ-OAR-2010-0505-6271,EPA-HQ-OAR-2010-0505,organizational,individual
EPA-HQ-OAR-2010-0505-6273,EPA-HQ-OAR-2010-0505,individual,individual
EPA-HQ-OAR-2010-0505-6274,EPA-HQ-OAR-2010-0505,organizational,individual
EPA-HQ-OAR-2010-0505-6279,EPA-HQ-OAR-2010-0505,organizational,individual
EPA-HQ-OAR-2010-0505-6280,EPA-HQ-OAR-2010-0505,individual,individual
EPA-HQ-OAR-2010-0505-6281,EPA-HQ-OAR-2010-0505,individual,individual
EPA-HQ-OAR-2010-0505-6284,EPA-HQ-OAR-2010-0505,individual,individual
EPA-HQ-OAR-2010-0505-6285,EPA-HQ-OAR-2010-0505,organizational,individual
EPA-HQ-OAR-2010-0505-6286,EPA-HQ-OAR-2010-0505,individual,individual
EPA-HQ-OAR-2010-0505-6287,EPA-HQ-OAR-2010-0505,organizational,individual
EPA-HQ-OAR-2010-0505-6288,EPA-HQ-OAR-2010-0505,individual,individual
EPA-HQ-OAR-2010-0505-6290,EPA-HQ-OAR-2010-0505,organizational,individual
EPA-HQ-OAR-2010-0505-6292,EPA-HQ-OAR-2010-0505,organizational,individual
EPA-HQ-OAR-2010-0505-6302,EPA-HQ-OAR-2010-0505,organizational,individual
EPA-HQ-OAR-2010-0505-6303,EPA-HQ-OAR-2010-0505,organizational,individual
EPA-HQ-OAR-2010-0505-6312,EPA-HQ-OAR-2010-0505,organizational,individual
EPA-HQ-OAR-2010-0505-6478,EPA-HQ-OAR-2010-0505,organizational,individual
EPA-HQ-OAR-2010-0505-6704,EPA-HQ-OAR-2010-0505,individual,individual
EPA-HQ-OAR-2010-0505-6759,EPA-HQ-OAR-2010-0505,individual,individual
EPA-HQ-OAR-2010-0505-6791,EPA-HQ-OAR-2010-0505,organizational,individual
EPA-HQ-OAR-2010-0505-6799,EPA-HQ-OAR-2010-0505,individual,organizational
EPA-HQ-OAR-2010-0505-6802,EPA-HQ-OAR-2010-0505,individual,organizational
EPA-HQ-OAR-2010-0505-6856,EPA-HQ-OAR-2010-0505,organizational,individual
EPA-HQ-OAR-2010-0505-6866,EPA-HQ-OAR-2010-0505,individual,organizational
EPA-HQ-OAR-2010-0505-6868,EPA-HQ-OAR-2010-0505,individual,organizational
EPA-HQ-OAR-2010-0505-6885,EPA-HQ-OAR-2010-0505,organizational,other
EPA-HQ-OAR-2010-0505-6908,EPA-HQ-OAR-2010-0505,organizational,individual
EPA-HQ-OAR-2010-0505-6909,EPA-HQ-OAR-2010-0505,organizational,individual
EPA-HQ-OAR-2010-0505-6910,EPA-HQ-OAR-2010-0505,organizational,individual
EPA-HQ-OAR-2010-0505-6911,EPA-HQ-OAR-2010-0505,organizational,individual
EPA-HQ-OAR-2010-0505-6923,EPA-HQ-OAR-2010-0505,individual,organizational
EPA-HQ-OAR-2010-0505-6986,EPA-HQ-OAR-2010-0505,organizational,organizational
EPA-HQ-OAR-2010-0505-6999,EPA-HQ-OAR-2010-0505,organizational,other
EPA-HQ-OAR-2010-0505-7010,EPA-HQ-OAR-2010-0505,organizational,other
EPA-HQ-OAR-2010-0505-7160,EPA-HQ-OAR-2010-0505,organizational,individual
EPA-HQ-OAR-2010-0505-7162,EPA-HQ-OAR-2010-0505,organizational,individual
EPA-HQ-OAR-2010-0505-7163,EPA-HQ-OAR-2010-0505,organizational,individual
EPA-HQ-OAR-2010-0505-7168,EPA-HQ-OAR-2010-0505,individual,individual
EPA-HQ-OAR-2010-0505-7169,EPA-HQ-OAR-2010-0505,organizational,individual
EPA-HQ-OAR-2010-0505-7172,EPA-HQ-OAR-2010-0505,organizational,individual
EPA-HQ-OAR-2010-0505-7173,EPA-HQ-OAR-2010-0505,organizational,individual
EPA-HQ-OAR-2010-0505-7174,EPA-HQ-OAR-2010-0505,organizational,individual
EPA-HQ-OAR-2010-0505-7175,EPA-HQ-OAR-2010-0505,organizational,individual
EPA-HQ-OAR-2010-0505-7176,EPA-HQ-OAR-2010-0505,organizational,individual
EPA-HQ-OAR-2010-0505-7180,EPA-HQ-OAR-2010-0505,organizational,individual
EPA-HQ-OAR-2010-0505-7181,EPA-HQ-OAR-2010-0505,organizational,individual
EPA-HQ-OAR-2010-0505-7193,EPA-HQ-OAR-2010-0505,organizational,individual
EPA-HQ-OAR-2010-0505-7196,EPA-HQ-OAR-2010-0505,organizational,individual
EPA-HQ-OAR-2010-0505-7240,EPA-HQ-OAR-2010-0505,individual,organizational
EPA-HQ-OAR-2010-0505-7242,EPA-HQ-OAR-2010-0505,organizational,individual
EPA-HQ-OAR-2010-0505-7244,EPA-HQ-OAR-2010-0505,organizational,individual
EPA-HQ-OAR-2010-0505-7245,EPA-HQ-OAR-2010-0505,organizational,individual
EPA-HQ-OAR-2010-0505-7246,EPA-HQ-OAR-2010-0505,organizational,individual
EPA-HQ-OAR-2010-0505-7252,EPA-HQ-OAR-2010-0505,individual,individual
EPA-HQ-OAR-2010-0505-7253,EPA-HQ-OAR-2010-0505,individual,individual
EPA-HQ-OAR-2010-0505-7262,EPA-HQ-OAR-2010-0505,organizational,individual
EPA-HQ-OAR-2010-0505-7263,EPA-HQ-OAR-2010-0505,organizational,individual
EPA-HQ-OAR-2010-0505-7264,EPA-HQ-OAR-2010-0505,organizational,individual
EPA-HQ-OAR-2010-0505-7265,EPA-HQ-OAR-2010-0505,organizational,individual
EPA-HQ-OAR-2010-0505-7266,EPA-HQ-OAR-2010-0505,organizational,individual
EPA-HQ-OAR-2010-0505-7267,EPA-HQ-OAR-2010-0505,organizational,individual
EPA-HQ-OAR-2010-0505-7268,EPA-HQ-OAR-2010-0505,individual,individual
EPA-HQ-OAR-2010-0505-7269,EPA-HQ-OAR-2010-0505,organizational,individual
EPA-HQ-OAR-2010-0505-7275,EPA-HQ-OAR-2010-0505,organizational,individual
EPA-HQ-OAR-2011-0817-0864,EPA-HQ-OAR-2011-0817,individual,organizational
EPA-HQ-OAR-2013-0602-31444,EPA-HQ-OAR-2013-0602,organizational,individual
EPA-HQ-OAR-2013-0602-31823,EPA-HQ-OAR-2013-0602,organizational,individual
EPA-HQ-OAR-2013-0602-31824,EPA-HQ-OAR-2013-0602,organizational,individual
EPA-HQ-OAR-2013-0602-31826,EPA-HQ-OAR-2013-0602,organizational,individual
EPA-HQ-OAR-2013-0602-31828,EPA-HQ-OAR-2013-0602,organizational,individual
EPA-HQ-OAR-2013-0602-31863,EPA-HQ-OAR-2013-0602,organizational,individual
EPA-HQ-OPA-2006-0090-0013,EPA-HQ-OPA-2006-0090,individual,individual
EPA-HQ-OPA-2006-0090-0016,EPA-HQ-OPA-2006-0090,organizational,individual
EPA-HQ-OPA-2006-0090-0018,EPA-HQ-OPA-2006-0090,organizational,individual
EPA-HQ-OPA-2006-0090-0020,EPA-HQ-OPA-2006-0090,organizational,individual
EPA-HQ-OPA-2006-0090-0022,EPA-HQ-OPA-2006-0090,individual,organizational
EPA-HQ-OPA-2006-0090-0024,EPA-HQ-OPA-2006-0090,individual,individual
EPA-HQ-OPA-2006-0090-0025,EPA-HQ-OPA-2006-0090,organizational,individual
EPA-HQ-OPA-2006-0090-0026,EPA-HQ-OPA-2006-0090,individual,individual
EPA-HQ-OPA-2006-0090-0028,EPA-HQ-OPA-2006-0090,individual,individual
EPA-HQ-OPA-2006-0090-0029,EPA-HQ-OPA-2006-0090,individual,individual
EPA-HQ-OPA-2006-0090-0030,EPA-HQ-OPA-2006-0090,individual,individual
EPA-HQ-OPA-2006-0090-0031,EPA-HQ-OPA-2006-0090,individual,individual
EPA-HQ-OPA-2006-0090-0032,EPA-HQ-OPA-2006-0090,organizational,individual
EPA-HQ-OPA-2006-0090-0033,EPA-HQ-OPA-2006-0090,individual,individual
EPA-HQ-OPA-2006-0090-0035,EPA-HQ-OPA-2006-0090,individual,individual
EPA-HQ-OPA-2006-0090-0036,EPA-HQ-OPA-2006-0090,individual,individual
EPA-HQ-OPA-2006-0090-0037,EPA-HQ-OPA-2006-0090,individual,individual
EPA-HQ-OPA-2006-0090-0038,EPA-HQ-OPA-2006-0090,individual,individual
EPA-HQ-OPA-2006-0090-0039,EPA-HQ-OPA-2006-0090,individual,individual
EPA-HQ-OPA-2006-0090-0041,EPA-HQ-OPA-2006-0090,individual,individual
EPA-HQ-OPA-2006-0090-0042,EPA-HQ-OPA-2006-0090,individual,individual
EPA-HQ-OPA-2006-0090-0043,EPA-HQ-OPA-2006-0090,individual,individual
EPA-HQ-OPA-2006-0090-0045,EPA-HQ-OPA-2006-0090,individual,individual
EPA-HQ-OPA-2006-0090-0047,EPA-HQ-OPA-2006-0090,individual,individual
EPA-HQ-OPA-2006-0090-0048,EPA-HQ-OPA-2006-0090,individual,organizational
EPA-HQ-OPA-2006-0090-0050,EPA-HQ-OPA-2006-0090,individual,individual
EPA-HQ-OPA-2006-0090-0051,EPA-HQ-OPA-2006-0090,individual,individual
EPA-HQ-OPA-2006-0090-0052,EPA-HQ-OPA-2006-0090,individual,individual
EPA-HQ-OPA-2006-0090-0053,EPA-HQ-OPA-2006-0090,individual,individual
EPA-HQ-OPA-2006-0090-0054,EPA-HQ-OPA-2006-0090,individual,individual
EPA-HQ-OPA-2006-0090-0055,EPA-HQ-OPA-2006-0090,individual,organizational
EPA-HQ-OPA-2006-0090-0056,EPA-HQ-OPA-2006-0090,individual,organizational
EPA-HQ-OPA-2006-0090-0057,EPA-HQ-OPA-2006-0090,individual,individual
EPA-HQ-OPA-2006-0090-0058,EPA-HQ-OPA-2006-0090,individual,organizational
EPA-HQ-OPA-2006-0090-0059,EPA-HQ-OPA-2006-0090,individual,individual
EPA-HQ-OPA-2006-0090-0064,EPA-HQ-OPA-2006-0090,individual,individual
EPA-HQ-OPA-2006-0090-0065,EPA-HQ-OPA-2006-0090,individual,individual
EPA-HQ-OPA-2006-0090-0068,EPA-HQ-OPA-2006-0090,individual,organizational
EPA-HQ-OPA-2006-0090-0070,EPA-HQ-OPA-2006-0090,organizational,individual
EPA-HQ-OPA-2006-0090-0072,EPA-HQ-OPA-2006-0090,individual,individual
EPA-HQ-OPA-2006-0090-0073,EPA-HQ-OPA-2006-0090,organizational,individual
EPA-HQ-OPA-2006-0090-0074,EPA-HQ-OPA-2006-0090,individual,individual
EPA-HQ-OPA-2006-0090-0077,EPA-HQ-OPA-2006-0090,individual,individual
EPA-HQ-OPA-2006-0090-0078,EPA-HQ-OPA-2006-0090,individual,individual
EPA-HQ-OPA-2006-0090-0081,EPA-HQ-OPA-2006-0090,individual,individual
EPA-HQ-OPA-2006-0090-0083,EPA-HQ-OPA-2006-0090,individual,individual
EPA-HQ-OPA-2006-0090-0084,EPA-HQ-OPA-2006-0090,individual,individual
EPA-HQ-OPA-2006-0090-0085,EPA-HQ-OPA-2006-0090,individual,individual
EPA-HQ-OPA-2006-0090-0086,EPA-HQ-OPA-2006-0090,individual,individual
EPA-HQ-OPA-2006-0090-0087,EPA-HQ-OPA-2006-0090,individual,individual
EPA-HQ-OPA-2006-0090-0090,EPA-HQ-OPA-2006-0090,organizational,individual
EPA-HQ-OPA-2006-0090-0091,EPA-HQ-OPA-2006-0090,individual,individual
EPA-HQ-OPA-2006-0090-0093,EPA-HQ-OPA-2006-0090,individual,individual
EPA-HQ-OPA-2006-0090-0094,EPA-HQ-OPA-2006-0090,individual,individual
EPA-HQ-OPA-2006-0090-0095,EPA-HQ-OPA-2006-0090,individual,individual
EPA-HQ-OPA-2006-0090-0096,EPA-HQ-OPA-2006-0090,individual,individual
EPA-HQ-OPA-2006-0090-0098,EPA-HQ-OPA-2006-0090,individual,individual
EPA-HQ-OPA-2006-0090-0102,EPA-HQ-OPA-2006-0090,organizational,individual
EPA-HQ-OPA-2006-0090-0103,EPA-HQ-OPA-2006-0090,organizational,individual
EPA-HQ-OPA-2006-0090-0104,EPA-HQ-OPA-2006-0090,organizational,other
EPA-HQ-OPA-2006-0090-0107,EPA-HQ-OPA-2006-0090,individual,individual
EPA-HQ-OPA-2006-0090-0108,EPA-HQ-OPA-2006-0090,individual,individual
EPA-HQ-OPA-2006-0090-0109,EPA-HQ-OPA-2006-0090,organizational,individual
EPA-HQ-OPA-2006-0090-0111,EPA-HQ-OPA-2006-0090,individual,individual
EPA-HQ-OPA-2006-0090-0117,EPA-HQ-OPA-2006-0090,individual,individual
EPA-HQ-OPA-2006-0090-0119,EPA-HQ-OPA-2006-0090,individual,individual
EPA-HQ-OPA-2006-0090-0121,EPA-HQ-OPA-2006-0090,individual,individual
EPA-HQ-OPA-2006-0090-0123,EPA-HQ-OPA-2006-0090,individual,individual
EPA-HQ-OPA-2006-0090-0124,EPA-HQ-OPA-2006-0090,individual,individual
EPA-HQ-OPA-2006-0090-0126,EPA-HQ-OPA-2006-0090,individual,individual
EPA-HQ-OPA-2006-0090-0127,EPA-HQ-OPA-2006-0090,organizational,individual
EPA-HQ-OPA-2006-0090-0128,EPA-HQ-OPA-2006-0090,organizational,individual
EPA-HQ-OPA-2006-0090-0129,EPA-HQ-OPA-2006-0090,organizational,individual
EPA-HQ-OPA-2006-0090-0130,EPA-HQ-OPA-2006-0090,organizational,individual
EPA-HQ-OPA-2006-0090-0133,EPA-HQ-OPA-2006-0090,individual,individual
EPA-HQ-OPA-2006-0090-0137,EPA-HQ-OPA-2006-0090,individual,individual
EPA-HQ-OPA-2006-0090-0138,EPA-HQ-OPA-2006-0090,individual,individual
EPA-HQ-OPA-2006-0090-0139,EPA-HQ-OPA-2006-0090,individual,individual
EPA-HQ-OPA-2006-0090-0140,EPA-HQ-OPA-2006-0090,organizational,individual
EPA-HQ-OPA-2006-0090-0141,EPA-HQ-OPA-2006-0090,organizational,individual
EPA-HQ-OPA-2006-0090-0143,EPA-HQ-OPA-2006-0090,individual,individual
EPA-HQ-OPA-2006-0090-0146,EPA-HQ-OPA-2006-0090,individual,individual
EPA-HQ-OPA-2006-0090-0152,EPA-HQ-OPA-2006-0090,individual,individual
EPA-HQ-OPA-2006-0090-0154,EPA-HQ-OPA-2006-0090,individual,individual
EPA-HQ-OPA-2006-0090-0155,EPA-HQ-OPA-2006-0090,organizational,other
EPA-HQ-OPA-2006-0090-0158,EPA-HQ-OPA-2006-0090,individual,individual
EPA-HQ-OPA-2006-0090-0160,EPA-HQ-OPA-2006-0090,individual,individual
EPA-HQ-OPA-2006-0090-0161,EPA-HQ-OPA-2006-0090,individual,individual
EPA-HQ-OPA-2006-0090-0162,EPA-HQ-OPA-2006-0090,individual,individual
EPA-HQ-OPA-2006-0090-0164,EPA-HQ-OPA-2006-0090,individual,individual
EPA-HQ-OPA-2006-0090-0165,EPA-HQ-OPA-2006-0090,individual,individual
EPA-HQ-OPA-2006-0090-0167,EPA-HQ-OPA-2006-0090,individual,individual
EPA-HQ-OPA-2006-0090-0169,EPA-HQ-OPA-2006-0090,individual,individual
EPA-HQ-OPA-2006-0090-0171,EPA-HQ-OPA-2006-0090,individual,individual
EPA-HQ-OPA-2006-0090-0172,EPA-HQ-OPA-2006-0090,individual,individual
EPA-HQ-OPA-2006-0090-0175,EPA-HQ-OPA-2006-0090,individual,individual
EPA-HQ-OPA-2006-0090-0177,EPA-HQ-OPA-2006-0090,individual,individual
EPA-HQ-OPA-2006-0090-0178,EPA-HQ-OPA-2006-0090,individual,individual
EPA-HQ-OPA-2006-0090-0179,EPA-HQ-OPA-2006-0090,individual,individual
EPA-HQ-OPA-2006-0090-0180,EPA-HQ-OPA-2006-0090,individual,individual
EPA-HQ-OPA-2006-0090-0183,EPA-HQ-OPA-2006-0090,individual,individual
EPA-HQ-OPA-2006-0090-0190,EPA-HQ-OPA-2006-0090,individual,individual
EPA-HQ-OPA-2006-0090-0191,EPA-HQ-OPA-2006-0090,individual,individual
EPA-HQ-OPA-2006-0090-0193,EPA-HQ-OPA-2006-0090,individual,individual
EPA-HQ-OPA-2006-0090-0194,EPA-HQ-OPA-2006-0090,individual,individual
EPA-HQ-OPA-2006-0090-0195,EPA-HQ-OPA-2006-0090,individual,individual
EPA-HQ-OPA-2006-0090-0196,EPA-HQ-OPA-2006-0090,organizational,individual
EPA-HQ-OPA-2006-0090-0197,EPA-HQ-OPA-2006-0090,individual,individual
EPA-HQ-OPA-2006-0090-0199,EPA-HQ-OPA-2006-0090,individual,individual
EPA-HQ-OPA-2006-0090-0200,EPA-HQ-OPA-2006-0090,individual,individual
EPA-HQ-OPA-2006-0090-0208,EPA-HQ-OPA-2006-0090,individual,individual
EPA-HQ-OPA-2006-0090-0213,EPA-HQ-OPA-2006-0090,individual,individual
EPA-HQ-OPA-2006-0090-0218,EPA-HQ-OPA-2006-0090,individual,individual
EPA-HQ-OPA-2006-0090-0222,EPA-HQ-OPA-2006-0090,individual,individual
EPA-HQ-OPA-2006-0090-0223,EPA-HQ-OPA-2006-0090,individual,individual
EPA-HQ-OPA-2006-0090-0225,EPA-HQ-OPA-2006-0090,individual,individual
EPA-HQ-OPA-2006-0090-0233,EPA-HQ-OPA-2006-0090,organizational,individual
EPA-HQ-OPA-2006-0090-0234,EPA-HQ-OPA-2006-0090,individual,individual
EPA-HQ-OPA-2006-0090-0236,EPA-HQ-OPA-2006-0090,individual,individual
EPA-HQ-OPA-2006-0090-0237,EPA-HQ-OPA-2006-0090,individual,individual
EPA-HQ-OPA-2006-0090-0239,EPA-HQ-OPA-2006-0090,individual,individual
EPA-HQ-OPA-2006-0090-0240,EPA-HQ-OPA-2006-0090,individual,individual
EPA-HQ-OPA-2006-0090-0241,EPA-HQ-OPA-2006-0090,individual,individual
EPA-HQ-OPA-2006-0090-0244,EPA-HQ-OPA-2006-0090,individual,individual
EPA-HQ-OPA-2006-0090-0246,EPA-HQ-OPA-2006-0090,individual,individual
EPA-HQ-OPA-2006-0090-0248,EPA-HQ-OPA-2006-0090,individual,individual
EPA-HQ-OPA-2006-0090-0250,EPA-HQ-OPA-2006-0090,individual,individual
EPA-HQ-OPA-2006-0090-0252,EPA-HQ-OPA-2006-0090,individual,individual
EPA-HQ-OPA-2006-0090-0255,EPA-HQ-OPA-2006-0090,organizational,individual
EPA-HQ-OPA-2006-0090-0258,EPA-HQ-OPA-2006-0090,organizational,individual
EPA-HQ-OPA-2006-0090-0261,EPA-HQ-OPA-2006-0090,individual,individual
EPA-HQ-OPA-2006-0090-0262,EPA-HQ-OPA-2006-0090,individual,individual
EPA-HQ-OPA-2006-0090-0263,EPA-HQ-OPA-2006-0090,individual,individual
EPA-HQ-OPA-2006-0090-0264,EPA-HQ-OPA-2006-0090,individual,individual
EPA-HQ-OPA-2006-0090-0265,EPA-HQ-OPA-2006-0090,individual,individual
EPA-HQ-OPA-2006-0090-0267,EPA-HQ-OPA-2006-0090,individual,individual
EPA-HQ-OPA-2006-0090-0269,EPA-HQ-OPA-2006-0090,individual,individual
EPA-HQ-OPA-2006-0090-0270,EPA-HQ-OPA-2006-0090,individual,individual
EPA-HQ-OPA-2006-0090-0272,EPA-HQ-OPA-2006-0090,individual,individual
EPA-HQ-OPA-2006-0090-0274,EPA-HQ-OPA-2006-0090,individual,individual
EPA-HQ-OPA-2006-0090-0275,EPA-HQ-OPA-2006-0090,individual,individual
EPA-HQ-OPA-2006-0090-0277,EPA-HQ-OPA-2006-0090,individual,individual
EPA-HQ-OPA-2006-0090-0279,EPA-HQ-OPA-2006-0090,organizational,individual
EPA-HQ-OPA-2006-0090-0281,EPA-HQ-OPA-2006-0090,organizational,individual
EPA-HQ-OPA-2006-0090-0282,EPA-HQ-OPA-2006-0090,organizational,individual
EPA-HQ-OPA-2006-0090-0283,EPA-HQ-OPA-2006-0090,organizational,individual
EPA-HQ-OPA-2006-0090-0287,EPA-HQ-OPA-2006-0090,organizational,individual
EPA-HQ-OPA-2006-0090-0289,EPA-HQ-OPA-2006-0090,individual,individual
EPA-HQ-OPA-2006-0090-0300,EPA-HQ-OPA-2006-0090,individual,individual
EPA-HQ-OPA-2006-0090-0301,EPA-HQ-OPA-2006-0090,individual,individual
EPA-HQ-OPA-2006-0090-0303,EPA-HQ-OPA-2006-0090,individual,individual
EPA-HQ-OPA-2006-0090-0308,EPA-HQ-OPA-2006-0090,individual,individual
EPA-HQ-OPA-2006-0090-0311,EPA-HQ-OPA-2006-0090,individual,individual
EPA-HQ-OPA-2006-0090-0312,EPA-HQ-OPA-2006-0090,individual,individual
EPA-HQ-OPA-2006-0090-0313,EPA-HQ-OPA-2006-0090,individual,individual
EPA-HQ-OPA-2006-0090-0314,EPA-HQ-OPA-2006-0090,organizational,individual
EPA-HQ-OPA-2006-0090-0315,EPA-HQ-OPA-2006-0090,organizational,individual
EPA-HQ-OPA-2006-0090-0316,EPA-HQ-OPA-2006-0090,individual,individual
EPA-HQ-OPA-2006-0090-0317,EPA-HQ-OPA-2006-0090,individual,individual
EPA-HQ-OPA-2006-0090-0318,EPA-HQ-OPA-2006-0090,individual,individual
EPA-HQ-OPA-2006-0090-0319,EPA-HQ-OPA-2006-0090,individual,individual
EPA-HQ-OPA-2006-0090-0322,EPA-HQ-OPA-2006-0090,individual,individual
EPA-HQ-OPA-2006-0090-0324,EPA-HQ-OPA-2006-0090,individual,individual
EPA-HQ-OPA-2006-0090-0325,EPA-HQ-OPA-2006-0090,organizational,individual
EPA-HQ-OPA-2006-0090-0326,EPA-HQ-OPA-2006-0090,organizational,individual
EPA-HQ-OPA-2006-0090-0328,EPA-HQ-OPA-2006-0090,organizational,individual
EPA-HQ-OPA-2006-0090-0334,EPA-HQ-OPA-2006-0090,individual,individual
EPA-HQ-OPA-2006-0090-0335,EPA-HQ-OPA-2006-0090,individual,individual
EPA-HQ-OPA-2006-0090-0338,EPA-HQ-OPA-2006-0090,individual,individual
EPA-HQ-OPA-2006-0090-0340,EPA-HQ-OPA-2006-0090,individual,organizational
EPA-HQ-OPA-2006-0090-0341,EPA-HQ-OPA-2006-0090,individual,individual
EPA-HQ-OPA-2006-0090-0348,EPA-HQ-OPA-2006-0090,organizational,individual
EPA-HQ-OPA-2006-0090-0350,EPA-HQ-OPA-2006-0090,organizational,individual
EPA-HQ-OPA-2006-0090-0351,EPA-HQ-OPA-2006-0090,organizational,individual
EPA-HQ-OPA-2006-0090-0352,EPA-HQ-OPA-2006-0090,organizational,individual
EPA-HQ-OPA-2006-0090-0353,EPA-HQ-OPA-2006-0090,organizational,individual
EPA-HQ-OPA-2006-0090-0354,EPA-HQ-OPA-2006-0090,organizational,individual
EPA-HQ-OPA-2006-0090-0355,EPA-HQ-OPA-2006-0090,organizational,individual
EPA-HQ-OPA-2006-0090-0356,EPA-HQ-OPA-2006-0090,individual,individual
EPA-HQ-OPA-2006-0090-0362,EPA-HQ-OPA-2006-0090,individual,individual
EPA-HQ-OPA-2006-0090-0363,EPA-HQ-OPA-2006-0090,individual,individual
EPA-HQ-OPA-2006-0090-0365,EPA-HQ-OPA-2006-0090,individual,individual
EPA-HQ-OPA-2006-0090-0367,EPA-HQ-OPA-2006-0090,individual,individual
EPA-HQ-OPA-2006-0090-0372,EPA-HQ-OPA-2006-0090,individual,individual
EPA-HQ-OPA-2006-0090-0373,EPA-HQ-OPA-2006-0090,individual,individual
EPA-HQ-OPA-2006-0090-0374,EPA-HQ-OPA-2006-0090,individual,individual
EPA-HQ-OPA-2006-0090-0375,EPA-HQ-OPA-2006-0090,individual,individual
EPA-HQ-OPA-2006-0090-0377,EPA-HQ-OPA-2006-0090,individual,individual
EPA-HQ-OPA-2006-0090-0379,EPA-HQ-OPA-2006-0090,individual,individual
EPA-HQ-OPA-2006-0090-0380,EPA-HQ-OPA-2006-0090,individual,individual
EPA-HQ-OPA-2006-0090-0382,EPA-HQ-OPA-2006-0090,individual,individual
EPA-HQ-OPA-2006-0090-0383,EPA-HQ-OPA-2006-0090,individual,individual
EPA-HQ-OPA-2006-0090-0384,EPA-HQ-OPA-2006-0090,individual,individual
EPA-HQ-OPA-2006-0090-0385,EPA-HQ-OPA-2006-0090,individual,individual
EPA-HQ-OPA-2006-0090-0386,EPA-HQ-OPA-2006-0090,individual,individual
EPA-HQ-OPA-2006-0090-0387,EPA-HQ-OPA-2006-0090,individual,individual
EPA-HQ-OPA-2006-0090-0388,EPA-HQ-OPA-2006-0090,organizational,individual
EPA-HQ-OPA-2006-0090-0389,EPA-HQ-OPA-2006-0090,organizational,individual
EPA-HQ-OPA-2006-0090-0390,EPA-HQ-OPA-2006-0090,individual,individual
EPA-HQ-OPA-2006-0090-0392,EPA-HQ-OPA-2006-0090,individual,individual
EPA-HQ-OPA-2006-0090-0393,EPA-HQ-OPA-2006-0090,individual,individual
EPA-HQ-OPA-2006-0090-0394,EPA-HQ-OPA-2006-0090,individual,individual
EPA-HQ-OPA-2006-0090-0396,EPA-HQ-OPA-2006-0090,individual,individual
EPA-HQ-OPA-2006-0090-0398,EPA-HQ-OPA-2006-0090,individual,individual
EPA-HQ-OPA-2006-0090-0401,EPA-HQ-OPA-2006-0090,individual,individual
EPA-HQ-OPA-2006-0090-0404,EPA-HQ-OPA-2006-0090,individual,individual
EPA-HQ-OPA-2006-0090-0407,EPA-HQ-OPA-2006-0090,individual,individual
EPA-HQ-OPA-2006-0090-0408,EPA-HQ-OPA-2006-0090,individual,individual
EPA-HQ-OPA-2006-0090-0410,EPA-HQ-OPA-2006-0090,individual,individual
EPA-HQ-OPA-2006-0090-0416,EPA-HQ-OPA-2006-0090,individual,individual
EPA-HQ-OPA-2006-0090-0417,EPA-HQ-OPA-2006-0090,individual,individual
EPA-HQ-OPA-2006-0090-0418,EPA-HQ-OPA-2006-0090,individual,individual
EPA-HQ-OPA-2006-0090-0419,EPA-HQ-OPA-2006-0090,individual,individual
EPA-HQ-OPA-2006-0090-0422,EPA-HQ-OPA-2006-0090,individual,individual
EPA-HQ-OPA-2006-0090-0427,EPA-HQ-OPA-2006-0090,individual,individual
EPA-HQ-OPA-2006-0090-0429,EPA-HQ-OPA-2006-0090,individual,individual
EPA-HQ-OPA-2006-0090-0433,EPA-HQ-OPA-2006-0090,organizational,individual
EPA-HQ-OPA-2006-0090-0435,EPA-HQ-OPA-2006-0090,organizational,individual
EPA-HQ-OPA-2006-0090-0438,EPA-HQ-OPA-2006-0090,organizational,individual
EPA-HQ-OPA-2006-0090-0443,EPA-HQ-OPA-2006-0090,individual,individual
EPA-HQ-OPA-2006-0090-0444,EPA-HQ-OPA-2006-0090,organizational,individual
EPA-HQ-OPA-2006-0090-0446,EPA-HQ-OPA-2006-0090,individual,individual
EPA-HQ-OPA-2006-0090-0447,EPA-HQ-OPA-2006-0090,individual,individual
EPA-HQ-OPA-2006-0090-0448,EPA-HQ-OPA-2006-0090,organizational,individual
EPA-HQ-OPA-2006-0090-0450,EPA-HQ-OPA-2006-0090,individual,individual
EPA-HQ-OPA-2006-0090-0451,EPA-HQ-OPA-2006-0090,organizational,individual
EPA-HQ-OPA-2006-0090-0453,EPA-HQ-OPA-2006-0090,organizational,individual
EPA-HQ-OPA-2006-0090-0454,EPA-HQ-OPA-2006-0090,organizational,individual
EPA-HQ-OPA-2006-0090-0455,EPA-HQ-OPA-2006-0090,organizational,individual
EPA-HQ-OPA-2006-0090-0456,EPA-HQ-OPA-2006-0090,organizational,individual
EPA-HQ-OPA-2006-0090-0457,EPA-HQ-OPA-2006-0090,individual,organizational
EPA-HQ-OPA-2006-0090-0458,EPA-HQ-OPA-2006-0090,organizational,individual
EPA-HQ-OPA-2006-0090-0459,EPA-HQ-OPA-2006-0090,organizational,individual
EPA-HQ-OPA-2006-0090-0460,EPA-HQ-OPA-2006-0090,organizational,individual
EPA-HQ-OPA-2006-0090-0461,EPA-HQ-OPA-2006-0090,organizational,individual
EPA-HQ-OPA-2006-0090-0462,EPA-HQ-OPA-2006-0090,organizational,individual
EPA-HQ-OPA-2006-0090-0463,EPA-HQ-OPA-2006-0090,organizational,individual
EPA-HQ-OPA-2006-0090-0464,EPA-HQ-OPA-2006-0090,organizational,individual
EPA-HQ-OPA-2006-0090-0465,EPA-HQ-OPA-2006-0090,organizational,individual
EPA-HQ-OPA-2006-0090-0466,EPA-HQ-OPA-2006-0090,individual,individual
EPA-HQ-OPA-2006-0090-0467,EPA-HQ-OPA-2006-0090,individual,individual
EPA-HQ-OPA-2006-0090-0468,EPA-HQ-OPA-2006-0090,individual,individual
EPA-HQ-OPA-2006-0090-0470,EPA-HQ-OPA-2006-0090,individual,individual
EPA-HQ-OPA-2006-0090-0471,EPA-HQ-OPA-2006-0090,individual,organizational
EPA-HQ-OPA-2006-0090-0472,EPA-HQ-OPA-2006-0090,individual,individual
EPA-HQ-OPA-2006-0090-0476,EPA-HQ-OPA-2006-0090,individual,individual
EPA-HQ-OPA-2006-0090-0477,EPA-HQ-OPA-2006-0090,individual,individual
EPA-HQ-OPA-2006-0090-0478,EPA-HQ-OPA-2006-0090,individual,individual
EPA-HQ-OPA-2006-0090-0479,EPA-HQ-OPA-2006-0090,individual,individual
EPA-HQ-OPA-2006-0090-0480,EPA-HQ-OPA-2006-0090,individual,individual
EPA-HQ-OPA-2006-0090-0482,EPA-HQ-OPA-2006-0090,individual,individual
EPA-HQ-OPA-2006-0090-0486,EPA-HQ-OPA-2006-0090,individual,individual
EPA-HQ-OPA-2006-0090-0487,EPA-HQ-OPA-2006-0090,individual,individual
EPA-HQ-OPA-2006-0090-0489,EPA-HQ-OPA-2006-0090,individual,individual
EPA-HQ-OPA-2006-0090-0490,EPA-HQ-OPA-2006-0090,organizational,individual
EPA-HQ-OPA-2006-0090-0491,EPA-HQ-OPA-2006-0090,organizational,individual
EPA-HQ-OPA-2006-0090-0492,EPA-HQ-OPA-2006-0090,organizational,individual
EPA-HQ-OPA-2006-0090-0493,EPA-HQ-OPA-2006-0090,organizational,individual
EPA-HQ-OPA-2006-0090-0497,EPA-HQ-OPA-2006-0090,individual,individual
EPA-HQ-OPA-2006-0090-0498,EPA-HQ-OPA-2006-0090,individual,individual
EPA-HQ-OPA-2006-0090-0500,EPA-HQ-OPA-2006-0090,organizational,individual
EPA-HQ-OPA-2006-0090-0506,EPA-HQ-OPA-2006-0090,individual,individual
EPA-HQ-OPA-2006-0090-0513,EPA-HQ-OPA-2006-0090,individual,organizational
EPA-HQ-OPA-2006-0090-0520,EPA-HQ-OPA-2006-0090,individual,organizational
EPA-HQ-OPA-2006-0090-0528,EPA-HQ-OPA-2006-0090,individual,individual
EPA-HQ-OPA-2006-0090-0529,EPA-HQ-OPA-2006-0090,individual,individual
EPA-HQ-OPA-2006-0090-0532,EPA-HQ-OPA-2006-0090,individual,individual
EPA-HQ-OPA-2006-0090-0533,EPA-HQ-OPA-2006-0090,individual,individual
EPA-HQ-OPA-2006-0090-0534,EPA-HQ-OPA-2006-0090,organizational,individual
EPA-HQ-OPA-2006-0090-0535,EPA-HQ-OPA-2006-0090,individual,individual
EPA-HQ-OPA-2006-0090-0537,EPA-HQ-OPA-2006-0090,individual,individual
EPA-HQ-OPA-2006-0090-0541,EPA-HQ-OPA-2006-0090,individual,individual
EPA-HQ-OPA-2006-0090-0543,EPA-HQ-OPA-2006-0090,individual,individual
EPA-HQ-OPA-2006-0090-0550,EPA-HQ-OPA-2006-0090,individual,individual
EPA-HQ-OPA-2006-0090-0551,EPA-HQ-OPA-2006-0090,individual,individual
EPA-HQ-OPA-2006-0090-0552,EPA-HQ-OPA-2006-0090,individual,individual
EPA-HQ-OPA-2006-0090-0553,EPA-HQ-OPA-2006-0090,individual,individual
EPA-HQ-OPA-2006-0090-0555,EPA-HQ-OPA-2006-0090,individual,individual
EPA-HQ-OPA-2006-0090-0556,EPA-HQ-OPA-2006-0090,individual,individual
EPA-HQ-OPA-2006-0090-0558,EPA-HQ-OPA-2006-0090,individual,individual
EPA-HQ-OPA-2006-0090-0559,EPA-HQ-OPA-2006-0090,individual,individual
EPA-HQ-OPA-2006-0090-0560,EPA-HQ-OPA-2006-0090,individual,individual
EPA-HQ-OPA-2006-0090-0562,EPA-HQ-OPA-2006-0090,individual,individual
EPA-HQ-OPA-2006-0090-0564,EPA-HQ-OPA-2006-0090,individual,individual
EPA-HQ-OPA-2006-0090-0565,EPA-HQ-OPA-2006-0090,organizational,individual
EPA-HQ-OPA-2006-0090-0568,EPA-HQ-OPA-2006-0090,individual,individual
EPA-HQ-OPA-2006-0090-0577,EPA-HQ-OPA-2006-0090,individual,individual
EPA-HQ-OPA-2006-0090-0578,EPA-HQ-OPA-2006-0090,individual,individual
EPA-HQ-OPA-2006-0090-0579,EPA-HQ-OPA-2006-0090,individual,individual
EPA-HQ-OPA-2006-0090-0583,EPA-HQ-OPA-2006-0090,individual,individual
EPA-HQ-OPA-2006-0090-0586,EPA-HQ-OPA-2006-0090,individual,individual
EPA-HQ-OPA-2006-0090-0587,EPA-HQ-OPA-2006-0090,individual,individual
EPA-HQ-OPA-2006-0090-0594,EPA-HQ-OPA-2006-0090,individual,individual
EPA-HQ-OPA-2006-0090-0597,EPA-HQ-OPA-2006-0090,individual,individual
EPA-HQ-OPA-2006-0090-0600,EPA-HQ-OPA-2006-0090,individual,organizational
EPA-HQ-OPA-2006-0090-0605,EPA-HQ-OPA-2006-0090,individual,organizational
EPA-HQ-OPA-2006-0090-0608,EPA-HQ-OPA-2006-0090,individual,organizational
EPA-HQ-OPA-2006-0090-0610,EPA-HQ-OPA-2006-0090,organizational,individual
EPA-HQ-OPP-2011-0184-2501,EPA-HQ-OPP-2011-0184,organizational,other
EPA-HQ-OW-2011-0880-19327,EPA-HQ-OW-2011-0880,individual,organizational
EPA-HQ-OW-2011-0880-19400,EPA-HQ-OW-2011-0880,organizational,other
EPA-HQ-OW-2011-0880-19436,EPA-HQ-OW-2011-0880,organizational,organizational
EPA-HQ-OW-2011-0880-19450,EPA-HQ-OW-2011-0880,individual,individual
EPA-HQ-OW-2011-0880-19490,EPA-HQ-OW-2011-0880,individual,individual
EPA-HQ-OW-2011-0880-19501,EPA-HQ-OW-2011-0880,organizational,other
EPA-HQ-OW-2011-0880-19502,EPA-HQ-OW-2011-0880,organizational,other
EPA-HQ-OW-2011-0880-19503,EPA-HQ-OW-2011-0880,organizational,other
EPA-HQ-OW-2011-0880-19508,EPA-HQ-OW-2011-0880,organizational,other
EPA-HQ-OW-2011-0880-19509,EPA-HQ-OW-2011-0880,organizational,other
EPA-HQ-OW-2011-0880-19526,EPA-HQ-OW-2011-0880,individual,organizational
EPA-HQ-OW-2011-0880-19532,EPA-HQ-OW-2011-0880,individual,individual
EPA-HQ-OW-2011-0880-19547,EPA-HQ-OW-2011-0880,individual,individual
EPA-HQ-OW-2011-0880-19551,EPA-HQ-OW-2011-0880,individual,organizational
EPA-HQ-OW-2011-0880-19553,EPA-HQ-OW-2011-0880,individual,organizational
EPA-HQ-OW-2011-0880-19573,EPA-HQ-OW-2011-0880,individual,individual
EPA-HQ-OW-2011-0880-19603,EPA-HQ-OW-2011-0880,organizational,other
EPA-HQ-OW-2011-0880-19628,EPA-HQ-OW-2011-0880,individual,organizational
EPA-HQ-OAR-2009-0234-20591,EPA-HQ-OAR-2009-0234,organizational,individual
EPA-HQ-OAR-2009-0234-20604,EPA-HQ-OAR-2009-0234,organizational,other
EPA-HQ-OAR-2009-0234-20605,EPA-HQ-OAR-2009-0234,organizational,individual
EPA-HQ-OAR-2010-0682-0847,EPA-HQ-OAR-2010-0682,organizational,individual
EPA-HQ-OAR-2010-0682-0848,EPA-HQ-OAR-2010-0682,organizational,individual
EPA-HQ-OAR-2010-0682-0851,EPA-HQ-OAR-2010-0682,organizational,individual
EPA-HQ-OAR-2010-0682-0852,EPA-HQ-OAR-2010-0682,individual,individual
EPA-HQ-OAR-2010-0682-0853,EPA-HQ-OAR-2010-0682,organizational,individual
EPA-HQ-OAR-2010-0682-0854,EPA-HQ-OAR-2010-0682,organizational,individual
EPA-HQ-OAR-2010-0682-0856,EPA-HQ-OAR-2010-0682,individual,individual
EPA-HQ-OAR-2010-0682-0857,EPA-HQ-OAR-2010-0682,organizational,individual
EPA-HQ-OAR-2010-0682-0858,EPA-HQ-OAR-2010-0682,individual,individual
EPA-HQ-OAR-2010-0682-0859,EPA-HQ-OAR-2010-0682,individual,individual
EPA-HQ-OAR-2010-0682-0861,EPA-HQ-OAR-2010-0682,individual,individual
EPA-HQ-OAR-2010-0682-0876,EPA-HQ-OAR-2010-0682,organizational,individual
EPA-HQ-OAR-2015-0531-0053,EPA-HQ-OAR-2015-0531,individual,individual
EPA-HQ-OAR-2015-0531-0056,EPA-HQ-OAR-2015-0531,organizational,other
EPA-HQ-OAR-2015-0531-0069,EPA-HQ-OAR-2015-0531,individual,individual
EPA-HQ-OAR-2015-0531-0164,EPA-HQ-OAR-2015-0531,individual,organizational
EPA-HQ-OAR-2015-0531-0202,EPA-HQ-OAR-2015-0531,individual,organizational
EPA-HQ-OAR-2015-0531-0207,EPA-HQ-OAR-2015-0531,individual,organizational
EPA-HQ-OAR-2015-0531-0218,EPA-HQ-OAR-2015-0531,organizational,other
EPA-HQ-OAR-2015-0531-0222,EPA-HQ-OAR-2015-0531,individual,individual
EPA-HQ-OAR-2015-0531-0227,EPA-HQ-OAR-2015-0531,organizational,individual
EPA-HQ-OAR-2015-0531-0228,EPA-HQ-OAR-2015-0531,organizational,individual
EPA-HQ-OAR-2015-0531-0298,EPA-HQ-OAR-2015-0531,organizational,individual
EPA-HQ-OAR-2015-0531-0313,EPA-HQ-OAR-2015-0531,organizational,other
EPA-HQ-OAR-2015-0531-0322,EPA-HQ-OAR-2015-0531,organizational,organizational
EPA-HQ-OAR-2015-0531-0323,EPA-HQ-OAR-2015-0531,organizational,organizational
EPA-HQ-OAR-2015-0531-0328,EPA-HQ-OAR-2015-0531,organizational,other
EPA-HQ-OAR-2015-0531-0332,EPA-HQ-OAR-2015-0531,individual,organizational
EPA-HQ-OAR-2015-0531-0335,EPA-HQ-OAR-2015-0531,individual,organizational
EPA-HQ-OAR-2015-0531-0340,EPA-HQ-OAR-2015-0531,individual,individual
EPA-HQ-OAR-2015-0531-0341,EPA-HQ-OAR-2015-0531,organizational,individual
EPA-HQ-OAR-2015-0531-0379,EPA-HQ-OAR-2015-0531,organizational,individual
EPA-HQ-OAR-2015-0531-0402,EPA-HQ-OAR-2015-0531,individual,organizational
EPA-HQ-OAR-2015-0531-0432,EPA-HQ-OAR-2015-0531,individual,organizational
EPA-HQ-OAR-2015-0531-0448,EPA-HQ-OAR-2015-0531,individual,individual
EPA-HQ-OAR-2015-0531-0481,EPA-HQ-OAR-2015-0531,individual,organizational
EPA-HQ-OAR-2015-0531-0595,EPA-HQ-OAR-2015-0531,individual,other
EPA-R08-OAR-2015-0463-0036,EPA-R08-OAR-2015-0463,organizational,other
EPA-R08-OAR-2015-0463-0040,EPA-R08-OAR-2015-0463,organizational,other
EPA-R08-OAR-2015-0463-0045,EPA-R08-OAR-2015-0463,organizational,other
EPA-R08-OAR-2015-0463-0048,EPA-R08-OAR-2015-0463,organizational,other
EPA-R08-OAR-2015-0463-0052,EPA-R08-OAR-2015-0463,organizational,other
EPA-R08-OAR-2015-0463-0066,EPA-R08-OAR-2015-0463,organizational,other
EPA-R08-OAR-2015-0463-0068,EPA-R08-OAR-2015-0463,organizational,other
EPA-R08-OAR-2015-0463-0069,EPA-R08-OAR-2015-0463,organizational,other
EPA-R08-OAR-2015-0463-0076,EPA-R08-OAR-2015-0463,organizational,other
EPA-R08-OAR-2015-0463-0081,EPA-R08-OAR-2015-0463,organizational,other
EPA-R08-OAR-2015-0463-0097,EPA-R08-OAR-2015-0463,organizational,other
EPA-R08-OAR-2015-0463-0100,EPA-R08-OAR-2015-0463,organizational,organizational
EPA-R08-OAR-2015-0463-0101,EPA-R08-OAR-2015-0463,organizational,organizational
EPA-R08-OAR-2015-0463-0102,EPA-R08-OAR-2015-0463,organizational,other
EPA-R08-OAR-2015-0463-0110,EPA-R08-OAR-2015-0463,organizational,other
EPA-R08-OAR-2015-0463-0112,EPA-R08-OAR-2015-0463,organizational,other
EPA-R08-OAR-2015-0463-0113,EPA-R08-OAR-2015-0463,organizational,other
EPA-R08-OAR-2015-0463-0114,EPA-R08-OAR-2015-0463,organizational,other
EPA-R08-OAR-2015-0463-0116,EPA-R08-OAR-2015-0463,organizational,other
EPA-R08-OAR-2015-0463-0117,EPA-R08-OAR-2015-0463,organizational,other
EPA-R08-OAR-2015-0463-0120,EPA-R08-OAR-2015-0463,organizational,other
EPA-R08-OAR-2015-0463-0122,EPA-R08-OAR-2015-0463,organizational,other
EPA-R08-OAR-2015-0463-0123,EPA-R08-OAR-2015-0463,organizational,other
EPA-R08-OAR-2015-0463-0124,EPA-R08-OAR-2015-0463,organizational,other
EPA-R08-OAR-2015-0463-0126,EPA-R08-OAR-2015-0463,organizational,other
EPA-R08-OAR-2015-0463-0127,EPA-R08-OAR-2015-0463,organizational,other
EPA-R08-OAR-2015-0463-0135,EPA-R08-OAR-2015-0463,organizational,other
EPA-R08-OAR-2015-0463-0136,EPA-R08-OAR-2015-0463,organizational,other
EPA-R08-OAR-2015-0463-0142,EPA-R08-OAR-2015-0463,organizational,other
EPA-R08-OAR-2015-0463-0144,EPA-R08-OAR-2015-0463,organizational,other
EPA-R08-OAR-2015-0463-0148,EPA-R08-OAR-2015-0463,organizational,other
EPA-R08-OAR-2015-0463-0149,EPA-R08-OAR-2015-0463,organizational,other
EPA-R08-OAR-2015-0463-0150,EPA-R08-OAR-2015-0463,organizational,other
EPA-R08-OAR-2015-0463-0154,EPA-R08-OAR-2015-0463,organizational,other
EPA-R08-OAR-2015-0463-0156,EPA-R08-OAR-2015-0463,organizational,other
EPA-R08-OAR-2015-0463-0161,EPA-R08-OAR-2015-0463,organizational,other
EPA-R08-OAR-2015-0463-0164,EPA-R08-OAR-2015-0463,organizational,other
EPA-R08-OAR-2015-0463-0165,EPA-R08-OAR-2015-0463,organizational,other
EPA-R08-OAR-2015-0463-0166,EPA-R08-OAR-2015-0463,organizational,other
EPA-R08-OAR-2015-0463-0175,EPA-R08-OAR-2015-0463,organizational,other
EPA-R08-OAR-2015-0463-0176,EPA-R08-OAR-2015-0463,organizational,organizational
EPA-R08-OAR-2015-0463-0179,EPA-R08-OAR-2015-0463,organizational,other
EPA-R08-OAR-2015-0463-0180,EPA-R08-OAR-2015-0463,organizational,other
EPA-R08-OAR-2015-0463-0181,EPA-R08-OAR-2015-0463,organizational,other
EPA-HQ-OAR-2010-0505-10001,EPA-HQ-OAR-2010-0505,organizational,individual
EPA-HQ-OAR-2010-0505-10002,EPA-HQ-OAR-2010-0505,organizational,individual
EPA-HQ-OAR-2010-0505-10004,EPA-HQ-OAR-2010-0505,organizational,individual
EPA-HQ-OAR-2010-0505-10005,EPA-HQ-OAR-2010-0505,organizational,individual
EPA-HQ-OAR-2010-0505-10006,EPA-HQ-OAR-2010-0505,organizational,individual
EPA-HQ-OAR-2010-0505-10009,EPA-HQ-OAR-2010-0505,individual,individual
EPA-HQ-OAR-2010-0505-10010,EPA-HQ-OAR-2010-0505,organizational,individual
EPA-HQ-OAR-2010-0505-10011,EPA-HQ-OAR-2010-0505,organizational,individual
EPA-HQ-OAR-2010-0505-10044,EPA-HQ-OAR-2010-0505,organizational,individual
EPA-HQ-OAR-2010-0505-10124,EPA-HQ-OAR-2010-0505,organizational,individual
EPA-HQ-OAR-2010-0505-10125,EPA-HQ-OAR-2010-0505,individual,individual
EPA-HQ-OAR-2010-0505-10314,EPA-HQ-OAR-2010-0505,individual,individual
EPA-HQ-OAR-2010-0505-10334,EPA-HQ-OAR-2010-0505,organizational,individual
EPA-HQ-OAR-2010-0505-10338,EPA-HQ-OAR-2010-0505,organizational,individual
EPA-HQ-OAR-2010-0505-10340,EPA-HQ-OAR-2010-0505,organizational,individual
EPA-HQ-OAR-2010-0505-10343,EPA-HQ-OAR-2010-0505,organizational,individual
EPA-HQ-OAR-2010-0505-10348,EPA-HQ-OAR-2010-0505,organizational,individual
EPA-HQ-OAR-2010-0505-10349,EPA-HQ-OAR-2010-0505,organizational,individual
EPA-HQ-OAR-2010-0505-10351,EPA-HQ-OAR-2010-0505,individual,individual
EPA-HQ-OAR-2010-0505-10352,EPA-HQ-OAR-2010-0505,organizational,individual
EPA-HQ-OAR-2010-0505-10354,EPA-HQ-OAR-2010-0505,organizational,individual
EPA-HQ-OAR-2010-0505-10355,EPA-HQ-OAR-2010-0505,organizational,individual
EPA-HQ-OAR-2010-0505-10357,EPA-HQ-OAR-2010-0505,organizational,individual
EPA-HQ-OAR-2010-0505-10358,EPA-HQ-OAR-2010-0505,organizational,individual
EPA-HQ-OAR-2010-0505-10359,EPA-HQ-OAR-2010-0505,organizational,individual
EPA-HQ-OAR-2010-0505-10360,EPA-HQ-OAR-2010-0505,individual,individual
EPA-HQ-OAR-2010-0505-10364,EPA-HQ-OAR-2010-0505,organizational,individual
EPA-HQ-OAR-2010-0505-10367,EPA-HQ-OAR-2010-0505,organizational,individual
EPA-HQ-OAR-2010-0505-10368,EPA-HQ-OAR-2010-0505,individual,individual
EPA-HQ-OAR-2010-0505-10580,EPA-HQ-OAR-2010-0505,organizational,individual
EPA-HQ-OAR-2010-0505-10585,EPA-HQ-OAR-2010-0505,organizational,individual
EPA-HQ-OAR-2010-0505-10587,EPA-HQ-OAR-2010-0505,organizational,individual
EPA-HQ-OAR-2010-0505-10588,EPA-HQ-OAR-2010-0505,individual,individual
EPA-HQ-OAR-2010-0505-10591,EPA-HQ-OAR-2010-0505,organizational,individual
EPA-HQ-OAR-2010-0505-10595,EPA-HQ-OAR-2010-0505,organizational,individual
EPA-HQ-OAR-2010-0505-10596,EPA-HQ-OAR-2010-0505,individual,individual
EPA-HQ-OAR-2010-0505-10597,EPA-HQ-OAR-2010-0505,organizational,individual
EPA-HQ-OAR-2010-0505-10600,EPA-HQ-OAR-2010-0505,organizational,individual
EPA-HQ-OAR-2010-0505-10603,EPA-HQ-OAR-2010-0505,organizational,individual
EPA-HQ-OAR-2010-0505-10606,EPA-HQ-OAR-2010-0505,organizational,individual
EPA-HQ-OAR-2010-0505-10608,EPA-HQ-OAR-2010-0505,organizational,individual
EPA-HQ-OAR-2010-0505-10632,EPA-HQ-OAR-2010-0505,organizational,individual
EPA-HQ-OAR-2010-0505-10634,EPA-HQ-OAR-2010-0505,organizational,individual
EPA-HQ-OAR-2010-0505-10635,EPA-HQ-OAR-2010-0505,organizational,individual
EPA-HQ-OAR-2010-0505-10637,EPA-HQ-OAR-2010-0505,organizational,individual
EPA-HQ-OAR-2010-0505-10644,EPA-HQ-OAR-2010-0505,organizational,individual
EPA-HQ-OAR-2010-0505-10645,EPA-HQ-OAR-2010-0505,individual,individual
EPA-HQ-OAR-2010-0505-10653,EPA-HQ-OAR-2010-0505,organizational,individual
EPA-HQ-OAR-2010-0505-10655,EPA-HQ-OAR-2010-0505,organizational,individual
EPA-HQ-OAR-2010-0505-10656,EPA-HQ-OAR-2010-0505,organizational,individual
EPA-HQ-OAR-2010-0505-10658,EPA-HQ-OAR-2010-0505,organizational,individual
EPA-HQ-OAR-2010-0505-10660,EPA-HQ-OAR-2010-0505,organizational,individual
EPA-HQ-OAR-2010-0505-10663,EPA-HQ-OAR-2010-0505,organizational,individual
EPA-HQ-OAR-2010-0505-10672,EPA-HQ-OAR-2010-0505,organizational,individual
EPA-HQ-OAR-2010-0505-10674,EPA-HQ-OAR-2010-0505,organizational,individual
EPA-HQ-OAR-2010-0505-10676,EPA-HQ-OAR-2010-0505,organizational,individual
EPA-HQ-OAR-2010-0505-10756,EPA-HQ-OAR-2010-0505,individual,individual
EPA-HQ-OAR-2010-0505-11101,EPA-HQ-OAR-2010-0505,individual,organizational
EPA-HQ-OAR-2010-0505-11119,EPA-HQ-OAR-2010-0505,individual,individual
EPA-HQ-OAR-2010-0505-11313,EPA-HQ-OAR-2010-0505,individual,individual
EPA-HQ-OAR-2010-0505-11382,EPA-HQ-OAR-2010-0505,organizational,individual
EPA-HQ-OAR-2010-0505-11387,EPA-HQ-OAR-2010-0505,organizational,individual
EPA-HQ-OAR-2010-0505-11388,EPA-HQ-OAR-2010-0505,organizational,individual
EPA-HQ-OAR-2010-0505-11389,EPA-HQ-OAR-2010-0505,organizational,individual
EPA-HQ-OAR-2010-0505-11390,EPA-HQ-OAR-2010-0505,organizational,individual
EPA-HQ-OAR-2010-0505-11392,EPA-HQ-OAR-2010-0505,organizational,individual
EPA-HQ-OAR-2010-0505-11393,EPA-HQ-OAR-2010-0505,organizational,individual
EPA-HQ-OAR-2010-0505-11394,EPA-HQ-OAR-2010-0505,organizational,individual
EPA-HQ-OAR-2010-0505-11397,EPA-HQ-OAR-2010-0505,organizational,individual
EPA-HQ-OAR-2010-0505-11398,EPA-HQ-OAR-2010-0505,organizational,individual
EPA-HQ-OAR-2010-0505-11404,EPA-HQ-OAR-2010-0505,organizational,individual
EPA-HQ-OAR-2010-0505-11406,EPA-HQ-OAR-2010-0505,organizational,individual
EPA-HQ-OAR-2010-0505-11407,EPA-HQ-OAR-2010-0505,organizational,individual
EPA-HQ-OAR-2010-0505-11408,EPA-HQ-OAR-2010-0505,organizational,individual
EPA-HQ-OAR-2010-0505-11410,EPA-HQ-OAR-2010-0505,organizational,individual
EPA-HQ-OAR-2010-0505-11424,EPA-HQ-OAR-2010-0505,organizational,individual
EPA-HQ-OAR-2010-0505-11429,EPA-HQ-OAR-2010-0505,organizational,individual
EPA-HQ-OAR-2010-0505-11431,EPA-HQ-OAR-2010-0505,individual,individual
EPA-HQ-OAR-2010-0505-11433,EPA-HQ-OAR-2010-0505,individual,individual
EPA-HQ-OAR-2010-0505-11436,EPA-HQ-OAR-2010-0505,organizational,individual
EPA-HQ-OAR-2010-0505-11440,EPA-HQ-OAR-2010-0505,organizational,individual
EPA-HQ-OAR-2010-0505-11442,EPA-HQ-OAR-2010-0505,organizational,individual
EPA-HQ-OAR-2010-0505-11444,EPA-HQ-OAR-2010-0505,individual,individual
EPA-HQ-OAR-2010-0505-11445,EPA-HQ-OAR-2010-0505,organizational,individual
EPA-HQ-OAR-2010-0505-11448,EPA-HQ-OAR-2010-0505,organizational,individual
EPA-HQ-OAR-2010-0505-11450,EPA-HQ-OAR-2010-0505,organizational,individual
EPA-HQ-OAR-2010-0505-11451,EPA-HQ-OAR-2010-0505,organizational,individual
EPA-HQ-OAR-2010-0505-11454,EPA-HQ-OAR-2010-0505,individual,individual
EPA-HQ-OAR-2010-0505-11456,EPA-HQ-OAR-2010-0505,organizational,individual
EPA-HQ-OAR-2010-0505-11459,EPA-HQ-OAR-2010-0505,organizational,individual
EPA-HQ-OAR-2010-0505-11460,EPA-HQ-OAR-2010-0505,organizational,individual
EPA-HQ-OAR-2010-0505-11461,EPA-HQ-OAR-2010-0505,organizational,individual
EPA-HQ-OAR-2010-0505-11463,EPA-HQ-OAR-2010-0505,organizational,individual
EPA-HQ-OAR-2010-0505-11464,EPA-HQ-OAR-2010-0505,individual,individual
EPA-HQ-OAR-2010-0505-11466,EPA-HQ-OAR-2010-0505,organizational,individual
EPA-HQ-OAR-2010-0505-11474,EPA-HQ-OAR-2010-0505,organizational,individual
EPA-HQ-OAR-2010-0505-11485,EPA-HQ-OAR-2010-0505,organizational,individual
EPA-HQ-OAR-2010-0505-11487,EPA-HQ-OAR-2010-0505,organizational,individual
EPA-HQ-OAR-2010-0505-11488,EPA-HQ-OAR-2010-0505,individual,organizational
EPA-HQ-OAR-2010-0505-11490,EPA-HQ-OAR-2010-0505,organizational,individual
EPA-HQ-OAR-2010-0505-11492,EPA-HQ-OAR-2010-0505,organizational,individual
EPA-HQ-OAR-2010-0505-11496,EPA-HQ-OAR-2010-0505,organizational,individual
EPA-HQ-OAR-2010-0505-11508,EPA-HQ-OAR-2010-0505,organizational,individual
EPA-HQ-OAR-2010-0505-11513,EPA-HQ-OAR-2010-0505,organizational,individual
EPA-HQ-OAR-2010-0505-11514,EPA-HQ-OAR-2010-0505,organizational,individual
EPA-HQ-OAR-2010-0505-11515,EPA-HQ-OAR-2010-0505,organizational,individual
EPA-HQ-OAR-2010-0505-11516,EPA-HQ-OAR-2010-0505,organizational,individual
EPA-HQ-OAR-2010-0505-11559,EPA-HQ-OAR-2010-0505,individual,individual
EPA-HQ-OAR-2010-0505-11575,EPA-HQ-OAR-2010-0505,individual,individual
EPA-HQ-OAR-2010-0505-11577,EPA-HQ-OAR-2010-0505,organizational,individual
EPA-HQ-OAR-2010-0505-11578,EPA-HQ-OAR-2010-0505,organizational,individual
EPA-HQ-OAR-2010-0505-11626,EPA-HQ-OAR-2010-0505,organizational,individual
EPA-HQ-OAR-2010-0505-11628,EPA-HQ-OAR-2010-0505,organizational,individual
EPA-HQ-OAR-2010-0505-11652,EPA-HQ-OAR-2010-0505,organizational,individual
EPA-HQ-OAR-2010-0505-11660,EPA-HQ-OAR-2010-0505,organizational,individual
EPA-HQ-OAR-2010-0505-11666,EPA-HQ-OAR-2010-0505,organizational,individual
EPA-HQ-OAR-2010-0505-11668,EPA-HQ-OAR-2010-0505,organizational,individual
EPA-HQ-OAR-2010-0505-11674,EPA-HQ-OAR-2010-0505,organizational,individual
EPA-HQ-OAR-2010-0505-11675,EPA-HQ-OAR-2010-0505,organizational,individual
EPA-HQ-OAR-2010-0505-11677,EPA-HQ-OAR-2010-0505,organizational,individual
EPA-HQ-OAR-2010-0505-11680,EPA-HQ-OAR-2010-0505,organizational,individual
EPA-HQ-OAR-2010-0505-11681,EPA-HQ-OAR-2010-0505,organizational,individual
EPA-HQ-OAR-2010-0505-11682,EPA-HQ-OAR-2010-0505,organizational,individual
EPA-HQ-OAR-2010-0505-11683,EPA-HQ-OAR-2010-0505,organizational,individual
EPA-HQ-OAR-2010-0505-11688,EPA-HQ-OAR-2010-0505,organizational,individual
EPA-HQ-OAR-2010-0505-11690,EPA-HQ-OAR-2010-0505,organizational,individual
EPA-HQ-OAR-2010-0505-11695,EPA-HQ-OAR-2010-0505,organizational,individual
EPA-HQ-OAR-2010-0505-11696,EPA-HQ-OAR-2010-0505,organizational,individual
EPA-HQ-OAR-2010-0505-11699,EPA-HQ-OAR-2010-0505,organizational,individual
EPA-HQ-OAR-2010-0505-11700,EPA-HQ-OAR-2010-0505,organizational,individual
EPA-HQ-OAR-2010-0505-11705,EPA-HQ-OAR-2010-0505,organizational,individual
EPA-HQ-OAR-2010-0505-11710,EPA-HQ-OAR-2010-0505,organizational,individual
EPA-HQ-OAR-2010-0505-11712,EPA-HQ-OAR-2010-0505,individual,individual
EPA-HQ-OAR-2010-0505-11713,EPA-HQ-OAR-2010-0505,organizational,individual
EPA-HQ-OAR-2010-0505-11716,EPA-HQ-OAR-2010-0505,organizational,individual
EPA-HQ-OAR-2010-0505-11717,EPA-HQ-OAR-2010-0505,organizational,individual
EPA-HQ-OAR-2010-0505-11718,EPA-HQ-OAR-2010-0505,organizational,individual
EPA-HQ-OAR-2010-0505-11723,EPA-HQ-OAR-2010-0505,organizational,individual
EPA-HQ-OAR-2010-0505-11726,EPA-HQ-OAR-2010-0505,organizational,individual
EPA-HQ-OAR-2010-0505-11727,EPA-HQ-OAR-2010-0505,organizational,individual
EPA-HQ-OAR-2010-0505-11730,EPA-HQ-OAR-2010-0505,organizational,individual
EPA-HQ-OAR-2010-0505-11732,EPA-HQ-OAR-2010-0505,individual,individual
EPA-HQ-OAR-2010-0505-11733,EPA-HQ-OAR-2010-0505,organizational,individual
EPA-HQ-OAR-2010-0505-11737,EPA-HQ-OAR-2010-0505,organizational,individual
EPA-HQ-OAR-2010-0505-11738,EPA-HQ-OAR-2010-0505,organizational,individual
EPA-HQ-OAR-2010-0505-11741,EPA-HQ-OAR-2010-0505,organizational,individual
EPA-HQ-OAR-2010-0505-11742,EPA-HQ-OAR-2010-0505,organizational,individual
EPA-HQ-OAR-2010-0505-11753,EPA-HQ-OAR-2010-0505,organizational,individual
EPA-HQ-OAR-2010-0505-11755,EPA-HQ-OAR-2010-0505,organizational,individual
EPA-HQ-OAR-2010-0505-11757,EPA-HQ-OAR-2010-0505,organizational,individual
EPA-HQ-OAR-2010-0505-11760,EPA-HQ-OAR-2010-0505,organizational,individual
EPA-HQ-OAR-2010-0505-11762,EPA-HQ-OAR-2010-0505,organizational,individual
EPA-HQ-OAR-2010-0505-11765,EPA-HQ-OAR-2010-0505,individual,individual
EPA-HQ-OAR-2010-0505-11769,EPA-HQ-OAR-2010-0505,individual,individual
EPA-HQ-OAR-2010-0505-11771,EPA-HQ-OAR-2010-0505,individual,individual
EPA-HQ-OAR-2010-0505-11772,EPA-HQ-OAR-2010-0505,individual,individual
EPA-HQ-OAR-2010-0505-11773,EPA-HQ-OAR-2010-0505,individual,individual
EPA-HQ-OAR-2010-0505-11774,EPA-HQ-OAR-2010-0505,individual,individual
EPA-HQ-OAR-2010-0505-11776,EPA-HQ-OAR-2010-0505,individual,individual
EPA-HQ-OAR-2010-0505-11782,EPA-HQ-OAR-2010-0505,individual,individual
EPA-HQ-OAR-2010-0505-11784,EPA-HQ-OAR-2010-0505,individual,individual
EPA-HQ-OAR-2010-0505-11785,EPA-HQ-OAR-2010-0505,individual,individual
EPA-HQ-OAR-2010-0505-11786,EPA-HQ-OAR-2010-0505,individual,individual
EPA-HQ-OAR-2010-0505-11789,EPA-HQ-OAR-2010-0505,organizational,individual
EPA-HQ-OAR-2010-0505-11790,EPA-HQ-OAR-2010-0505,organizational,individual
EPA-HQ-OAR-2010-0505-11791,EPA-HQ-OAR-2010-0505,individual,individual
EPA-HQ-OAR-2010-0505-11793,EPA-HQ-OAR-2010-0505,organizational,individual
EPA-HQ-OAR-2010-0505-11796,EPA-HQ-OAR-2010-0505,organizational,individual
EPA-HQ-OAR-2010-0505-11801,EPA-HQ-OAR-2010-0505,organizational,individual
EPA-HQ-OAR-2010-0505-11803,EPA-HQ-OAR-2010-0505,individual,individual
EPA-HQ-OAR-2010-0505-11804,EPA-HQ-OAR-2010-0505,organizational,individual
EPA-HQ-OAR-2010-0505-11805,EPA-HQ-OAR-2010-0505,organizational,individual
EPA-HQ-OAR-2010-0505-11807,EPA-HQ-OAR-2010-0505,organizational,individual
EPA-HQ-OAR-2010-0505-11808,EPA-HQ-OAR-2010-0505,organizational,individual
EPA-HQ-OAR-2010-0505-11814,EPA-HQ-OAR-2010-0505,organizational,individual
EPA-HQ-OAR-2010-0505-11947,EPA-HQ-OAR-2010-0505,organizational,individual
EPA-HQ-OAR-2010-0505-11948,EPA-HQ-OAR-2010-0505,organizational,individual
EPA-HQ-OAR-2010-0505-11949,EPA-HQ-OAR-2010-0505,organizational,individual
EPA-HQ-OAR-2010-0505-11950,EPA-HQ-OAR-2010-0505,organizational,individual
EPA-HQ-OAR-2010-0505-11961,EPA-HQ-OAR-2010-0505,organizational,individual
EPA-HQ-OAR-2010-0505-11962,EPA-HQ-OAR-2010-0505,individual,individual
EPA-HQ-OAR-2010-0505-11964,EPA-HQ-OAR-2010-0505,organizational,individual
EPA-HQ-OAR-2010-0505-11967,EPA-HQ-OAR-2010-0505,organizational,individual
EPA-HQ-OAR-2010-0505-11968,EPA-HQ-OAR-2010-0505,organizational,individual
EPA-HQ-OAR-2010-0505-11980,EPA-HQ-OAR-2010-0505,organizational,individual
EPA-HQ-OAR-2010-0505-11983,EPA-HQ-OAR-2010-0505,individual,individual
EPA-HQ-OAR-2010-0505-12060,EPA-HQ-OAR-2010-0505,organizational,other
EPA-HQ-OAR-2010-0505-12095,EPA-HQ-OAR-2010-0505,organizational,individual
EPA-HQ-OAR-2010-0505-12097,EPA-HQ-OAR-2010-0505,individual,individual
EPA-HQ-OAR-2010-0505-12099,EPA-HQ-OAR-2010-0505,organizational,individual
EPA-HQ-OAR-2010-0505-12101,EPA-HQ-OAR-2010-0505,organizational,individual
EPA-HQ-OAR-2010-0505-12102,EPA-HQ-OAR-2010-0505,organizational,individual
EPA-HQ-OAR-2010-0505-12105,EPA-HQ-OAR-2010-0505,organizational,individual
EPA-HQ-OAR-2010-0505-12106,EPA-HQ-OAR-2010-0505,organizational,individual
EPA-HQ-OAR-2010-0505-12107,EPA-HQ-OAR-2010-0505,organizational,individual
EPA-HQ-OAR-2010-0505-12115,EPA-HQ-OAR-2010-0505,organizational,individual
EPA-HQ-OAR-2010-0505-12243,EPA-HQ-OAR-2010-0505,organizational,individual
EPA-HQ-OAR-2010-0505-12342,EPA-HQ-OAR-2010-0505,organizational,other
EPA-HQ-OAR-2010-0505-12372,EPA-HQ-OAR-2010-0505,organizational,individual
EPA-HQ-OAR-2010-0505-12377,EPA-HQ-OAR-2010-0505,individual,individual
EPA-HQ-OAR-2010-0505-12419,EPA-HQ-OAR-2010-0505,organizational,individual
EPA-HQ-OAR-2010-0505-12432,EPA-HQ-OAR-2010-0505,organizational,individual
EPA-HQ-OAR-2010-0505-12445,EPA-HQ-OAR-2010-0505,individual,organizational
EPA-HQ-OAR-2010-0505-7742,EPA-HQ-OAR-2010-0505,individual,individual
EPA-HQ-OAR-2010-0505-7749,EPA-HQ-OAR-2010-0505,individual,individual
EPA-HQ-OAR-2010-0505-7751,EPA-HQ-OAR-2010-0505,individual,individual
EPA-HQ-OAR-2010-0505-7752,EPA-HQ-OAR-2010-0505,organizational,individual
EPA-HQ-OAR-2010-0505-7777,EPA-HQ-OAR-2010-0505,individual,individual
EPA-HQ-OAR-2010-0505-7778,EPA-HQ-OAR-2010-0505,individual,individual
EPA-HQ-OAR-2010-0505-7781,EPA-HQ-OAR-2010-0505,individual,organizational
EPA-HQ-OAR-2010-0505-7782,EPA-HQ-OAR-2010-0505,organizational,individual
EPA-HQ-OAR-2010-0505-7787,EPA-HQ-OAR-2010-0505,individual,individual
EPA-HQ-OAR-2010-0505-7788,EPA-HQ-OAR-2010-0505,organizational,individual
EPA-HQ-OAR-2010-0505-7793,EPA-HQ-OAR-2010-0505,individual,individual
EPA-HQ-OAR-2010-0505-8271,EPA-HQ-OAR-2010-0505,organizational,individual
EPA-HQ-OAR-2010-0505-8274,EPA-HQ-OAR-2010-0505,organizational,individual
EPA-HQ-OAR-2010-0505-8275,EPA-HQ-OAR-2010-0505,organizational,individual
EPA-HQ-OAR-2010-0505-8302,EPA-HQ-OAR-2010-0505,individual,individual
EPA-HQ-OAR-2010-0505-8500,EPA-HQ-OAR-2010-0505,organizational,individual
EPA-HQ-OAR-2010-0505-8725,EPA-HQ-OAR-2010-0505,organizational,individual
EPA-HQ-OAR-2010-0505-8727,EPA-HQ-OAR-2010-0505,organizational,individual
EPA-HQ-OAR-2010-0505-8734,EPA-HQ-OAR-2010-0505,organizational,individual
EPA-HQ-OAR-2010-0505-8737,EPA-HQ-OAR-2010-0505,organizational,individual
EPA-HQ-OAR-2010-0505-8739,EPA-HQ-OAR-2010-0505,organizational,individual
EPA-HQ-OAR-2010-0505-8741,EPA-HQ-OAR-2010-0505,organizational,individual
EPA-HQ-OAR-2010-0505-8747,EPA-HQ-OAR-2010-0505,organizational,individual
EPA-HQ-OAR-2010-0505-8749,EPA-HQ-OAR-2010-0505,organizational,individual
EPA-HQ-OAR-2010-0505-8752,EPA-HQ-OAR-2010-0505,organizational,individual
EPA-HQ-OAR-2010-0505-8754,EPA-HQ-OAR-2010-0505,organizational,individual
EPA-HQ-OAR-2010-0505-8755,EPA-HQ-OAR-2010-0505,organizational,individual
EPA-HQ-OAR-2010-0505-8758,EPA-HQ-OAR-2010-0505,organizational,individual
EPA-HQ-OAR-2010-0505-8764,EPA-HQ-OAR-2010-0505,organizational,individual
EPA-HQ-OAR-2010-0505-8766,EPA-HQ-OAR-2010-0505,organizational,individual
EPA-HQ-OAR-2010-0505-8767,EPA-HQ-OAR-2010-0505,organizational,individual
EPA-HQ-OAR-2010-0505-8768,EPA-HQ-OAR-2010-0505,organizational,other
EPA-HQ-OAR-2010-0505-8773,EPA-HQ-OAR-2010-0505,organizational,individual
EPA-HQ-OAR-2010-0505-8780,EPA-HQ-OAR-2010-0505,organizational,individual
EPA-HQ-OAR-2010-0505-8784,EPA-HQ-OAR-2010-0505,organizational,individual
EPA-HQ-OAR-2010-0505-8785,EPA-HQ-OAR-2010-0505,organizational,individual
EPA-HQ-OAR-2010-0505-8787,EPA-HQ-OAR-2010-0505,organizational,individual
EPA-HQ-OAR-2010-0505-8791,EPA-HQ-OAR-2010-0505,organizational,individual
EPA-HQ-OAR-2010-0505-8792,EPA-HQ-OAR-2010-0505,organizational,individual
EPA-HQ-OAR-2010-0505-8794,EPA-HQ-OAR-2010-0505,organizational,individual
EPA-HQ-OAR-2010-0505-8795,EPA-HQ-OAR-2010-0505,organizational,individual
EPA-HQ-OAR-2010-0505-8796,EPA-HQ-OAR-2010-0505,organizational,individual
EPA-HQ-OAR-2010-0505-8803,EPA-HQ-OAR-2010-0505,organizational,individual
EPA-HQ-OAR-2010-0505-8807,EPA-HQ-OAR-2010-0505,organizational,individual
EPA-HQ-OAR-2010-0505-8809,EPA-HQ-OAR-2010-0505,organizational,individual
EPA-HQ-OAR-2010-0505-8813,EPA-HQ-OAR-2010-0505,organizational,individual
EPA-HQ-OAR-2010-0505-8814,EPA-HQ-OAR-2010-0505,organizational,individual
EPA-HQ-OAR-2010-0505-8817,EPA-HQ-OAR-2010-0505,organizational,individual
EPA-HQ-OAR-2010-0505-8828,EPA-HQ-OAR-2010-0505,organizational,individual
EPA-HQ-OAR-2010-0505-8835,EPA-HQ-OAR-2010-0505,organizational,individual
EPA-HQ-OAR-2010-0505-8844,EPA-HQ-OAR-2010-0505,individual,individual
EPA-HQ-OAR-2010-0505-8853,EPA-HQ-OAR-2010-0505,organizational,individual
EPA-HQ-OAR-2010-0505-8855,EPA-HQ-OAR-2010-0505,organizational,individual
EPA-HQ-OAR-2010-0505-8857,EPA-HQ-OAR-2010-0505,organizational,individual
EPA-HQ-OAR-2010-0505-9015,EPA-HQ-OAR-2010-0505,organizational,individual
EPA-HQ-OAR-2010-0505-9016,EPA-HQ-OAR-2010-0505,organizational,individual
EPA-HQ-OAR-2010-0505-9018,EPA-HQ-OAR-2010-0505,organizational,individual
EPA-HQ-OAR-2010-0505-9022,EPA-HQ-OAR-2010-0505,organizational,individual
EPA-HQ-OAR-2010-0505-9023,EPA-HQ-OAR-2010-0505,organizational,individual
EPA-HQ-OAR-2010-0505-9024,EPA-HQ-OAR-2010-0505,organizational,individual
EPA-HQ-OAR-2010-0505-9026,EPA-HQ-OAR-2010-0505,organizational,individual
EPA-HQ-OAR-2010-0505-9028,EPA-HQ-OAR-2010-0505,organizational,individual
EPA-HQ-OAR-2010-0505-9369,EPA-HQ-OAR-2010-0505,organizational,individual
EPA-HQ-OAR-2010-0505-9370,EPA-HQ-OAR-2010-0505,organizational,individual
EPA-HQ-OAR-2010-0505-9371,EPA-HQ-OAR-2010-0505,organizational,individual
EPA-HQ-OAR-2010-0505-9372,EPA-HQ-OAR-2010-0505,organizational,individual
EPA-HQ-OAR-2010-0505-9373,EPA-HQ-OAR-2010-0505,organizational,individual
EPA-HQ-OAR-2010-0505-9375,EPA-HQ-OAR-2010-0505,organizational,individual
EPA-HQ-OAR-2010-0505-9378,EPA-HQ-OAR-2010-0505,organizational,individual
EPA-HQ-OAR-2010-0505-9380,EPA-HQ-OAR-2010-0505,organizational,individual
EPA-HQ-OAR-2010-0505-9647,EPA-HQ-OAR-2010-0505,organizational,individual
EPA-HQ-OAR-2010-0505-9648,EPA-HQ-OAR-2010-0505,organizational,individual
EPA-HQ-OAR-2010-0505-9649,EPA-HQ-OAR-2010-0505,organizational,individual
EPA-HQ-OAR-2010-0505-9650,EPA-HQ-OAR-2010-0505,organizational,individual
EPA-HQ-OAR-2010-0505-9651,EPA-HQ-OAR-2010-0505,organizational,individual
EPA-HQ-OAR-2010-0505-9653,EPA-HQ-OAR-2010-0505,organizational,individual
EPA-HQ-OAR-2010-0505-9654,EPA-HQ-OAR-2010-0505,organizational,individual
EPA-HQ-OAR-2010-0505-9655,EPA-HQ-OAR-2010-0505,organizational,individual
EPA-HQ-OAR-2010-0505-9657,EPA-HQ-OAR-2010-0505,organizational,individual
EPA-HQ-OAR-2010-0505-9658,EPA-HQ-OAR-2010-0505,organizational,individual
EPA-HQ-OAR-2010-0505-9659,EPA-HQ-OAR-2010-0505,organizational,individual
EPA-HQ-OAR-2010-0505-9660,EPA-HQ-OAR-2010-0505,organizational,individual
EPA-HQ-OAR-2010-0505-9661,EPA-HQ-OAR-2010-0505,organizational,individual
EPA-HQ-OAR-2010-0505-9662,EPA-HQ-OAR-2010-0505,organizational,individual
EPA-HQ-OAR-2010-0505-9663,EPA-HQ-OAR-2010-0505,organizational,individual
EPA-HQ-OAR-2010-0505-9666,EPA-HQ-OAR-2010-0505,organizational,individual
EPA-HQ-OAR-2010-0505-9668,EPA-HQ-OAR-2010-0505,organizational,individual
EPA-HQ-OAR-2010-0505-9701,EPA-HQ-OAR-2010-0505,individual,individual
EPA-HQ-OAR-2010-0505-9702,EPA-HQ-OAR-2010-0505,organizational,individual
EPA-HQ-OAR-2010-0505-9993,EPA-HQ-OAR-2010-0505,organizational,individual
EPA-HQ-OAR-2010-0505-9994,EPA-HQ-OAR-2010-0505,organizational,individual
EPA-HQ-OAR-2010-0505-9997,EPA-HQ-OAR-2010-0505,organizational,individual
EPA-HQ-OAR-2017-0355-0220,EPA-HQ-OAR-2017-0355,organizational,individual
EPA-HQ-OAR-2017-0355-0251,EPA-HQ-OAR-2017-0355,organizational,individual
EPA-HQ-OAR-2017-0355-0290,EPA-HQ-OAR-2017-0355,organizational,individual
EPA-HQ-OAR-2017-0355-0385,EPA-HQ-OAR-2017-0355,individual,individual
EPA-HQ-OAR-2017-0355-0387,EPA-HQ-OAR-2017-0355,individual,individual
EPA-HQ-OAR-2017-0355-0399,EPA-HQ-OAR-2017-0355,individual,individual
EPA-HQ-OAR-2017-0355-0406,EPA-HQ-OAR-2017-0355,individual,individual
EPA-HQ-OAR-2017-0355-0469,EPA-HQ-OAR-2017-0355,organizational,individual
EPA-HQ-OAR-2017-0355-0475,EPA-HQ-OAR-2017-0355,individual,individual
EPA-HQ-OAR-2017-0355-0476,EPA-HQ-OAR-2017-0355,organizational,individual
EPA-HQ-OAR-2017-0355-0477,EPA-HQ-OAR-2017-0355,organizational,individual
EPA-HQ-OAR-2017-0355-0488,EPA-HQ-OAR-2017-0355,individual,individual
EPA-HQ-OAR-2017-0355-0499,EPA-HQ-OAR-2017-0355,individual,individual
EPA-HQ-OAR-2017-0355-0502,EPA-HQ-OAR-2017-0355,organizational,individual
EPA-HQ-OAR-2017-0355-0508,EPA-HQ-OAR-2017-0355,organizational,individual
EPA-HQ-OAR-2017-0355-0517,EPA-HQ-OAR-2017-0355,organizational,individual
EPA-HQ-OAR-2017-0355-0520,EPA-HQ-OAR-2017-0355,organizational,individual
EPA-HQ-OAR-2017-0355-0529,EPA-HQ-OAR-2017-0355,organizational,individual
EPA-HQ-OAR-2017-0355-0554,EPA-HQ-OAR-2017-0355,organizational,individual
EPA-HQ-OAR-2017-0355-0624,EPA-HQ-OAR-2017-0355,organizational,individual
EPA-HQ-OAR-2017-0355-0634,EPA-HQ-OAR-2017-0355,organizational,individual
EPA-HQ-OAR-2017-0355-0743,EPA-HQ-OAR-2017-0355,organizational,individual
EPA-HQ-OAR-2017-0355-0760,EPA-HQ-OAR-2017-0355,organizational,individual
EPA-HQ-OAR-2017-0355-0807,EPA-HQ-OAR-2017-0355,organizational,individual
EPA-HQ-OAR-2017-0355-0830,EPA-HQ-OAR-2017-0355,organizational,individual
EPA-HQ-OAR-2017-0355-0837,EPA-HQ-OAR-2017-0355,organizational,individual
EPA-HQ-OAR-2017-0355-0853,EPA-HQ-OAR-2017-0355,individual,individual
EPA-HQ-OAR-2017-0355-0864,EPA-HQ-OAR-2017-0355,individual,individual
EPA-HQ-OAR-2017-0355-0866,EPA-HQ-OAR-2017-0355,individual,organizational
EPA-HQ-OAR-2017-0355-0892,EPA-HQ-OAR-2017-0355,individual,individual
EPA-HQ-OAR-2017-0355-0896,EPA-HQ-OAR-2017-0355,organizational,individual
EPA-HQ-OAR-2017-0355-0902,EPA-HQ-OAR-2017-0355,organizational,individual
EPA-HQ-OAR-2017-0355-0905,EPA-HQ-OAR-2017-0355,organizational,individual
EPA-HQ-OAR-2017-0355-0914,EPA-HQ-OAR-2017-0355,organizational,individual
EPA-HQ-OAR-2017-0355-0918,EPA-HQ-OAR-2017-0355,organizational,individual
EPA-HQ-OAR-2017-0355-0926,EPA-HQ-OAR-2017-0355,organizational,individual
EPA-HQ-OAR-2017-0355-0929,EPA-HQ-OAR-2017-0355,organizational,individual
EPA-HQ-OAR-2017-0355-0932,EPA-HQ-OAR-2017-0355,individual,individual
EPA-HQ-OAR-2017-0355-0934,EPA-HQ-OAR-2017-0355,organizational,individual
EPA-HQ-OAR-2017-0355-0954,EPA-HQ-OAR-2017-0355,organizational,individual
EPA-HQ-OAR-2017-0355-0964,EPA-HQ-OAR-2017-0355,individual,individual
EPA-HQ-OAR-2017-0355-0974,EPA-HQ-OAR-2017-0355,individual,individual
EPA-HQ-OAR-2017-0355-0975,EPA-HQ-OAR-2017-0355,organizational,individual
EPA-HQ-OAR-2017-0355-0981,EPA-HQ-OAR-2017-0355,individual,individual
EPA-HQ-OAR-2017-0355-1006,EPA-HQ-OAR-2017-0355,individual,individual
EPA-HQ-OAR-2017-0355-1013,EPA-HQ-OAR-2017-0355,organizational,individual
EPA-HQ-OAR-2017-0355-1034,EPA-HQ-OAR-2017-0355,individual,individual
EPA-HQ-OAR-2017-0355-1080,EPA-HQ-OAR-2017-0355,individual,individual
EPA-HQ-OAR-2017-0355-1102,EPA-HQ-OAR-2017-0355,organizational,individual
EPA-HQ-OAR-2017-0355-1107,EPA-HQ-OAR-2017-0355,organizational,individual
EPA-HQ-OAR-2017-0355-1114,EPA-HQ-OAR-2017-0355,organizational,individual
EPA-HQ-OAR-2017-0355-1119,EPA-HQ-OAR-2017-0355,organizational,individual
EPA-HQ-OAR-2017-0355-1125,EPA-HQ-OAR-2017-0355,individual,individual
EPA-HQ-OAR-2017-0355-1150,EPA-HQ-OAR-2017-0355,organizational,individual
EPA-HQ-OAR-2017-0355-1155,EPA-HQ-OAR-2017-0355,organizational,individual
EPA-HQ-OAR-2017-0355-1158,EPA-HQ-OAR-2017-0355,individual,individual
EPA-HQ-OAR-2017-0355-1162,EPA-HQ-OAR-2017-0355,organizational,individual
EPA-HQ-OAR-2017-0355-1186,EPA-HQ-OAR-2017-0355,organizational,individual
EPA-HQ-OAR-2017-0355-1188,EPA-HQ-OAR-2017-0355,organizational,individual
EPA-HQ-OAR-2017-0355-1209,EPA-HQ-OAR-2017-0355,organizational,individual
EPA-HQ-OAR-2017-0355-1256,EPA-HQ-OAR-2017-0355,organizational,individual
EPA-HQ-OAR-2017-0355-1265,EPA-HQ-OAR-2017-0355,organizational,individual
EPA-HQ-OAR-2017-0355-1271,EPA-HQ-OAR-2017-0355,organizational,individual
EPA-HQ-OAR-2017-0355-1282,EPA-HQ-OAR-2017-0355,organizational,individual
EPA-HQ-OAR-2017-0355-1294,EPA-HQ-OAR-2017-0355,organizational,individual
EPA-HQ-OAR-2017-0355-1297,EPA-HQ-OAR-2017-0355,individual,individual
EPA-HQ-OAR-2017-0355-1321,EPA-HQ-OAR-2017-0355,organizational,individual
EPA-HQ-OAR-2017-0355-1332,EPA-HQ-OAR-2017-0355,organizational,individual
EPA-HQ-OAR-2017-0355-1337,EPA-HQ-OAR-2017-0355,individual,individual
EPA-HQ-OAR-2017-0355-1353,EPA-HQ-OAR-2017-0355,individual,individual
EPA-HQ-OAR-2017-0355-1364,EPA-HQ-OAR-2017-0355,organizational,individual
EPA-HQ-OAR-2017-0355-1368,EPA-HQ-OAR-2017-0355,organizational,individual
EPA-HQ-OAR-2017-0355-1370,EPA-HQ-OAR-2017-0355,organizational,individual
EPA-HQ-OAR-2017-0355-1496,EPA-HQ-OAR-2017-0355,organizational,individual
EPA-HQ-OAR-2017-0355-1513,EPA-HQ-OAR-2017-0355,organizational,individual
EPA-HQ-OAR-2017-0355-1524,EPA-HQ-OAR-2017-0355,organizational,individual
EPA-HQ-OAR-2017-0355-1527,EPA-HQ-OAR-2017-0355,organizational,individual
EPA-HQ-OAR-2017-0355-1530,EPA-HQ-OAR-2017-0355,organizational,individual
EPA-HQ-OAR-2017-0355-1536,EPA-HQ-OAR-2017-0355,individual,individual
EPA-HQ-OAR-2017-0355-1545,EPA-HQ-OAR-2017-0355,individual,individual
EPA-HQ-OAR-2017-0355-1550,EPA-HQ-OAR-2017-0355,organizational,individual
EPA-HQ-OAR-2017-0355-1554,EPA-HQ-OAR-2017-0355,individual,individual
EPA-HQ-OAR-2017-0355-1555,EPA-HQ-OAR-2017-0355,organizational,individual
EPA-HQ-OAR-2017-0355-1576,EPA-HQ-OAR-2017-0355,individual,individual
EPA-HQ-OAR-2017-0355-1578,EPA-HQ-OAR-2017-0355,organizational,individual
EPA-HQ-OAR-2017-0355-1590,EPA-HQ-OAR-2017-0355,organizational,individual
EPA-HQ-OAR-2017-0355-1614,EPA-HQ-OAR-2017-0355,individual,individual
EPA-HQ-OAR-2017-0355-1618,EPA-HQ-OAR-2017-0355,organizational,individual
EPA-HQ-OAR-2017-0355-1623,EPA-HQ-OAR-2017-0355,individual,individual
EPA-HQ-OAR-2017-0355-1670,EPA-HQ-OAR-2017-0355,organizational,individual
EPA-HQ-OAR-2017-0355-1754,EPA-HQ-OAR-2017-0355,individual,individual
EPA-HQ-OAR-2017-0355-1782,EPA-HQ-OAR-2017-0355,individual,individual
EPA-HQ-OAR-2017-0355-1786,EPA-HQ-OAR-2017-0355,individual,individual
EPA-HQ-OAR-2017-0355-1927,EPA-HQ-OAR-2017-0355,organizational,individual
EPA-HQ-OAR-2017-0355-1932,EPA-HQ-OAR-2017-0355,organizational,individual
EPA-HQ-OAR-2017-0355-1934,EPA-HQ-OAR-2017-0355,individual,individual
EPA-HQ-OAR-2017-0355-1938,EPA-HQ-OAR-2017-0355,individual,individual
EPA-HQ-OAR-2017-0355-1941,EPA-HQ-OAR-2017-0355,individual,individual
EPA-HQ-OAR-2017-0355-1946,EPA-HQ-OAR-2017-0355,individual,individual
EPA-HQ-OAR-2017-0355-1960,EPA-HQ-OAR-2017-0355,organizational,individual
EPA-HQ-OAR-2017-0355-1971,EPA-HQ-OAR-2017-0355,organizational,individual
EPA-HQ-OAR-2017-0355-1988,EPA-HQ-OAR-2017-0355,individual,individual
EPA-HQ-OAR-2017-0355-1991,EPA-HQ-OAR-2017-0355,organizational,individual
EPA-HQ-OAR-2017-0355-1993,EPA-HQ-OAR-2017-0355,organizational,individual
EPA-HQ-OAR-2017-0355-2004,EPA-HQ-OAR-2017-0355,organizational,individual
EPA-HQ-OAR-2017-0355-2005,EPA-HQ-OAR-2017-0355,organizational,individual
EPA-HQ-OAR-2017-0355-2075,EPA-HQ-OAR-2017-0355,individual,individual
EPA-HQ-OAR-2017-0355-2093,EPA-HQ-OAR-2017-0355,organizational,individual
EPA-HQ-OAR-2017-0355-2116,EPA-HQ-OAR-2017-0355,organizational,individual
EPA-HQ-OAR-2017-0355-2133,EPA-HQ-OAR-2017-0355,individual,individual
EPA-HQ-OAR-2017-0355-2195,EPA-HQ-OAR-2017-0355,organizational,individual
EPA-HQ-OAR-2017-0355-2215,EPA-HQ-OAR-2017-0355,organizational,individual
EPA-HQ-OAR-2017-0355-2216,EPA-HQ-OAR-2017-0355,individual,individual
EPA-HQ-OAR-2017-0355-2218,EPA-HQ-OAR-2017-0355,individual,individual
EPA-HQ-OAR-2017-0355-2227,EPA-HQ-OAR-2017-0355,organizational,individual
EPA-HQ-OAR-2017-0355-2254,EPA-HQ-OAR-2017-0355,individual,individual
EPA-HQ-OAR-2017-0355-2257,EPA-HQ-OAR-2017-0355,individual,individual
EPA-HQ-OAR-2017-0355-2268,EPA-HQ-OAR-2017-0355,individual,individual
EPA-HQ-OAR-2017-0355-2301,EPA-HQ-OAR-2017-0355,organizational,individual
EPA-HQ-OAR-2017-0355-2347,EPA-HQ-OAR-2017-0355,individual,individual
EPA-HQ-OAR-2017-0355-2355,EPA-HQ-OAR-2017-0355,organizational,individual
EPA-HQ-OAR-2017-0355-2378,EPA-HQ-OAR-2017-0355,individual,individual
EPA-HQ-OAR-2017-0355-2385,EPA-HQ-OAR-2017-0355,organizational,individual
EPA-HQ-OAR-2017-0355-2389,EPA-HQ-OAR-2017-0355,individual,individual
EPA-HQ-OAR-2017-0355-2421,EPA-HQ-OAR-2017-0355,individual,individual
EPA-HQ-OAR-2017-0355-2425,EPA-HQ-OAR-2017-0355,organizational,individual
EPA-HQ-OAR-2017-0355-2427,EPA-HQ-OAR-2017-0355,individual,organizational
EPA-HQ-OAR-2017-0355-2442,EPA-HQ-OAR-2017-0355,individual,individual
EPA-HQ-OAR-2017-0355-2443,EPA-HQ-OAR-2017-0355,organizational,individual
EPA-HQ-OAR-2017-0355-2453,EPA-HQ-OAR-2017-0355,organizational,individual
EPA-HQ-OAR-2017-0355-2647,EPA-HQ-OAR-2017-0355,organizational,individual
EPA-HQ-OAR-2017-0355-2690,EPA-HQ-OAR-2017-0355,organizational,individual
EPA-HQ-OAR-2017-0355-2716,EPA-HQ-OAR-2017-0355,organizational,individual
EPA-HQ-OAR-2017-0355-3549,EPA-HQ-OAR-2017-0355,individual,individual
EPA-HQ-OAR-2017-0355-4601,EPA-HQ-OAR-2017-0355,organizational,individual
EPA-HQ-OAR-2017-0355-5153,EPA-HQ-OAR-2017-0355,individual,organizational
EPA-HQ-OAR-2017-0355-5960,EPA-HQ-OAR-2017-0355,organizational,individual
EPA-HQ-OAR-2017-0355-5994,EPA-HQ-OAR-2017-0355,organizational,individual
EPA-HQ-OAR-2017-0355-6065,EPA-HQ-OAR-2017-0355,organizational,individual
EPA-HQ-OAR-2017-0355-6155,EPA-HQ-OAR-2017-0355,organizational,individual
EPA-HQ-OW-2009-0819-6493,EPA-HQ-OW-2009-0819,organizational,individual
EPA-HQ-OW-2009-0819-6500,EPA-HQ-OW-2009-0819,individual,individual
EPA-HQ-OW-2009-0819-6504,EPA-HQ-OW-2009-0819,organizational,individual
EPA-HQ-OW-2009-0819-6508,EPA-HQ-OW-2009-0819,individual,individual
EPA-HQ-OW-2009-0819-6509,EPA-HQ-OW-2009-0819,individual,individual
EPA-HQ-OW-2009-0819-6511,EPA-HQ-OW-2009-0819,individual,individual
EPA-HQ-OW-2009-0819-6514,EPA-HQ-OW-2009-0819,organizational,individual
EPA-HQ-OW-2009-0819-6517,EPA-HQ-OW-2009-0819,organizational,individual
EPA-HQ-OW-2009-0819-6518,EPA-HQ-OW-2009-0819,individual,individual
EPA-HQ-OW-2009-0819-6519,EPA-HQ-OW-2009-0819,organizational,individual
EPA-HQ-OW-2009-0819-6520,EPA-HQ-OW-2009-0819,individual,individual
EPA-HQ-OW-2009-0819-6521,EPA-HQ-OW-2009-0819,individual,individual
EPA-HQ-OW-2009-0819-6524,EPA-HQ-OW-2009-0819,individual,individual
EPA-HQ-OW-2009-0819-6526,EPA-HQ-OW-2009-0819,organizational,individual
EPA-HQ-OW-2009-0819-6530,EPA-HQ-OW-2009-0819,organizational,individual
EPA-HQ-OW-2009-0819-6541,EPA-HQ-OW-2009-0819,organizational,individual
EPA-HQ-OW-2009-0819-6556,EPA-HQ-OW-2009-0819,individual,individual
EPA-HQ-OW-2009-0819-6558,EPA-HQ-OW-2009-0819,organizational,individual
EPA-HQ-OW-2009-0819-6562,EPA-HQ-OW-2009-0819,organizational,individual
EPA-HQ-OW-2009-0819-6568,EPA-HQ-OW-2009-0819,individual,individual
EPA-HQ-OW-2009-0819-6572,EPA-HQ-OW-2009-0819,individual,individual
EPA-HQ-OW-2009-0819-6574,EPA-HQ-OW-2009-0819,individual,individual
EPA-HQ-OW-2009-0819-6576,EPA-HQ-OW-2009-0819,organizational,individual
EPA-HQ-OW-2009-0819-6583,EPA-HQ-OW-2009-0819,organizational,individual
EPA-HQ-OW-2009-0819-6585,EPA-HQ-OW-2009-0819,organizational,individual
EPA-HQ-OW-2009-0819-6594,EPA-HQ-OW-2009-0819,organizational,individual
EPA-HQ-OW-2009-0819-6605,EPA-HQ-OW-2009-0819,organizational,individual
EPA-HQ-OW-2009-0819-6611,EPA-HQ-OW-2009-0819,organizational,individual
EPA-HQ-OW-2009-0819-6612,EPA-HQ-OW-2009-0819,organizational,individual
EPA-HQ-OW-2009-0819-6630,EPA-HQ-OW-2009-0819,organizational,individual
EPA-HQ-OW-2009-0819-6631,EPA-HQ-OW-2009-0819,individual,individual
EPA-HQ-OW-2009-0819-6634,EPA-HQ-OW-2009-0819,individual,organizational
EPA-HQ-OW-2009-0819-6637,EPA-HQ-OW-2009-0819,organizational,individual
EPA-HQ-OW-2009-0819-6650,EPA-HQ-OW-2009-0819,organizational,individual
EPA-HQ-OAR-2010-0682-0952,EPA-HQ-OAR-2010-0682,organizational,individual
EPA-HQ-OAR-2010-0682-0965,EPA-HQ-OAR-2010-0682,organizational,individual
EPA-HQ-OAR-2017-0355-10194,EPA-HQ-OAR-2017-0355,organizational,individual
EPA-HQ-OAR-2017-0355-11709,EPA-HQ-OAR-2017-0355,organizational,individual
EPA-HQ-OAR-2017-0355-11839,EPA-HQ-OAR-2017-0355,organizational,individual
EPA-HQ-OAR-2017-0355-11888,EPA-HQ-OAR-2017-0355,organizational,individual
EPA-HQ-OAR-2017-0355-12522,EPA-HQ-OAR-2017-0355,organizational,individual
EPA-HQ-OAR-2017-0355-13298,EPA-HQ-OAR-2017-0355,organizational,individual
EPA-HQ-OAR-2017-0355-14149,EPA-HQ-OAR-2017-0355,organizational,individual
EPA-HQ-OAR-2017-0355-14611,EPA-HQ-OAR-2017-0355,organizational,individual
EPA-HQ-OAR-2017-0355-17602,EPA-HQ-OAR-2017-0355,organizational,individual
EPA-HQ-OAR-2017-0355-19010,EPA-HQ-OAR-2017-0355,organizational,individual
EPA-HQ-OAR-2017-0355-19510,EPA-HQ-OAR-2017-0355,individual,individual
EPA-HQ-OAR-2017-0355-20086,EPA-HQ-OAR-2017-0355,organizational,individual
EPA-HQ-OAR-2017-0355-20188,EPA-HQ-OAR-2017-0355,organizational,individual
EPA-HQ-OAR-2017-0355-20287,EPA-HQ-OAR-2017-0355,organizational,individual
EPA-HQ-OAR-2017-0355-22202,EPA-HQ-OAR-2017-0355,organizational,other
EPA-HQ-OAR-2017-0355-22220,EPA-HQ-OAR-2017-0355,organizational,individual
EPA-HQ-OAR-2017-0355-22234,EPA-HQ-OAR-2017-0355,organizational,individual
EPA-HQ-OAR-2017-0355-22292,EPA-HQ-OAR-2017-0355,organizational,individual
EPA-HQ-OAR-2017-0355-22296,EPA-HQ-OAR-2017-0355,organizational,individual
EPA-HQ-OAR-2017-0355-22299,EPA-HQ-OAR-2017-0355,organizational,individual
EPA-HQ-OAR-2017-0355-22300,EPA-HQ-OAR-2017-0355,organizational,individual
EPA-HQ-OAR-2017-0355-22301,EPA-HQ-OAR-2017-0355,organizational,individual
EPA-HQ-OAR-2017-0355-22302,EPA-HQ-OAR-2017-0355,organizational,individual
EPA-HQ-OAR-2017-0355-22311,EPA-HQ-OAR-2017-0355,organizational,individual
EPA-HQ-OAR-2017-0355-22324,EPA-HQ-OAR-2017-0355,organizational,individual
EPA-HQ-OAR-2017-0355-22341,EPA-HQ-OAR-2017-0355,organizational,individual
EPA-HQ-OAR-2017-0355-22488,EPA-HQ-OAR-2017-0355,organizational,individual
EPA-HQ-OAR-2017-0355-22490,EPA-HQ-OAR-2017-0355,organizational,individual
EPA-HQ-OAR-2017-0355-22493,EPA-HQ-OAR-2017-0355,individual,individual
EPA-HQ-OAR-2017-0355-22494,EPA-HQ-OAR-2017-0355,individual,individual
EPA-HQ-OAR-2017-0355-22498,EPA-HQ-OAR-2017-0355,organizational,individual
EPA-HQ-OAR-2017-0355-22503,EPA-HQ-OAR-2017-0355,organizational,individual
EPA-HQ-OAR-2017-0355-22506,EPA-HQ-OAR-2017-0355,organizational,individual
EPA-HQ-OAR-2017-0355-22507,EPA-HQ-OAR-2017-0355,individual,individual
EPA-HQ-OAR-2017-0355-22512,EPA-HQ-OAR-2017-0355,individual,individual
EPA-HQ-OAR-2017-0355-22514,EPA-HQ-OAR-2017-0355,individual,individual
EPA-HQ-OAR-2017-0355-22553,EPA-HQ-OAR-2017-0355,organizational,individual
EPA-HQ-OAR-2017-0355-22584,EPA-HQ-OAR-2017-0355,organizational,individual
EPA-HQ-OAR-2017-0355-22585,EPA-HQ-OAR-2017-0355,organizational,individual
EPA-HQ-OAR-2017-0355-22591,EPA-HQ-OAR-2017-0355,individual,individual
EPA-HQ-OAR-2017-0355-22602,EPA-HQ-OAR-2017-0355,organizational,individual
EPA-HQ-OAR-2017-0355-22603,EPA-HQ-OAR-2017-0355,organizational,individual
EPA-HQ-OAR-2017-0355-22631,EPA-HQ-OAR-2017-0355,organizational,individual
EPA-HQ-OAR-2017-0355-22634,EPA-HQ-OAR-2017-0355,organizational,individual
EPA-HQ-OAR-2017-0355-22640,EPA-HQ-OAR-2017-0355,organizational,individual
EPA-HQ-OAR-2017-0355-22641,EPA-HQ-OAR-2017-0355,organizational,individual
EPA-HQ-OAR-2017-0355-22645,EPA-HQ-OAR-2017-0355,organizational,individual
EPA-HQ-OAR-2017-0355-22647,EPA-HQ-OAR-2017-0355,organizational,individual
EPA-HQ-OAR-2017-0355-22664,EPA-HQ-OAR-2017-0355,organizational,individual
EPA-HQ-OAR-2017-0355-22666,EPA-HQ-OAR-2017-0355,organizational,individual
EPA-HQ-OAR-2017-0355-22667,EPA-HQ-OAR-2017-0355,individual,individual
EPA-HQ-OAR-2017-0355-22671,EPA-HQ-OAR-2017-0355,organizational,individual
EPA-HQ-OAR-2017-0355-22672,EPA-HQ-OAR-2017-0355,organizational,individual
EPA-HQ-OAR-2017-0355-22673,EPA-HQ-OAR-2017-0355,individual,individual
EPA-HQ-OAR-2017-0355-22689,EPA-HQ-OAR-2017-0355,organizational,individual
EPA-HQ-OAR-2017-0355-22694,EPA-HQ-OAR-2017-0355,organizational,individual
EPA-HQ-OAR-2017-0355-22695,EPA-HQ-OAR-2017-0355,individual,individual
EPA-HQ-OAR-2017-0355-22708,EPA-HQ-OAR-2017-0355,organizational,individual
EPA-HQ-OAR-2017-0355-22709,EPA-HQ-OAR-2017-0355,organizational,individual
EPA-HQ-OAR-2017-0355-22710,EPA-HQ-OAR-2017-0355,organizational,individual
EPA-HQ-OAR-2017-0355-22711,EPA-HQ-OAR-2017-0355,organizational,individual
EPA-HQ-OAR-2017-0355-22715,EPA-HQ-OAR-2017-0355,organizational,individual
EPA-HQ-OAR-2017-0355-22721,EPA-HQ-OAR-2017-0355,organizational,individual
EPA-HQ-OAR-2017-0355-22724,EPA-HQ-OAR-2017-0355,organizational,individual
EPA-HQ-OAR-2017-0355-22725,EPA-HQ-OAR-2017-0355,individual,individual
EPA-HQ-OAR-2017-0355-22741,EPA-HQ-OAR-2017-0355,organizational,individual
EPA-HQ-OAR-2017-0355-22758,EPA-HQ-OAR-2017-0355,organizational,individual
EPA-HQ-OAR-2017-0355-22760,EPA-HQ-OAR-2017-0355,organizational,individual
EPA-HQ-OAR-2017-0355-22762,EPA-HQ-OAR-2017-0355,individual,individual
EPA-HQ-OAR-2017-0355-22763,EPA-HQ-OAR-2017-0355,organizational,individual
EPA-HQ-OAR-2017-0355-22768,EPA-HQ-OAR-2017-0355,individual,individual
EPA-HQ-OAR-2017-0355-22939,EPA-HQ-OAR-2017-0355,organizational,individual
EPA-HQ-OAR-2017-0355-22965,EPA-HQ-OAR-2017-0355,organizational,individual
EPA-HQ-OAR-2017-0355-23005,EPA-HQ-OAR-2017-0355,organizational,individual
EPA-HQ-OAR-2017-0355-23055,EPA-HQ-OAR-2017-0355,individual,individual
EPA-HQ-OAR-2017-0355-23153,EPA-HQ-OAR-2017-0355,organizational,individual
EPA-HQ-OAR-2017-0355-23444,EPA-HQ-OAR-2017-0355,organizational,individual
EPA-HQ-OAR-2017-0355-23463,EPA-HQ-OAR-2017-0355,organizational,individual
EPA-HQ-OAR-2017-0355-23885,EPA-HQ-OAR-2017-0355,individual,individual
EPA-HQ-OAR-2017-0355-23900,EPA-HQ-OAR-2017-0355,individual,individual
EPA-HQ-OAR-2017-0355-23916,EPA-HQ-OAR-2017-0355,individual,individual
EPA-HQ-OAR-2017-0355-23917,EPA-HQ-OAR-2017-0355,individual,individual
EPA-HQ-OAR-2017-0355-23928,EPA-HQ-OAR-2017-0355,individual,individual
EPA-HQ-OAR-2017-0355-23932,EPA-HQ-OAR-2017-0355,individual,individual
EPA-HQ-OAR-2017-0355-23953,EPA-HQ-OAR-2017-0355,individual,individual
EPA-HQ-OAR-2017-0355-24204,EPA-HQ-OAR-2017-0355,individual,individual
EPA-HQ-OAR-2017-0355-24306,EPA-HQ-OAR-2017-0355,individual,individual
EPA-HQ-OAR-2017-0355-24314,EPA-HQ-OAR-2017-0355,individual,individual
EPA-HQ-OAR-2017-0355-24322,EPA-HQ-OAR-2017-0355,individual,individual
EPA-HQ-OAR-2017-0355-24472,EPA-HQ-OAR-2017-0355,individual,individual
EPA-HQ-OAR-2017-0355-24475,EPA-HQ-OAR-2017-0355,individual,individual
EPA-HQ-OAR-2017-0355-24577,EPA-HQ-OAR-2017-0355,individual,individual
EPA-HQ-OAR-2017-0355-24697,EPA-HQ-OAR-2017-0355,individual,individual
EPA-HQ-OAR-2017-0355-24712,EPA-HQ-OAR-2017-0355,individual,individual
EPA-HQ-OAR-2017-0355-24733,EPA-HQ-OAR-2017-0355,individual,individual
EPA-HQ-OAR-2017-0355-24758,EPA-HQ-OAR-2017-0355,individual,individual
EPA-HQ-OAR-2017-0355-25024,EPA-HQ-OAR-2017-0355,organizational,individual
EPA-HQ-OAR-2017-0355-25100,EPA-HQ-OAR-2017-0355,individual,individual
EPA-HQ-OAR-2017-0355-25101,EPA-HQ-OAR-2017-0355,organizational,individual
EPA-HQ-OAR-2017-0355-25144,EPA-HQ-OAR-2017-0355,individual,individual
EPA-HQ-OAR-2017-0355-25152,EPA-HQ-OAR-2017-0355,individual,individual
EPA-HQ-OAR-2017-0355-25161,EPA-HQ-OAR-2017-0355,individual,individual
EPA-HQ-OAR-2017-0355-25173,EPA-HQ-OAR-2017-0355,individual,individual
EPA-HQ-OAR-2017-0355-25280,EPA-HQ-OAR-2017-0355,individual,individual
EPA-HQ-OAR-2017-0355-25293,EPA-HQ-OAR-2017-0355,individual,individual
EPA-HQ-OAR-2017-0355-25296,EPA-HQ-OAR-2017-0355,individual,individual
EPA-HQ-OAR-2017-0355-25312,EPA-HQ-OAR-2017-0355,individual,individual
EPA-HQ-OAR-2017-0355-25339,EPA-HQ-OAR-2017-0355,individual,individual
EPA-HQ-OAR-2017-0355-25365,EPA-HQ-OAR-2017-0355,individual,individual
EPA-HQ-OAR-2017-0355-25504,EPA-HQ-OAR-2017-0355,individual,individual
EPA-HQ-OAR-2017-0355-25507,EPA-HQ-OAR-2017-0355,individual,individual
EPA-HQ-OAR-2017-0355-25520,EPA-HQ-OAR-2017-0355,individual,individual
EPA-HQ-OAR-2017-0355-25522,EPA-HQ-OAR-2017-0355,individual,individual
EPA-HQ-OAR-2017-0355-25527,EPA-HQ-OAR-2017-0355,individual,individual
EPA-HQ-OAR-2017-0355-25547,EPA-HQ-OAR-2017-0355,individual,individual
EPA-HQ-OAR-2017-0355-25555,EPA-HQ-OAR-2017-0355,individual,individual
EPA-HQ-OAR-2017-0355-25601,EPA-HQ-OAR-2017-0355,individual,individual
EPA-HQ-OAR-2017-0355-25616,EPA-HQ-OAR-2017-0355,individual,individual
EPA-HQ-OAR-2017-0355-25627,EPA-HQ-OAR-2017-0355,individual,individual
EPA-HQ-OAR-2017-0355-25644,EPA-HQ-OAR-2017-0355,individual,individual
EPA-HQ-OAR-2017-0355-25647,EPA-HQ-OAR-2017-0355,individual,individual
EPA-HQ-OAR-2017-0355-25659,EPA-HQ-OAR-2017-0355,individual,individual
EPA-HQ-OAR-2017-0355-25662,EPA-HQ-OAR-2017-0355,individual,individual
EPA-HQ-OAR-2017-0355-25667,EPA-HQ-OAR-2017-0355,individual,individual
EPA-HQ-OAR-2017-0355-25710,EPA-HQ-OAR-2017-0355,individual,individual
EPA-HQ-OAR-2017-0355-25746,EPA-HQ-OAR-2017-0355,individual,individual
EPA-HQ-OAR-2017-0355-25755,EPA-HQ-OAR-2017-0355,individual,individual
EPA-HQ-OAR-2017-0355-25785,EPA-HQ-OAR-2017-0355,individual,individual
EPA-HQ-OAR-2017-0355-25812,EPA-HQ-OAR-2017-0355,individual,individual
EPA-HQ-OAR-2017-0355-25841,EPA-HQ-OAR-2017-0355,individual,individual
EPA-HQ-OAR-2017-0355-25865,EPA-HQ-OAR-2017-0355,individual,individual
EPA-HQ-OAR-2017-0355-25869,EPA-HQ-OAR-2017-0355,individual,individual
EPA-HQ-OAR-2017-0355-26372,EPA-HQ-OAR-2017-0355,individual,individual
EPA-HQ-OAR-2017-0355-26581,EPA-HQ-OAR-2017-0355,individual,organizational
EPA-HQ-OAR-2017-0355-6611,EPA-HQ-OAR-2017-0355,organizational,individual
EPA-HQ-OAR-2017-0355-6671,EPA-HQ-OAR-2017-0355,organizational,individual
EPA-HQ-OAR-2017-0355-7513,EPA-HQ-OAR-2017-0355,organizational,individual
EPA-HQ-OAR-2017-0355-7917,EPA-HQ-OAR-2017-0355,individual,individual
EPA-HQ-OAR-2017-0355-7929,EPA-HQ-OAR-2017-0355,organizational,individual
EPA-HQ-OAR-2017-0355-9388,EPA-HQ-OAR-2017-0355,organizational,individual
EPA-HQ-OAR-2017-0355-9584,EPA-HQ-OAR-2017-0355,organizational,individual
EPA-HQ-OAR-2017-0355-9931,EPA-HQ-OAR-2017-0355,organizational,individual
EPA-HQ-OAR-2017-0483-0085,EPA-HQ-OAR-2017-0483,organizational,individual
EPA-HQ-OAR-2017-0483-0088,EPA-HQ-OAR-2017-0483,individual,individual
EPA-HQ-OAR-2017-0483-0105,EPA-HQ-OAR-2017-0483,organizational,individual
EPA-HQ-OAR-2017-0483-0106,EPA-HQ-OAR-2017-0483,organizational,individual
EPA-HQ-OAR-2017-0483-0109,EPA-HQ-OAR-2017-0483,individual,individual
EPA-HQ-OAR-2017-0483-0111,EPA-HQ-OAR-2017-0483,individual,individual
EPA-HQ-OAR-2017-0483-0146,EPA-HQ-OAR-2017-0483,organizational,individual
EPA-HQ-OAR-2017-0483-0208,EPA-HQ-OAR-2017-0483,organizational,individual
EPA-HQ-OAR-2017-0483-0241,EPA-HQ-OAR-2017-0483,organizational,individual
EPA-HQ-OAR-2017-0483-0246,EPA-HQ-OAR-2017-0483,organizational,individual
EPA-HQ-OAR-2017-0483-0249,EPA-HQ-OAR-2017-0483,organizational,individual
EPA-HQ-OAR-2017-0483-0276,EPA-HQ-OAR-2017-0483,organizational,individual
EPA-HQ-OAR-2017-0483-0281,EPA-HQ-OAR-2017-0483,organizational,individual
EPA-HQ-OAR-2017-0483-0296,EPA-HQ-OAR-2017-0483,organizational,individual
EPA-HQ-OAR-2017-0483-0732,EPA-HQ-OAR-2017-0483,individual,individual
EPA-HQ-OAR-2017-0483-0760,EPA-HQ-OAR-2017-0483,individual,individual
EPA-HQ-OAR-2017-0483-0773,EPA-HQ-OAR-2017-0483,individual,organizational
EPA-HQ-OAR-2017-0483-0798,EPA-HQ-OAR-2017-0483,individual,organizational
EPA-HQ-OAR-2017-0483-0800,EPA-HQ-OAR-2017-0483,individual,organizational
EPA-HQ-OAR-2017-0483-0826,EPA-HQ-OAR-2017-0483,organizational,individual
EPA-HQ-OAR-2017-0483-0836,EPA-HQ-OAR-2017-0483,individual,individual
EPA-HQ-OAR-2017-0483-0854,EPA-HQ-OAR-2017-0483,organizational,individual
EPA-HQ-OAR-2017-0483-0882,EPA-HQ-OAR-2017-0483,individual,individual
EPA-HQ-OAR-2017-0483-1002,EPA-HQ-OAR-2017-0483,individual,organizational
EPA-HQ-OAR-2017-0483-1061,EPA-HQ-OAR-2017-0483,individual,individual
EPA-HQ-OAR-2017-0483-1127,EPA-HQ-OAR-2017-0483,individual,individual
EPA-HQ-OAR-2017-0483-1140,EPA-HQ-OAR-2017-0483,individual,organizational
EPA-HQ-OAR-2017-0483-1229,EPA-HQ-OAR-2017-0483,individual,organizational
EPA-HQ-OAR-2017-0483-1234,EPA-HQ-OAR-2017-0483,individual,organizational
EPA-HQ-OAR-2017-0483-1239,EPA-HQ-OAR-2017-0483,organizational,individual
EPA-HQ-OAR-2017-0483-1440,EPA-HQ-OAR-2017-0483,organizational,individual
EPA-HQ-OAR-2017-0483-1469,EPA-HQ-OAR-2017-0483,organizational,individual
EPA-HQ-OAR-2017-0483-1524,EPA-HQ-OAR-2017-0483,organizational,individual
EPA-HQ-OAR-2017-0483-1585,EPA-HQ-OAR-2017-0483,organizational,individual
EPA-HQ-OAR-2017-0483-1588,EPA-HQ-OAR-2017-0483,organizational,other
EPA-HQ-OLEM-2017-0286-0025,EPA-HQ-OLEM-2017-0286,organizational,individual
EPA-HQ-OLEM-2017-0286-0030,EPA-HQ-OLEM-2017-0286,organizational,individual
EPA-HQ-OLEM-2017-0286-0033,EPA-HQ-OLEM-2017-0286,organizational,individual
EPA-HQ-OLEM-2017-0286-0052,EPA-HQ-OLEM-2017-0286,individual,individual
EPA-HQ-OLEM-2017-0286-0053,EPA-HQ-OLEM-2017-0286,individual,individual
EPA-HQ-OLEM-2017-0286-0058,EPA-HQ-OLEM-2017-0286,individual,individual
EPA-HQ-OLEM-2017-0286-0124,EPA-HQ-OLEM-2017-0286,organizational,other
EPA-HQ-OLEM-2017-0286-0145,EPA-HQ-OLEM-2017-0286,individual,organizational
EPA-HQ-OLEM-2017-0286-0156,EPA-HQ-OLEM-2017-0286,organizational,individual
EPA-HQ-OLEM-2017-0286-0157,EPA-HQ-OLEM-2017-0286,organizational,individual
EPA-HQ-OLEM-2017-0286-0160,EPA-HQ-OLEM-2017-0286,organizational,individual
EPA-HQ-OLEM-2017-0286-0169,EPA-HQ-OLEM-2017-0286,organizational,individual
EPA-HQ-OLEM-2017-0286-0176,EPA-HQ-OLEM-2017-0286,organizational,individual
EPA-HQ-OLEM-2017-0286-0177,EPA-HQ-OLEM-2017-0286,organizational,individual
EPA-HQ-OLEM-2017-0286-0183,EPA-HQ-OLEM-2017-0286,organizational,individual
EPA-HQ-OLEM-2017-0286-0185,EPA-HQ-OLEM-2017-0286,organizational,individual
EPA-HQ-OLEM-2017-0286-0191,EPA-HQ-OLEM-2017-0286,organizational,individual
EPA-HQ-OLEM-2017-0286-0192,EPA-HQ-OLEM-2017-0286,organizational,individual
EPA-HQ-OLEM-2017-0286-0194,EPA-HQ-OLEM-2017-0286,organizational,individual
EPA-HQ-OLEM-2017-0286-0195,EPA-HQ-OLEM-2017-0286,organizational,individual
EPA-HQ-OLEM-2017-0286-0207,EPA-HQ-OLEM-2017-0286,organizational,individual
EPA-HQ-OLEM-2017-0286-0226,EPA-HQ-OLEM-2017-0286,organizational,individual
EPA-HQ-OLEM-2017-0286-0229,EPA-HQ-OLEM-2017-0286,organizational,individual
EPA-HQ-OLEM-2017-0286-0235,EPA-HQ-OLEM-2017-0286,organizational,individual
EPA-HQ-OLEM-2017-0286-0236,EPA-HQ-OLEM-2017-0286,organizational,individual
EPA-HQ-OLEM-2017-0286-0237,EPA-HQ-OLEM-2017-0286,organizational,individual
EPA-HQ-OLEM-2017-0286-0238,EPA-HQ-OLEM-2017-0286,organizational,individual
EPA-HQ-OLEM-2017-0286-0239,EPA-HQ-OLEM-2017-0286,organizational,individual
EPA-HQ-OLEM-2017-0286-0240,EPA-HQ-OLEM-2017-0286,organizational,individual
EPA-HQ-OLEM-2017-0286-0242,EPA-HQ-OLEM-2017-0286,organizational,individual
EPA-HQ-OLEM-2017-0286-0243,EPA-HQ-OLEM-2017-0286,organizational,individual
EPA-HQ-OLEM-2017-0286-0244,EPA-HQ-OLEM-2017-0286,organizational,individual
EPA-HQ-OLEM-2017-0286-0245,EPA-HQ-OLEM-2017-0286,organizational,individual
EPA-HQ-OLEM-2017-0286-0246,EPA-HQ-OLEM-2017-0286,organizational,individual
EPA-HQ-OLEM-2017-0286-0248,EPA-HQ-OLEM-2017-0286,organizational,individual
EPA-HQ-OLEM-2017-0286-0249,EPA-HQ-OLEM-2017-0286,organizational,individual
EPA-HQ-OLEM-2017-0286-0250,EPA-HQ-OLEM-2017-0286,organizational,individual
EPA-HQ-OLEM-2017-0286-0251,EPA-HQ-OLEM-2017-0286,organizational,individual
EPA-HQ-OLEM-2017-0286-0252,EPA-HQ-OLEM-2017-0286,organizational,individual
EPA-HQ-OLEM-2017-0286-0253,EPA-HQ-OLEM-2017-0286,organizational,individual
EPA-HQ-OLEM-2017-0286-0254,EPA-HQ-OLEM-2017-0286,organizational,individual
EPA-HQ-OLEM-2017-0286-0255,EPA-HQ-OLEM-2017-0286,organizational,individual
EPA-HQ-OLEM-2017-0286-0256,EPA-HQ-OLEM-2017-0286,organizational,individual
EPA-HQ-OLEM-2017-0286-0257,EPA-HQ-OLEM-2017-0286,organizational,individual
EPA-HQ-OLEM-2017-0286-0258,EPA-HQ-OLEM-2017-0286,organizational,individual
EPA-HQ-OLEM-2017-0286-0259,EPA-HQ-OLEM-2017-0286,organizational,individual
EPA-HQ-OLEM-2017-0286-0260,EPA-HQ-OLEM-2017-0286,organizational,individual
EPA-HQ-OLEM-2017-0286-0262,EPA-HQ-OLEM-2017-0286,organizational,individual
EPA-HQ-OLEM-2017-0286-0264,EPA-HQ-OLEM-2017-0286,organizational,individual
EPA-HQ-OLEM-2017-0286-0265,EPA-HQ-OLEM-2017-0286,organizational,individual
EPA-HQ-OLEM-2017-0286-0266,EPA-HQ-OLEM-2017-0286,organizational,individual
EPA-HQ-OLEM-2017-0286-0267,EPA-HQ-OLEM-2017-0286,organizational,individual
EPA-HQ-OLEM-2017-0286-0269,EPA-HQ-OLEM-2017-0286,organizational,individual
EPA-HQ-OLEM-2017-0286-0270,EPA-HQ-OLEM-2017-0286,organizational,individual
EPA-HQ-OLEM-2017-0286-0272,EPA-HQ-OLEM-2017-0286,organizational,individual
EPA-HQ-OLEM-2017-0286-0273,EPA-HQ-OLEM-2017-0286,organizational,individual
EPA-HQ-OLEM-2017-0286-0274,EPA-HQ-OLEM-2017-0286,organizational,individual
EPA-HQ-OLEM-2017-0286-0275,EPA-HQ-OLEM-2017-0286,organizational,individual
EPA-HQ-OLEM-2017-0286-0276,EPA-HQ-OLEM-2017-0286,organizational,individual
EPA-HQ-OLEM-2017-0286-0277,EPA-HQ-OLEM-2017-0286,organizational,individual
EPA-HQ-OLEM-2017-0286-0278,EPA-HQ-OLEM-2017-0286,organizational,individual
EPA-HQ-OLEM-2017-0286-0279,EPA-HQ-OLEM-2017-0286,organizational,individual
EPA-HQ-OLEM-2017-0286-0280,EPA-HQ-OLEM-2017-0286,organizational,individual
EPA-HQ-OLEM-2017-0286-0281,EPA-HQ-OLEM-2017-0286,organizational,individual
EPA-HQ-OLEM-2017-0286-0282,EPA-HQ-OLEM-2017-0286,organizational,individual
EPA-HQ-OLEM-2017-0286-0283,EPA-HQ-OLEM-2017-0286,organizational,individual
EPA-HQ-OLEM-2017-0286-0284,EPA-HQ-OLEM-2017-0286,organizational,individual
EPA-HQ-OLEM-2017-0286-0285,EPA-HQ-OLEM-2017-0286,organizational,individual
EPA-HQ-OLEM-2017-0286-0286,EPA-HQ-OLEM-2017-0286,organizational,individual
EPA-HQ-OLEM-2017-0286-0287,EPA-HQ-OLEM-2017-0286,organizational,individual
EPA-HQ-OLEM-2017-0286-0288,EPA-HQ-OLEM-2017-0286,organizational,individual
EPA-HQ-OLEM-2017-0286-0289,EPA-HQ-OLEM-2017-0286,organizational,individual
EPA-HQ-OLEM-2017-0286-0290,EPA-HQ-OLEM-2017-0286,organizational,individual
EPA-HQ-OLEM-2017-0286-0295,EPA-HQ-OLEM-2017-0286,individual,individual
EPA-HQ-OLEM-2017-0286-0306,EPA-HQ-OLEM-2017-0286,organizational,individual
EPA-HQ-OLEM-2017-0286-0307,EPA-HQ-OLEM-2017-0286,organizational,individual
EPA-HQ-OLEM-2017-0286-0312,EPA-HQ-OLEM-2017-0286,organizational,individual
EPA-HQ-OLEM-2017-0286-0313,EPA-HQ-OLEM-2017-0286,organizational,individual
EPA-HQ-OLEM-2017-0286-0314,EPA-HQ-OLEM-2017-0286,organizational,individual
EPA-HQ-OLEM-2017-0286-0316,EPA-HQ-OLEM-2017-0286,organizational,individual
EPA-HQ-OLEM-2017-0286-0317,EPA-HQ-OLEM-2017-0286,organizational,individual
EPA-HQ-OLEM-2017-0286-0318,EPA-HQ-OLEM-2017-0286,organizational,individual
EPA-HQ-OLEM-2017-0286-0319,EPA-HQ-OLEM-2017-0286,organizational,individual
EPA-HQ-OLEM-2017-0286-0320,EPA-HQ-OLEM-2017-0286,organizational,individual
EPA-HQ-OLEM-2017-0286-0321,EPA-HQ-OLEM-2017-0286,organizational,individual
EPA-HQ-OLEM-2017-0286-0323,EPA-HQ-OLEM-2017-0286,organizational,individual
EPA-HQ-OLEM-2017-0286-0324,EPA-HQ-OLEM-2017-0286,organizational,individual
EPA-HQ-OLEM-2017-0286-0325,EPA-HQ-OLEM-2017-0286,organizational,individual
EPA-HQ-OLEM-2017-0286-0326,EPA-HQ-OLEM-2017-0286,organizational,individual
EPA-HQ-OLEM-2017-0286-0327,EPA-HQ-OLEM-2017-0286,organizational,individual
EPA-HQ-OLEM-2017-0286-0328,EPA-HQ-OLEM-2017-0286,organizational,individual
EPA-HQ-OLEM-2017-0286-0329,EPA-HQ-OLEM-2017-0286,organizational,individual
EPA-HQ-OLEM-2017-0286-0330,EPA-HQ-OLEM-2017-0286,organizational,individual
EPA-HQ-OLEM-2017-0286-0331,EPA-HQ-OLEM-2017-0286,organizational,individual
EPA-HQ-OLEM-2017-0286-0333,EPA-HQ-OLEM-2017-0286,organizational,individual
EPA-HQ-OLEM-2017-0286-0335,EPA-HQ-OLEM-2017-0286,organizational,individual
EPA-HQ-OLEM-2017-0286-0336,EPA-HQ-OLEM-2017-0286,organizational,individual
EPA-HQ-OLEM-2017-0286-0337,EPA-HQ-OLEM-2017-0286,organizational,individual
EPA-HQ-OLEM-2017-0286-0342,EPA-HQ-OLEM-2017-0286,organizational,individual
EPA-HQ-OLEM-2017-0286-0352,EPA-HQ-OLEM-2017-0286,organizational,individual
EPA-HQ-OLEM-2017-0286-0381,EPA-HQ-OLEM-2017-0286,organizational,individual
EPA-HQ-OLEM-2017-0286-0388,EPA-HQ-OLEM-2017-0286,organizational,individual
EPA-HQ-OLEM-2017-0286-0391,EPA-HQ-OLEM-2017-0286,organizational,individual
EPA-HQ-OLEM-2017-0286-0393,EPA-HQ-OLEM-2017-0286,organizational,individual
EPA-HQ-OLEM-2017-0286-0399,EPA-HQ-OLEM-2017-0286,organizational,individual
EPA-HQ-OLEM-2017-0286-0401,EPA-HQ-OLEM-2017-0286,organizational,individual
EPA-HQ-OLEM-2017-0286-0402,EPA-HQ-OLEM-2017-0286,organizational,individual
EPA-HQ-OLEM-2017-0286-0403,EPA-HQ-OLEM-2017-0286,organizational,individual
EPA-HQ-OLEM-2017-0286-0404,EPA-HQ-OLEM-2017-0286,organizational,individual
EPA-HQ-OLEM-2017-0286-0405,EPA-HQ-OLEM-2017-0286,organizational,individual
EPA-HQ-OLEM-2017-0286-0409,EPA-HQ-OLEM-2017-0286,organizational,individual
EPA-HQ-OLEM-2017-0286-0410,EPA-HQ-OLEM-2017-0286,organizational,individual
EPA-HQ-OLEM-2017-0286-0411,EPA-HQ-OLEM-2017-0286,organizational,individual
EPA-HQ-OLEM-2017-0286-0412,EPA-HQ-OLEM-2017-0286,organizational,individual
EPA-HQ-OLEM-2017-0286-0413,EPA-HQ-OLEM-2017-0286,organizational,individual
EPA-HQ-OLEM-2017-0286-0414,EPA-HQ-OLEM-2017-0286,organizational,individual
EPA-HQ-OLEM-2017-0286-0415,EPA-HQ-OLEM-2017-0286,organizational,individual
EPA-HQ-OLEM-2017-0286-0416,EPA-HQ-OLEM-2017-0286,organizational,individual
EPA-HQ-OLEM-2017-0286-0417,EPA-HQ-OLEM-2017-0286,organizational,individual
EPA-HQ-OLEM-2017-0286-0419,EPA-HQ-OLEM-2017-0286,organizational,individual
EPA-HQ-OLEM-2017-0286-0420,EPA-HQ-OLEM-2017-0286,organizational,individual
EPA-HQ-OLEM-2017-0286-0421,EPA-HQ-OLEM-2017-0286,organizational,individual
EPA-HQ-OLEM-2017-0286-0422,EPA-HQ-OLEM-2017-0286,organizational,individual
EPA-HQ-OLEM-2017-0286-0424,EPA-HQ-OLEM-2017-0286,organizational,individual
EPA-HQ-OLEM-2017-0286-0426,EPA-HQ-OLEM-2017-0286,organizational,individual
EPA-HQ-OLEM-2017-0286-0428,EPA-HQ-OLEM-2017-0286,organizational,individual
EPA-HQ-OLEM-2017-0286-0430,EPA-HQ-OLEM-2017-0286,organizational,individual
EPA-HQ-OLEM-2017-0286-0431,EPA-HQ-OLEM-2017-0286,organizational,individual
EPA-HQ-OLEM-2017-0286-0432,EPA-HQ-OLEM-2017-0286,organizational,individual
EPA-HQ-OLEM-2017-0286-0433,EPA-HQ-OLEM-2017-0286,organizational,individual
EPA-HQ-OLEM-2017-0286-0435,EPA-HQ-OLEM-2017-0286,organizational,individual
EPA-HQ-OLEM-2017-0286-0436,EPA-HQ-OLEM-2017-0286,organizational,individual
EPA-HQ-OLEM-2017-0286-0437,EPA-HQ-OLEM-2017-0286,organizational,individual
EPA-HQ-OLEM-2017-0286-0438,EPA-HQ-OLEM-2017-0286,organizational,individual
EPA-HQ-OLEM-2017-0286-0439,EPA-HQ-OLEM-2017-0286,organizational,individual
EPA-HQ-OLEM-2017-0286-0440,EPA-HQ-OLEM-2017-0286,organizational,individual
EPA-HQ-OLEM-2017-0286-0441,EPA-HQ-OLEM-2017-0286,organizational,individual
EPA-HQ-OLEM-2017-0286-0442,EPA-HQ-OLEM-2017-0286,organizational,individual
EPA-HQ-OLEM-2017-0286-0443,EPA-HQ-OLEM-2017-0286,organizational,individual
EPA-HQ-OLEM-2017-0286-0444,EPA-HQ-OLEM-2017-0286,organizational,individual
EPA-HQ-OLEM-2017-0286-0446,EPA-HQ-OLEM-2017-0286,organizational,individual
EPA-HQ-OLEM-2017-0286-0447,EPA-HQ-OLEM-2017-0286,organizational,individual
EPA-HQ-OLEM-2017-0286-0449,EPA-HQ-OLEM-2017-0286,organizational,individual
EPA-HQ-OLEM-2017-0286-0450,EPA-HQ-OLEM-2017-0286,organizational,individual
EPA-HQ-OLEM-2017-0286-0451,EPA-HQ-OLEM-2017-0286,organizational,individual
EPA-HQ-OLEM-2017-0286-0452,EPA-HQ-OLEM-2017-0286,organizational,individual
EPA-HQ-OLEM-2017-0286-0454,EPA-HQ-OLEM-2017-0286,organizational,individual
EPA-HQ-OLEM-2017-0286-0455,EPA-HQ-OLEM-2017-0286,organizational,individual
EPA-HQ-OLEM-2017-0286-0456,EPA-HQ-OLEM-2017-0286,organizational,individual
EPA-HQ-OLEM-2017-0286-0457,EPA-HQ-OLEM-2017-0286,organizational,individual
EPA-HQ-OLEM-2017-0286-0458,EPA-HQ-OLEM-2017-0286,organizational,individual
EPA-HQ-OLEM-2017-0286-0462,EPA-HQ-OLEM-2017-0286,organizational,individual
EPA-HQ-OLEM-2017-0286-0464,EPA-HQ-OLEM-2017-0286,organizational,individual
EPA-HQ-OLEM-2017-0286-0468,EPA-HQ-OLEM-2017-0286,organizational,individual
EPA-HQ-OLEM-2017-0286-0469,EPA-HQ-OLEM-2017-0286,organizational,individual
EPA-HQ-OLEM-2017-0286-0473,EPA-HQ-OLEM-2017-0286,organizational,individual
EPA-HQ-OLEM-2017-0286-0490,EPA-HQ-OLEM-2017-0286,organizational,individual
EPA-HQ-OLEM-2017-0286-0493,EPA-HQ-OLEM-2017-0286,individual,individual
EPA-HQ-OLEM-2017-0286-0496,EPA-HQ-OLEM-2017-0286,organizational,individual
EPA-HQ-OLEM-2017-0286-0497,EPA-HQ-OLEM-2017-0286,individual,individual
EPA-HQ-OLEM-2017-0286-0498,EPA-HQ-OLEM-2017-0286,organizational,individual
EPA-HQ-OLEM-2017-0286-0501,EPA-HQ-OLEM-2017-0286,organizational,individual
EPA-HQ-OLEM-2017-0286-0502,EPA-HQ-OLEM-2017-0286,organizational,individual
EPA-HQ-OLEM-2017-0286-0504,EPA-HQ-OLEM-2017-0286,organizational,individual
EPA-HQ-OLEM-2017-0286-0508,EPA-HQ-OLEM-2017-0286,organizational,individual
EPA-HQ-OLEM-2017-0286-0509,EPA-HQ-OLEM-2017-0286,organizational,individual
EPA-HQ-OLEM-2017-0286-0512,EPA-HQ-OLEM-2017-0286,organizational,individual
EPA-HQ-OLEM-2017-0286-0517,EPA-HQ-OLEM-2017-0286,organizational,individual
EPA-HQ-OLEM-2017-0286-0520,EPA-HQ-OLEM-2017-0286,organizational,individual
EPA-HQ-OLEM-2017-0286-0523,EPA-HQ-OLEM-2017-0286,organizational,individual
EPA-HQ-OLEM-2017-0286-0525,EPA-HQ-OLEM-2017-0286,organizational,individual
EPA-HQ-OLEM-2017-0286-0526,EPA-HQ-OLEM-2017-0286,organizational,individual
EPA-HQ-OLEM-2017-0286-0532,EPA-HQ-OLEM-2017-0286,individual,organizational
EPA-HQ-OLEM-2017-0286-0535,EPA-HQ-OLEM-2017-0286,organizational,individual
EPA-HQ-OLEM-2017-0286-0536,EPA-HQ-OLEM-2017-0286,organizational,individual
EPA-HQ-OLEM-2017-0286-0537,EPA-HQ-OLEM-2017-0286,organizational,individual
EPA-HQ-OLEM-2017-0286-0540,EPA-HQ-OLEM-2017-0286,organizational,individual
EPA-HQ-OLEM-2017-0286-0541,EPA-HQ-OLEM-2017-0286,organizational,individual
EPA-HQ-OLEM-2017-0286-0545,EPA-HQ-OLEM-2017-0286,organizational,individual
EPA-HQ-OLEM-2017-0286-0623,EPA-HQ-OLEM-2017-0286,organizational,individual
EPA-HQ-OLEM-2017-0286-0628,EPA-HQ-OLEM-2017-0286,organizational,individual
EPA-HQ-OLEM-2017-0286-0629,EPA-HQ-OLEM-2017-0286,organizational,individual
EPA-HQ-OLEM-2017-0286-0630,EPA-HQ-OLEM-2017-0286,organizational,individual
EPA-HQ-OLEM-2017-0286-0631,EPA-HQ-OLEM-2017-0286,organizational,individual
EPA-HQ-OLEM-2017-0286-0632,EPA-HQ-OLEM-2017-0286,organizational,individual
EPA-HQ-OLEM-2017-0286-0633,EPA-HQ-OLEM-2017-0286,organizational,individual
EPA-HQ-OLEM-2017-0286-0654,EPA-HQ-OLEM-2017-0286,individual,individual
EPA-HQ-OLEM-2017-0286-0665,EPA-HQ-OLEM-2017-0286,organizational,individual
EPA-HQ-OLEM-2017-0286-0680,EPA-HQ-OLEM-2017-0286,organizational,individual
EPA-HQ-OLEM-2017-0286-0691,EPA-HQ-OLEM-2017-0286,individual,individual
EPA-HQ-OLEM-2017-0286-0702,EPA-HQ-OLEM-2017-0286,organizational,individual
EPA-HQ-OLEM-2017-0286-0705,EPA-HQ-OLEM-2017-0286,organizational,individual
EPA-HQ-OLEM-2017-0286-0719,EPA-HQ-OLEM-2017-0286,organizational,individual
EPA-HQ-OLEM-2017-0286-0729,EPA-HQ-OLEM-2017-0286,individual,individual
EPA-HQ-OLEM-2017-0286-0730,EPA-HQ-OLEM-2017-0286,organizational,individual
EPA-HQ-OLEM-2017-0286-0732,EPA-HQ-OLEM-2017-0286,individual,individual
EPA-HQ-OLEM-2017-0286-0773,EPA-HQ-OLEM-2017-0286,individual,individual
EPA-HQ-OLEM-2017-0286-0777,EPA-HQ-OLEM-2017-0286,individual,individual
EPA-HQ-OLEM-2017-0286-0791,EPA-HQ-OLEM-2017-0286,organizational,individual
EPA-HQ-OLEM-2017-0286-0795,EPA-HQ-OLEM-2017-0286,organizational,individual
EPA-HQ-OLEM-2017-0286-0799,EPA-HQ-OLEM-2017-0286,individual,individual
EPA-HQ-OLEM-2017-0286-0803,EPA-HQ-OLEM-2017-0286,individual,individual
EPA-HQ-OLEM-2017-0286-0804,EPA-HQ-OLEM-2017-0286,individual,individual
EPA-HQ-OLEM-2017-0286-0812,EPA-HQ-OLEM-2017-0286,individual,individual
EPA-HQ-OLEM-2017-0286-0824,EPA-HQ-OLEM-2017-0286,organizational,individual
EPA-HQ-OLEM-2017-0286-0828,EPA-HQ-OLEM-2017-0286,individual,individual
EPA-HQ-OLEM-2017-0286-0829,EPA-HQ-OLEM-2017-0286,individual,individual
EPA-HQ-OLEM-2017-0286-0830,EPA-HQ-OLEM-2017-0286,individual,individual
EPA-HQ-OLEM-2017-0286-0836,EPA-HQ-OLEM-2017-0286,individual,individual
EPA-HQ-OLEM-2017-0286-0841,EPA-HQ-OLEM-2017-0286,individual,individual
EPA-HQ-OLEM-2017-0286-0842,EPA-HQ-OLEM-2017-0286,organizational,individual
EPA-HQ-OLEM-2017-0286-0845,EPA-HQ-OLEM-2017-0286,individual,individual
EPA-HQ-OLEM-2017-0286-0847,EPA-HQ-OLEM-2017-0286,individual,individual
EPA-HQ-OLEM-2017-0286-0852,EPA-HQ-OLEM-2017-0286,individual,individual
EPA-HQ-OLEM-2017-0286-0855,EPA-HQ-OLEM-2017-0286,individual,individual
EPA-HQ-OLEM-2017-0286-0856,EPA-HQ-OLEM-2017-0286,individual,individual
EPA-HQ-OLEM-2017-0286-0857,EPA-HQ-OLEM-2017-0286,individual,individual
EPA-HQ-OLEM-2017-0286-0859,EPA-HQ-OLEM-2017-0286,individual,individual
EPA-HQ-OLEM-2017-0286-0862,EPA-HQ-OLEM-2017-0286,individual,individual
EPA-HQ-OLEM-2017-0286-0863,EPA-HQ-OLEM-2017-0286,individual,individual
EPA-HQ-OLEM-2017-0286-0865,EPA-HQ-OLEM-2017-0286,individual,individual
EPA-HQ-OLEM-2017-0286-0872,EPA-HQ-OLEM-2017-0286,individual,individual
EPA-HQ-OLEM-2017-0286-0874,EPA-HQ-OLEM-2017-0286,individual,individual
EPA-HQ-OLEM-2017-0286-0894,EPA-HQ-OLEM-2017-0286,individual,individual
EPA-HQ-OLEM-2017-0286-0916,EPA-HQ-OLEM-2017-0286,individual,organizational
EPA-HQ-OLEM-2017-0286-0920,EPA-HQ-OLEM-2017-0286,organizational,other
EPA-HQ-OLEM-2017-0286-0927,EPA-HQ-OLEM-2017-0286,individual,organizational
EPA-HQ-OLEM-2017-0286-0937,EPA-HQ-OLEM-2017-0286,organizational,individual
EPA-HQ-OLEM-2017-0286-0953,EPA-HQ-OLEM-2017-0286,individual,individual
EPA-HQ-OLEM-2017-0286-0961,EPA-HQ-OLEM-2017-0286,organizational,individual
EPA-HQ-OLEM-2017-0286-0968,EPA-HQ-OLEM-2017-0286,organizational,individual
EPA-HQ-OLEM-2017-0286-1013,EPA-HQ-OLEM-2017-0286,individual,individual
EPA-HQ-OLEM-2017-0286-1016,EPA-HQ-OLEM-2017-0286,individual,individual
EPA-HQ-OLEM-2017-0286-1022,EPA-HQ-OLEM-2017-0286,individual,individual
EPA-HQ-OLEM-2017-0286-1040,EPA-HQ-OLEM-2017-0286,organizational,individual
EPA-HQ-OLEM-2017-0286-1042,EPA-HQ-OLEM-2017-0286,organizational,individual
EPA-HQ-OLEM-2017-0286-1043,EPA-HQ-OLEM-2017-0286,organizational,individual
EPA-HQ-OLEM-2017-0286-1046,EPA-HQ-OLEM-2017-0286,organizational,individual
EPA-HQ-OLEM-2017-0286-1066,EPA-HQ-OLEM-2017-0286,organizational,individual
EPA-HQ-OLEM-2017-0286-1067,EPA-HQ-OLEM-2017-0286,organizational,individual
EPA-HQ-OLEM-2017-0286-1177,EPA-HQ-OLEM-2017-0286,individual,individual
EPA-HQ-OLEM-2017-0286-1178,EPA-HQ-OLEM-2017-0286,individual,individual
EPA-HQ-OLEM-2017-0286-1197,EPA-HQ-OLEM-2017-0286,organizational,individual
EPA-HQ-OLEM-2017-0286-1199,EPA-HQ-OLEM-2017-0286,organizational,individual
EPA-HQ-OLEM-2017-0286-1212,EPA-HQ-OLEM-2017-0286,organizational,individual
EPA-HQ-OLEM-2017-0286-1214,EPA-HQ-OLEM-2017-0286,individual,individual
EPA-HQ-OLEM-2017-0286-1234,EPA-HQ-OLEM-2017-0286,organizational,individual
EPA-HQ-OLEM-2017-0286-1236,EPA-HQ-OLEM-2017-0286,organizational,individual
EPA-HQ-OLEM-2017-0286-1243,EPA-HQ-OLEM-2017-0286,individual,organizational
EPA-HQ-OLEM-2017-0286-1266,EPA-HQ-OLEM-2017-0286,organizational,individual
EPA-HQ-OLEM-2017-0286-1279,EPA-HQ-OLEM-2017-0286,individual,individual
EPA-HQ-OLEM-2017-0286-1285,EPA-HQ-OLEM-2017-0286,organizational,individual
EPA-HQ-OLEM-2017-0286-1297,EPA-HQ-OLEM-2017-0286,organizational,individual
EPA-HQ-OLEM-2017-0286-1319,EPA-HQ-OLEM-2017-0286,individual,organizational
EPA-HQ-OLEM-2017-0286-1361,EPA-HQ-OLEM-2017-0286,individual,organizational
EPA-HQ-OLEM-2017-0286-1374,EPA-HQ-OLEM-2017-0286,individual,individual
EPA-HQ-OLEM-2017-0286-1375,EPA-HQ-OLEM-2017-0286,individual,individual
EPA-HQ-OLEM-2017-0286-1377,EPA-HQ-OLEM-2017-0286,individual,individual
EPA-HQ-OLEM-2017-0286-1378,EPA-HQ-OLEM-2017-0286,individual,individual
EPA-HQ-OLEM-2017-0286-1380,EPA-HQ-OLEM-2017-0286,individual,individual
EPA-HQ-OLEM-2017-0286-1393,EPA-HQ-OLEM-2017-0286,organizational,individual
EPA-HQ-OLEM-2017-0286-1401,EPA-HQ-OLEM-2017-0286,individual,organizational
EPA-HQ-OLEM-2017-0286-1425,EPA-HQ-OLEM-2017-0286,organizational,individual
EPA-HQ-OLEM-2017-0286-1431,EPA-HQ-OLEM-2017-0286,individual,individual
EPA-HQ-OLEM-2017-0286-1432,EPA-HQ-OLEM-2017-0286,individual,individual
EPA-HQ-OLEM-2017-0286-1439,EPA-HQ-OLEM-2017-0286,organizational,individual
EPA-HQ-OLEM-2017-0286-1453,EPA-HQ-OLEM-2017-0286,organizational,individual
EPA-HQ-OLEM-2017-0286-1458,EPA-HQ-OLEM-2017-0286,organizational,individual
EPA-HQ-OLEM-2017-0286-1464,EPA-HQ-OLEM-2017-0286,individual,individual
EPA-HQ-OLEM-2017-0286-1466,EPA-HQ-OLEM-2017-0286,organizational,individual
EPA-HQ-OLEM-2017-0286-1467,EPA-HQ-OLEM-2017-0286,organizational,individual
EPA-HQ-OLEM-2017-0286-1473,EPA-HQ-OLEM-2017-0286,organizational,individual
EPA-HQ-OLEM-2017-0286-1475,EPA-HQ-OLEM-2017-0286,organizational,individual
EPA-HQ-OLEM-2017-0286-1476,EPA-HQ-OLEM-2017-0286,organizational,individual
EPA-HQ-OLEM-2017-0286-1477,EPA-HQ-OLEM-2017-0286,organizational,individual
EPA-HQ-OLEM-2017-0286-1478,EPA-HQ-OLEM-2017-0286,organizational,individual
EPA-HQ-OLEM-2017-0286-1485,EPA-HQ-OLEM-2017-0286,organizational,individual
EPA-HQ-OLEM-2017-0286-1503,EPA-HQ-OLEM-2017-0286,individual,individual
EPA-HQ-OLEM-2017-0286-1512,EPA-HQ-OLEM-2017-0286,organizational,individual
EPA-HQ-OLEM-2017-0286-1513,EPA-HQ-OLEM-2017-0286,organizational,individual
EPA-HQ-OLEM-2017-0286-1627,EPA-HQ-OLEM-2017-0286,individual,individual
EPA-HQ-OLEM-2017-0286-1628,EPA-HQ-OLEM-2017-0286,organizational,individual
EPA-HQ-OLEM-2017-0286-1636,EPA-HQ-OLEM-2017-0286,organizational,individual
EPA-HQ-OLEM-2017-0286-1654,EPA-HQ-OLEM-2017-0286,organizational,individual
EPA-HQ-OLEM-2017-0286-1658,EPA-HQ-OLEM-2017-0286,organizational,individual
EPA-HQ-OLEM-2017-0286-1676,EPA-HQ-OLEM-2017-0286,individual,individual
EPA-HQ-OLEM-2017-0286-1684,EPA-HQ-OLEM-2017-0286,organizational,individual
EPA-HQ-OLEM-2017-0286-1685,EPA-HQ-OLEM-2017-0286,organizational,individual
EPA-HQ-OLEM-2017-0286-1688,EPA-HQ-OLEM-2017-0286,organizational,individual
EPA-HQ-OLEM-2017-0286-1690,EPA-HQ-OLEM-2017-0286,organizational,individual
EPA-HQ-OLEM-2017-0286-1701,EPA-HQ-OLEM-2017-0286,individual,organizational
EPA-HQ-OLEM-2017-0286-1709,EPA-HQ-OLEM-2017-0286,individual,individual
EPA-HQ-OLEM-2017-0286-1716,EPA-HQ-OLEM-2017-0286,individual,individual
EPA-HQ-OLEM-2017-0286-1719,EPA-HQ-OLEM-2017-0286,organizational,individual
EPA-HQ-OLEM-2017-0286-1721,EPA-HQ-OLEM-2017-0286,individual,individual
EPA-HQ-OLEM-2017-0286-1722,EPA-HQ-OLEM-2017-0286,individual,individual
EPA-HQ-OLEM-2017-0286-1799,EPA-HQ-OLEM-2017-0286,individual,individual
EPA-HQ-OLEM-2017-0286-1807,EPA-HQ-OLEM-2017-0286,individual,organizational
EPA-HQ-OLEM-2017-0286-1862,EPA-HQ-OLEM-2017-0286,organizational,individual
EPA-HQ-OLEM-2017-0286-1867,EPA-HQ-OLEM-2017-0286,individual,individual
EPA-HQ-OLEM-2017-0286-1870,EPA-HQ-OLEM-2017-0286,individual,individual
EPA-HQ-OLEM-2017-0286-1873,EPA-HQ-OLEM-2017-0286,organizational,individual
EPA-HQ-OLEM-2017-0286-1875,EPA-HQ-OLEM-2017-0286,organizational,individual
EPA-HQ-OLEM-2017-0286-1880,EPA-HQ-OLEM-2017-0286,organizational,individual
EPA-HQ-OLEM-2017-0286-1897,EPA-HQ-OLEM-2017-0286,organizational,individual
EPA-HQ-OLEM-2017-0286-1901,EPA-HQ-OLEM-2017-0286,organizational,individual
EPA-HQ-OLEM-2017-0286-1906,EPA-HQ-OLEM-2017-0286,individual,individual
EPA-HQ-OLEM-2017-0286-1967,EPA-HQ-OLEM-2017-0286,individual,individual
EPA-HQ-OLEM-2017-0286-1968,EPA-HQ-OLEM-2017-0286,individual,individual
EPA-HQ-OLEM-2017-0286-1969,EPA-HQ-OLEM-2017-0286,individual,individual
EPA-HQ-OLEM-2017-0286-1970,EPA-HQ-OLEM-2017-0286,organizational,individual
EPA-HQ-OLEM-2017-0286-1972,EPA-HQ-OLEM-2017-0286,organizational,individual
EPA-HQ-OLEM-2017-0286-1973,EPA-HQ-OLEM-2017-0286,individual,individual
EPA-HQ-OLEM-2017-0286-1974,EPA-HQ-OLEM-2017-0286,individual,individual
EPA-HQ-OLEM-2017-0286-1975,EPA-HQ-OLEM-2017-0286,individual,individual
EPA-HQ-OLEM-2017-0286-1976,EPA-HQ-OLEM-2017-0286,individual,individual
EPA-HQ-OLEM-2017-0286-1977,EPA-HQ-OLEM-2017-0286,individual,individual
EPA-HQ-OLEM-2017-0286-1978,EPA-HQ-OLEM-2017-0286,individual,individual
EPA-HQ-OLEM-2017-0286-1979,EPA-HQ-OLEM-2017-0286,organizational,individual
EPA-HQ-OLEM-2017-0286-1980,EPA-HQ-OLEM-2017-0286,individual,individual
EPA-HQ-OLEM-2017-0286-1981,EPA-HQ-OLEM-2017-0286,individual,individual
EPA-HQ-OLEM-2017-0286-1982,EPA-HQ-OLEM-2017-0286,individual,individual
EPA-HQ-OLEM-2017-0286-1983,EPA-HQ-OLEM-2017-0286,organizational,individual
EPA-HQ-OLEM-2017-0286-1985,EPA-HQ-OLEM-2017-0286,individual,individual
EPA-HQ-OLEM-2017-0286-1986,EPA-HQ-OLEM-2017-0286,individual,individual
EPA-HQ-OLEM-2017-0286-1988,EPA-HQ-OLEM-2017-0286,individual,individual
EPA-HQ-OLEM-2017-0286-1989,EPA-HQ-OLEM-2017-0286,individual,individual
EPA-HQ-OLEM-2017-0286-1993,EPA-HQ-OLEM-2017-0286,individual,individual
EPA-HQ-OLEM-2017-0286-1994,EPA-HQ-OLEM-2017-0286,individual,individual
EPA-HQ-OLEM-2017-0286-1997,EPA-HQ-OLEM-2017-0286,individual,individual
EPA-HQ-OLEM-2017-0286-1999,EPA-HQ-OLEM-2017-0286,individual,individual
EPA-HQ-OLEM-2017-0286-2001,EPA-HQ-OLEM-2017-0286,individual,individual
EPA-HQ-OLEM-2017-0286-2003,EPA-HQ-OLEM-2017-0286,organizational,individual
EPA-HQ-OLEM-2017-0286-2004,EPA-HQ-OLEM-2017-0286,individual,individual
EPA-HQ-OLEM-2017-0286-2005,EPA-HQ-OLEM-2017-0286,individual,individual
EPA-HQ-OLEM-2017-0286-2006,EPA-HQ-OLEM-2017-0286,individual,individual
EPA-HQ-OLEM-2017-0286-2059,EPA-HQ-OLEM-2017-0286,individual,individual
EPA-HQ-OLEM-2017-0286-2062,EPA-HQ-OLEM-2017-0286,individual,individual
EPA-HQ-OLEM-2017-0286-2063,EPA-HQ-OLEM-2017-0286,individual,individual
EPA-HQ-OLEM-2017-0286-2065,EPA-HQ-OLEM-2017-0286,individual,individual
EPA-HQ-OLEM-2017-0286-2066,EPA-HQ-OLEM-2017-0286,individual,individual
EPA-HQ-OLEM-2017-0286-2067,EPA-HQ-OLEM-2017-0286,individual,individual
EPA-HQ-OLEM-2017-0286-2069,EPA-HQ-OLEM-2017-0286,individual,individual
EPA-HQ-OLEM-2017-0286-2070,EPA-HQ-OLEM-2017-0286,individual,individual
EPA-HQ-OLEM-2017-0286-2072,EPA-HQ-OLEM-2017-0286,individual,individual
EPA-HQ-OLEM-2017-0286-2074,EPA-HQ-OLEM-2017-0286,individual,individual
EPA-HQ-OLEM-2017-0286-2075,EPA-HQ-OLEM-2017-0286,individual,individual
EPA-HQ-OLEM-2017-0286-2076,EPA-HQ-OLEM-2017-0286,organizational,individual
EPA-HQ-OLEM-2017-0286-2077,EPA-HQ-OLEM-2017-0286,individual,individual
EPA-HQ-OLEM-2017-0286-2078,EPA-HQ-OLEM-2017-0286,individual,individual
EPA-HQ-OLEM-2017-0286-2079,EPA-HQ-OLEM-2017-0286,individual,individual
EPA-HQ-OLEM-2017-0286-2088,EPA-HQ-OLEM-2017-0286,individual,individual
EPA-HQ-OLEM-2017-0286-2091,EPA-HQ-OLEM-2017-0286,organizational,individual
EPA-HQ-OLEM-2017-0286-2104,EPA-HQ-OLEM-2017-0286,individual,individual
EPA-HQ-OLEM-2017-0286-2107,EPA-HQ-OLEM-2017-0286,individual,individual
EPA-HQ-OLEM-2017-0286-2108,EPA-HQ-OLEM-2017-0286,individual,individual
EPA-HQ-OLEM-2017-0286-2109,EPA-HQ-OLEM-2017-0286,individual,individual
EPA-HQ-OLEM-2017-0286-2110,EPA-HQ-OLEM-2017-0286,individual,individual
EPA-HQ-OLEM-2017-0286-2111,EPA-HQ-OLEM-2017-0286,individual,individual
EPA-HQ-OLEM-2017-0286-2112,EPA-HQ-OLEM-2017-0286,individual,individual
EPA-HQ-OLEM-2017-0286-2113,EPA-HQ-OLEM-2017-0286,individual,individual
EPA-HQ-OLEM-2017-0286-2114,EPA-HQ-OLEM-2017-0286,individual,individual
EPA-HQ-OLEM-2017-0286-2117,EPA-HQ-OLEM-2017-0286,individual,individual
EPA-HQ-OLEM-2017-0286-2118,EPA-HQ-OLEM-2017-0286,individual,individual
EPA-HQ-OLEM-2017-0286-2120,EPA-HQ-OLEM-2017-0286,individual,individual
EPA-HQ-OLEM-2017-0286-2121,EPA-HQ-OLEM-2017-0286,individual,individual
EPA-HQ-OLEM-2017-0286-2122,EPA-HQ-OLEM-2017-0286,individual,individual
EPA-HQ-OLEM-2017-0286-2123,EPA-HQ-OLEM-2017-0286,individual,individual
EPA-HQ-OLEM-2017-0286-2124,EPA-HQ-OLEM-2017-0286,individual,individual
EPA-HQ-OLEM-2017-0286-2128,EPA-HQ-OLEM-2017-0286,individual,individual
EPA-HQ-OLEM-2017-0286-2129,EPA-HQ-OLEM-2017-0286,individual,individual
EPA-HQ-OLEM-2017-0286-2130,EPA-HQ-OLEM-2017-0286,individual,individual
EPA-HQ-OLEM-2017-0286-2131,EPA-HQ-OLEM-2017-0286,individual,individual
EPA-HQ-OLEM-2017-0286-2133,EPA-HQ-OLEM-2017-0286,individual,individual
EPA-HQ-OLEM-2017-0286-2163,EPA-HQ-OLEM-2017-0286,individual,individual
EPA-HQ-OLEM-2017-0286-2225,EPA-HQ-OLEM-2017-0286,individual,organizational
EPA-HQ-OAR-2013-0495-11960,EPA-HQ-OAR-2013-0495,organizational,individual
EPA-HQ-OAR-2013-0495-11978,EPA-HQ-OAR-2013-0495,organizational,individual
EPA-HQ-OAR-2013-0495-11982,EPA-HQ-OAR-2013-0495,organizational,individual
EPA-HQ-OAR-2013-0495-11984,EPA-HQ-OAR-2013-0495,organizational,individual
EPA-HQ-OAR-2013-0495-11991,EPA-HQ-OAR-2013-0495,organizational,individual
EPA-HQ-OAR-2013-0495-11998,EPA-HQ-OAR-2013-0495,organizational,individual
EPA-HQ-OAR-2013-0495-12003,EPA-HQ-OAR-2013-0495,organizational,individual
EPA-HQ-OAR-2013-0495-12022,EPA-HQ-OAR-2013-0495,organizational,individual
EPA-HQ-OAR-2013-0495-12024,EPA-HQ-OAR-2013-0495,organizational,individual
EPA-HQ-OAR-2013-0495-12025,EPA-HQ-OAR-2013-0495,organizational,individual
EPA-HQ-OAR-2013-0495-12033,EPA-HQ-OAR-2013-0495,organizational,individual
EPA-HQ-OAR-2013-0495-12034,EPA-HQ-OAR-2013-0495,organizational,individual
EPA-HQ-OAR-2013-0495-12036,EPA-HQ-OAR-2013-0495,organizational,individual
EPA-HQ-OAR-2013-0495-12044,EPA-HQ-OAR-2013-0495,organizational,individual
EPA-HQ-OAR-2013-0495-12056,EPA-HQ-OAR-2013-0495,organizational,individual
EPA-HQ-OAR-2013-0495-12059,EPA-HQ-OAR-2013-0495,organizational,individual
EPA-HQ-OAR-2013-0495-12060,EPA-HQ-OAR-2013-0495,organizational,individual
EPA-HQ-OAR-2013-0495-12070,EPA-HQ-OAR-2013-0495,organizational,individual
EPA-HQ-OAR-2013-0495-12072,EPA-HQ-OAR-2013-0495,organizational,individual
EPA-HQ-OAR-2013-0495-12081,EPA-HQ-OAR-2013-0495,organizational,individual
EPA-HQ-OAR-2013-0495-12083,EPA-HQ-OAR-2013-0495,organizational,individual
EPA-HQ-OAR-2013-0495-12085,EPA-HQ-OAR-2013-0495,organizational,individual
EPA-HQ-OAR-2013-0495-12117,EPA-HQ-OAR-2013-0495,organizational,individual
EPA-HQ-OAR-2013-0495-12135,EPA-HQ-OAR-2013-0495,organizational,individual
EPA-HQ-OAR-2013-0495-12137,EPA-HQ-OAR-2013-0495,organizational,individual
EPA-HQ-OAR-2013-0495-12139,EPA-HQ-OAR-2013-0495,organizational,individual
EPA-HQ-OAR-2013-0495-12162,EPA-HQ-OAR-2013-0495,organizational,individual
EPA-HQ-OAR-2013-0495-12180,EPA-HQ-OAR-2013-0495,organizational,individual
EPA-HQ-OAR-2013-0495-12181,EPA-HQ-OAR-2013-0495,organizational,individual
EPA-HQ-OAR-2013-0495-12196,EPA-HQ-OAR-2013-0495,organizational,individual
EPA-HQ-OAR-2013-0495-12207,EPA-HQ-OAR-2013-0495,individual,individual
EPA-HQ-OAR-2013-0495-12231,EPA-HQ-OAR-2013-0495,individual,individual
EPA-HQ-OAR-2013-0495-12232,EPA-HQ-OAR-2013-0495,organizational,individual
EPA-HQ-OAR-2013-0495-12240,EPA-HQ-OAR-2013-0495,individual,individual
EPA-HQ-OAR-2013-0495-12266,EPA-HQ-OAR-2013-0495,organizational,individual
EPA-HQ-OAR-2013-0495-12270,EPA-HQ-OAR-2013-0495,organizational,individual
EPA-HQ-OAR-2013-0495-12272,EPA-HQ-OAR-2013-0495,organizational,individual
EPA-HQ-OAR-2013-0495-12274,EPA-HQ-OAR-2013-0495,organizational,individual
EPA-HQ-OAR-2013-0495-12284,EPA-HQ-OAR-2013-0495,organizational,individual
EPA-HQ-OAR-2013-0495-12314,EPA-HQ-OAR-2013-0495,individual,individual
EPA-HQ-OAR-2013-0495-12316,EPA-HQ-OAR-2013-0495,organizational,individual
EPA-HQ-OAR-2013-0495-12323,EPA-HQ-OAR-2013-0495,organizational,individual
EPA-HQ-OAR-2013-0495-12332,EPA-HQ-OAR-2013-0495,organizational,individual
EPA-HQ-OAR-2013-0495-12347,EPA-HQ-OAR-2013-0495,organizational,individual
EPA-HQ-OAR-2013-0495-12348,EPA-HQ-OAR-2013-0495,organizational,individual
EPA-HQ-OAR-2013-0495-12349,EPA-HQ-OAR-2013-0495,organizational,individual
EPA-HQ-OAR-2013-0495-12361,EPA-HQ-OAR-2013-0495,organizational,individual
EPA-HQ-OAR-2013-0495-12399,EPA-HQ-OAR-2013-0495,organizational,other
EPA-HQ-OAR-2013-0495-12401,EPA-HQ-OAR-2013-0495,individual,individual
EPA-HQ-OAR-2013-0495-12420,EPA-HQ-OAR-2013-0495,organizational,individual
EPA-HQ-OAR-2013-0495-12429,EPA-HQ-OAR-2013-0495,organizational,individual
EPA-HQ-OAR-2013-0495-12430,EPA-HQ-OAR-2013-0495,organizational,individual
EPA-HQ-OAR-2013-0495-12435,EPA-HQ-OAR-2013-0495,individual,individual
EPA-HQ-OAR-2013-0495-12442,EPA-HQ-OAR-2013-0495,individual,individual
EPA-HQ-OAR-2013-0495-12443,EPA-HQ-OAR-2013-0495,organizational,individual
EPA-HQ-OAR-2013-0495-12444,EPA-HQ-OAR-2013-0495,organizational,individual
EPA-HQ-OAR-2013-0495-12446,EPA-HQ-OAR-2013-0495,organizational,individual
EPA-HQ-OAR-2013-0495-12447,EPA-HQ-OAR-2013-0495,organizational,individual
EPA-HQ-OAR-2013-0495-12451,EPA-HQ-OAR-2013-0495,organizational,individual
EPA-HQ-OAR-2013-0495-12454,EPA-HQ-OAR-2013-0495,individual,individual
EPA-HQ-OAR-2013-0495-12460,EPA-HQ-OAR-2013-0495,organizational,individual
EPA-HQ-OAR-2013-0495-12461,EPA-HQ-OAR-2013-0495,individual,individual
EPA-HQ-OAR-2013-0495-12483,EPA-HQ-OAR-2013-0495,individual,individual
EPA-HQ-OAR-2013-0495-12523,EPA-HQ-OAR-2013-0495,individual,individual
EPA-HQ-OAR-2013-0495-12526,EPA-HQ-OAR-2013-0495,organizational,individual
EPA-HQ-OAR-2013-0495-12628,EPA-HQ-OAR-2013-0495,organizational,individual
EPA-HQ-OAR-2013-0495-12663,EPA-HQ-OAR-2013-0495,organizational,individual
EPA-HQ-OAR-2013-0495-12672,EPA-HQ-OAR-2013-0495,individual,individual
EPA-HQ-OAR-2017-0483-1682,EPA-HQ-OAR-2017-0483,organizational,other
EPA-HQ-OAR-2017-0483-1746,EPA-HQ-OAR-2017-0483,organizational,individual
EPA-HQ-OAR-2017-0483-1811,EPA-HQ-OAR-2017-0483,individual,organizational
EPA-HQ-OAR-2017-0757-0641,EPA-HQ-OAR-2017-0757,organizational,individual
EPA-HQ-OAR-2017-0757-0688,EPA-HQ-OAR-2017-0757,organizational,individual
EPA-HQ-OAR-2017-0757-0695,EPA-HQ-OAR-2017-0757,organizational,individual
EPA-HQ-OAR-2017-0757-0702,EPA-HQ-OAR-2017-0757,organizational,individual
EPA-HQ-OAR-2017-0757-1502,EPA-HQ-OAR-2017-0757,organizational,individual
EPA-HQ-OAR-2017-0757-1564,EPA-HQ-OAR-2017-0757,organizational,individual
EPA-HQ-OAR-2017-0757-1588,EPA-HQ-OAR-2017-0757,organizational,individual
EPA-HQ-OAR-2017-0757-1617,EPA-HQ-OAR-2017-0757,organizational,individual
EPA-HQ-OAR-2017-0757-1627,EPA-HQ-OAR-2017-0757,organizational,individual
EPA-HQ-OAR-2017-0757-1917,EPA-HQ-OAR-2017-0757,organizational,individual
EPA-HQ-OAR-2017-0757-2195,EPA-HQ-OAR-2017-0757,individual,organizational
EPA-HQ-OAR-2018-0775-0075,EPA-HQ-OAR-2018-0775,organizational,individual
EPA-HQ-OAR-2018-0775-0076,EPA-HQ-OAR-2018-0775,organizational,individual
EPA-HQ-OAR-2018-0775-0078,EPA-HQ-OAR-2018-0775,organizational,individual
EPA-HQ-OAR-2018-0775-0080,EPA-HQ-OAR-2018-0775,organizational,individual
EPA-HQ-OAR-2018-0775-0081,EPA-HQ-OAR-2018-0775,organizational,individual
EPA-HQ-OAR-2018-0775-0082,EPA-HQ-OAR-2018-0775,organizational,individual
EPA-HQ-OAR-2018-0775-0087,EPA-HQ-OAR-2018-0775,organizational,individual
EPA-HQ-OAR-2018-0775-0098,EPA-HQ-OAR-2018-0775,organizational,individual
EPA-HQ-OAR-2018-0775-0102,EPA-HQ-OAR-2018-0775,organizational,individual
EPA-HQ-OAR-2018-0775-0107,EPA-HQ-OAR-2018-0775,organizational,individual
EPA-HQ-OAR-2018-0775-0108,EPA-HQ-OAR-2018-0775,organizational,individual
EPA-HQ-OAR-2018-0775-0111,EPA-HQ-OAR-2018-0775,organizational,individual
EPA-HQ-OAR-2018-0775-0112,EPA-HQ-OAR-2018-0775,organizational,individual
EPA-HQ-OAR-2018-0775-0113,EPA-HQ-OAR-2018-0775,organizational,individual
EPA-HQ-OAR-2018-0775-0114,EPA-HQ-OAR-2018-0775,individual,individual
EPA-HQ-OAR-2018-0775-0116,EPA-HQ-OAR-2018-0775,organizational,individual
EPA-HQ-OAR-2018-0775-0119,EPA-HQ-OAR-2018-0775,organizational,individual
EPA-HQ-OAR-2018-0775-0120,EPA-HQ-OAR-2018-0775,organizational,individual
EPA-HQ-OAR-2018-0775-0121,EPA-HQ-OAR-2018-0775,individual,individual
EPA-HQ-OAR-2018-0775-0122,EPA-HQ-OAR-2018-0775,organizational,individual
EPA-HQ-OAR-2018-0775-0123,EPA-HQ-OAR-2018-0775,organizational,individual
EPA-HQ-OAR-2018-0775-0126,EPA-HQ-OAR-2018-0775,organizational,individual
EPA-HQ-OAR-2018-0775-0128,EPA-HQ-OAR-2018-0775,organizational,individual
EPA-HQ-OAR-2018-0775-0130,EPA-HQ-OAR-2018-0775,individual,individual
EPA-HQ-OAR-2018-0775-0132,EPA-HQ-OAR-2018-0775,organizational,individual
EPA-HQ-OAR-2018-0775-0140,EPA-HQ-OAR-2018-0775,organizational,individual
EPA-HQ-OAR-2018-0775-0141,EPA-HQ-OAR-2018-0775,organizational,individual
EPA-HQ-OAR-2018-0775-0147,EPA-HQ-OAR-2018-0775,organizational,individual
EPA-HQ-OAR-2018-0775-0148,EPA-HQ-OAR-2018-0775,organizational,individual
EPA-HQ-OAR-2018-0775-0154,EPA-HQ-OAR-2018-0775,organizational,individual
EPA-HQ-OAR-2018-0775-0160,EPA-HQ-OAR-2018-0775,organizational,individual
EPA-HQ-OAR-2018-0775-0161,EPA-HQ-OAR-2018-0775,organizational,individual
EPA-HQ-OAR-2018-0775-0163,EPA-HQ-OAR-2018-0775,organizational,individual
EPA-HQ-OAR-2018-0775-0165,EPA-HQ-OAR-2018-0775,organizational,individual
EPA-HQ-OAR-2018-0775-0166,EPA-HQ-OAR-2018-0775,organizational,individual
EPA-HQ-OAR-2018-0775-0167,EPA-HQ-OAR-2018-0775,individual,individual
EPA-HQ-OAR-2018-0775-0168,EPA-HQ-OAR-2018-0775,individual,individual
EPA-HQ-OAR-2018-0775-0169,EPA-HQ-OAR-2018-0775,individual,individual
EPA-HQ-OAR-2018-0775-0171,EPA-HQ-OAR-2018-0775,individual,organizational
EPA-HQ-OAR-2018-0775-0172,EPA-HQ-OAR-2018-0775,organizational,individual
EPA-HQ-OAR-2018-0775-0176,EPA-HQ-OAR-2018-0775,organizational,individual
EPA-HQ-OAR-2018-0775-0181,EPA-HQ-OAR-2018-0775,organizational,individual
EPA-HQ-OAR-2018-0775-0189,EPA-HQ-OAR-2018-0775,organizational,individual
EPA-HQ-OAR-2018-0775-0195,EPA-HQ-OAR-2018-0775,organizational,individual
EPA-HQ-OAR-2018-0775-0200,EPA-HQ-OAR-2018-0775,individual,individual
EPA-HQ-OAR-2018-0775-0206,EPA-HQ-OAR-2018-0775,organizational,individual
EPA-HQ-OAR-2018-0775-0209,EPA-HQ-OAR-2018-0775,individual,individual
EPA-HQ-OAR-2018-0775-0213,EPA-HQ-OAR-2018-0775,organizational,individual
EPA-HQ-OAR-2018-0775-0218,EPA-HQ-OAR-2018-0775,individual,individual
EPA-HQ-OAR-2018-0775-0219,EPA-HQ-OAR-2018-0775,organizational,individual
EPA-HQ-OAR-2018-0775-0220,EPA-HQ-OAR-2018-0775,organizational,individual
EPA-HQ-OAR-2018-0775-0222,EPA-HQ-OAR-2018-0775,organizational,individual
EPA-HQ-OAR-2018-0775-0223,EPA-HQ-OAR-2018-0775,organizational,individual
EPA-HQ-OAR-2018-0775-0224,EPA-HQ-OAR-2018-0775,organizational,individual
EPA-HQ-OAR-2018-0775-0225,EPA-HQ-OAR-2018-0775,individual,individual
EPA-HQ-OAR-2018-0775-0229,EPA-HQ-OAR-2018-0775,organizational,individual
EPA-HQ-OAR-2018-0775-0230,EPA-HQ-OAR-2018-0775,organizational,individual
EPA-HQ-OAR-2018-0775-0231,EPA-HQ-OAR-2018-0775,organizational,individual
EPA-HQ-OAR-2018-0775-0232,EPA-HQ-OAR-2018-0775,individual,individual
EPA-HQ-OAR-2018-0775-0234,EPA-HQ-OAR-2018-0775,organizational,individual
EPA-HQ-OAR-2018-0775-0237,EPA-HQ-OAR-2018-0775,organizational,individual
EPA-HQ-OAR-2018-0775-0238,EPA-HQ-OAR-2018-0775,individual,individual
EPA-HQ-OAR-2018-0775-0239,EPA-HQ-OAR-2018-0775,organizational,individual
EPA-HQ-OAR-2018-0775-0241,EPA-HQ-OAR-2018-0775,organizational,individual
EPA-HQ-OAR-2018-0775-0242,EPA-HQ-OAR-2018-0775,organizational,individual
EPA-HQ-OAR-2018-0775-0243,EPA-HQ-OAR-2018-0775,organizational,individual
EPA-HQ-OAR-2018-0775-0246,EPA-HQ-OAR-2018-0775,organizational,individual
EPA-HQ-OAR-2018-0775-0250,EPA-HQ-OAR-2018-0775,organizational,individual
EPA-HQ-OAR-2018-0775-0251,EPA-HQ-OAR-2018-0775,organizational,individual
EPA-HQ-OAR-2018-0775-0252,EPA-HQ-OAR-2018-0775,organizational,individual
EPA-HQ-OAR-2018-0775-0253,EPA-HQ-OAR-2018-0775,organizational,individual
EPA-HQ-OAR-2018-0775-0259,EPA-HQ-OAR-2018-0775,organizational,individual
EPA-HQ-OAR-2018-0775-0260,EPA-HQ-OAR-2018-0775,organizational,individual
EPA-HQ-OAR-2018-0775-0261,EPA-HQ-OAR-2018-0775,organizational,individual
EPA-HQ-OAR-2018-0775-0267,EPA-HQ-OAR-2018-0775,organizational,individual
EPA-HQ-OAR-2018-0775-0271,EPA-HQ-OAR-2018-0775,organizational,individual
EPA-HQ-OAR-2018-0775-0273,EPA-HQ-OAR-2018-0775,organizational,individual
EPA-HQ-OAR-2018-0775-0275,EPA-HQ-OAR-2018-0775,individual,individual
EPA-HQ-OAR-2018-0775-0277,EPA-HQ-OAR-2018-0775,organizational,individual
EPA-HQ-OAR-2018-0775-0280,EPA-HQ-OAR-2018-0775,organizational,individual
EPA-HQ-OAR-2018-0775-0282,EPA-HQ-OAR-2018-0775,individual,individual
EPA-HQ-OAR-2018-0775-0286,EPA-HQ-OAR-2018-0775,organizational,individual
EPA-HQ-OAR-2018-0775-0287,EPA-HQ-OAR-2018-0775,organizational,individual
EPA-HQ-OAR-2018-0775-0291,EPA-HQ-OAR-2018-0775,organizational,individual
EPA-HQ-OAR-2018-0775-0294,EPA-HQ-OAR-2018-0775,organizational,individual
EPA-HQ-OAR-2018-0775-0295,EPA-HQ-OAR-2018-0775,organizational,individual
EPA-HQ-OAR-2018-0775-0296,EPA-HQ-OAR-2018-0775,organizational,individual
EPA-HQ-OAR-2018-0775-0299,EPA-HQ-OAR-2018-0775,organizational,individual
EPA-HQ-OAR-2018-0775-0300,EPA-HQ-OAR-2018-0775,organizational,individual
EPA-HQ-OAR-2018-0775-0301,EPA-HQ-OAR-2018-0775,organizational,individual
EPA-HQ-OAR-2018-0775-0303,EPA-HQ-OAR-2018-0775,organizational,individual
EPA-HQ-OAR-2018-0775-0305,EPA-HQ-OAR-2018-0775,organizational,individual
EPA-HQ-OAR-2018-0775-0306,EPA-HQ-OAR-2018-0775,organizational,individual
EPA-HQ-OAR-2018-0775-0310,EPA-HQ-OAR-2018-0775,individual,individual
EPA-HQ-OAR-2018-0775-0313,EPA-HQ-OAR-2018-0775,organizational,individual
EPA-HQ-OAR-2018-0775-0317,EPA-HQ-OAR-2018-0775,individual,individual
EPA-HQ-OAR-2018-0775-0319,EPA-HQ-OAR-2018-0775,organizational,individual
EPA-HQ-OAR-2018-0775-0326,EPA-HQ-OAR-2018-0775,organizational,individual
EPA-HQ-OAR-2018-0775-0328,EPA-HQ-OAR-2018-0775,organizational,individual
EPA-HQ-OAR-2018-0775-0329,EPA-HQ-OAR-2018-0775,organizational,individual
EPA-HQ-OAR-2018-0775-0331,EPA-HQ-OAR-2018-0775,organizational,individual
EPA-HQ-OAR-2018-0775-0333,EPA-HQ-OAR-2018-0775,organizational,individual
EPA-HQ-OAR-2018-0775-0334,EPA-HQ-OAR-2018-0775,organizational,individual
EPA-HQ-OAR-2018-0775-0337,EPA-HQ-OAR-2018-0775,organizational,individual
EPA-HQ-OAR-2018-0775-0339,EPA-HQ-OAR-2018-0775,organizational,individual
EPA-HQ-OAR-2018-0775-0341,EPA-HQ-OAR-2018-0775,organizational,individual
EPA-HQ-OAR-2018-0775-0343,EPA-HQ-OAR-2018-0775,organizational,individual
EPA-HQ-OAR-2018-0775-0344,EPA-HQ-OAR-2018-0775,organizational,individual
EPA-HQ-OAR-2018-0775-0347,EPA-HQ-OAR-2018-0775,organizational,individual
EPA-HQ-OAR-2018-0775-0349,EPA-HQ-OAR-2018-0775,organizational,individual
EPA-HQ-OAR-2018-0775-0352,EPA-HQ-OAR-2018-0775,organizational,individual
EPA-HQ-OAR-2018-0775-0355,EPA-HQ-OAR-2018-0775,organizational,individual
EPA-HQ-OAR-2018-0775-0359,EPA-HQ-OAR-2018-0775,organizational,individual
EPA-HQ-OAR-2018-0775-0360,EPA-HQ-OAR-2018-0775,organizational,individual
EPA-HQ-OAR-2018-0775-0363,EPA-HQ-OAR-2018-0775,organizational,individual
EPA-HQ-OAR-2018-0775-0365,EPA-HQ-OAR-2018-0775,individual,individual
EPA-HQ-OAR-2018-0775-0369,EPA-HQ-OAR-2018-0775,organizational,individual
EPA-HQ-OAR-2018-0775-0371,EPA-HQ-OAR-2018-0775,organizational,individual
EPA-HQ-OAR-2018-0775-0373,EPA-HQ-OAR-2018-0775,organizational,individual
EPA-HQ-OAR-2018-0775-0377,EPA-HQ-OAR-2018-0775,organizational,individual
EPA-HQ-OAR-2018-0775-0384,EPA-HQ-OAR-2018-0775,organizational,individual
EPA-HQ-OAR-2018-0775-0388,EPA-HQ-OAR-2018-0775,organizational,individual
EPA-HQ-OAR-2018-0775-0389,EPA-HQ-OAR-2018-0775,organizational,individual
EPA-HQ-OAR-2018-0775-0391,EPA-HQ-OAR-2018-0775,organizational,individual
EPA-HQ-OAR-2018-0775-0394,EPA-HQ-OAR-2018-0775,organizational,individual
EPA-HQ-OAR-2018-0775-0396,EPA-HQ-OAR-2018-0775,organizational,individual
EPA-HQ-OAR-2018-0775-0401,EPA-HQ-OAR-2018-0775,organizational,individual
EPA-HQ-OAR-2018-0775-0412,EPA-HQ-OAR-2018-0775,organizational,individual
EPA-HQ-OAR-2018-0775-0417,EPA-HQ-OAR-2018-0775,organizational,individual
EPA-HQ-OAR-2018-0775-0418,EPA-HQ-OAR-2018-0775,organizational,individual
EPA-HQ-OAR-2018-0775-0420,EPA-HQ-OAR-2018-0775,organizational,individual
EPA-HQ-OAR-2018-0775-0422,EPA-HQ-OAR-2018-0775,individual,individual
EPA-HQ-OAR-2018-0775-0423,EPA-HQ-OAR-2018-0775,organizational,individual
EPA-HQ-OAR-2018-0775-0425,EPA-HQ-OAR-2018-0775,individual,individual
EPA-HQ-OAR-2018-0775-0426,EPA-HQ-OAR-2018-0775,organizational,individual
EPA-HQ-OAR-2018-0775-0427,EPA-HQ-OAR-2018-0775,organizational,individual
EPA-HQ-OAR-2018-0775-0434,EPA-HQ-OAR-2018-0775,organizational,individual
EPA-HQ-OAR-2018-0775-0437,EPA-HQ-OAR-2018-0775,organizational,individual
EPA-HQ-OAR-2018-0775-0439,EPA-HQ-OAR-2018-0775,individual,individual
EPA-HQ-OAR-2018-0775-0443,EPA-HQ-OAR-2018-0775,organizational,individual
EPA-HQ-OAR-2018-0775-0448,EPA-HQ-OAR-2018-0775,organizational,individual
EPA-HQ-OAR-2018-0775-0449,EPA-HQ-OAR-2018-0775,organizational,individual
EPA-HQ-OAR-2018-0775-0451,EPA-HQ-OAR-2018-0775,organizational,individual
EPA-HQ-OAR-2018-0775-0455,EPA-HQ-OAR-2018-0775,individual,individual
EPA-HQ-OAR-2018-0775-0456,EPA-HQ-OAR-2018-0775,organizational,individual
EPA-HQ-OAR-2018-0775-0463,EPA-HQ-OAR-2018-0775,individual,individual
EPA-HQ-OAR-2018-0775-0476,EPA-HQ-OAR-2018-0775,individual,individual
EPA-HQ-OAR-2018-0775-0477,EPA-HQ-OAR-2018-0775,organizational,individual
EPA-HQ-OAR-2018-0775-0479,EPA-HQ-OAR-2018-0775,organizational,individual
EPA-HQ-OAR-2018-0775-0482,EPA-HQ-OAR-2018-0775,individual,individual
EPA-HQ-OAR-2018-0775-0491,EPA-HQ-OAR-2018-0775,organizational,individual
EPA-HQ-OAR-2018-0775-0503,EPA-HQ-OAR-2018-0775,organizational,individual
EPA-HQ-OAR-2018-0775-0505,EPA-HQ-OAR-2018-0775,individual,individual
EPA-HQ-OAR-2018-0775-0509,EPA-HQ-OAR-2018-0775,organizational,individual
EPA-HQ-OAR-2018-0775-0518,EPA-HQ-OAR-2018-0775,organizational,individual
EPA-HQ-OAR-2018-0775-0526,EPA-HQ-OAR-2018-0775,organizational,individual
EPA-HQ-OAR-2018-0775-0531,EPA-HQ-OAR-2018-0775,individual,individual
EPA-HQ-OAR-2018-0775-0541,EPA-HQ-OAR-2018-0775,organizational,individual
EPA-HQ-OAR-2018-0775-0557,EPA-HQ-OAR-2018-0775,individual,individual
EPA-HQ-OAR-2018-0775-0564,EPA-HQ-OAR-2018-0775,organizational,individual
EPA-HQ-OAR-2018-0775-0566,EPA-HQ-OAR-2018-0775,organizational,individual
EPA-HQ-OAR-2018-0775-0592,EPA-HQ-OAR-2018-0775,organizational,other
EPA-HQ-OAR-2018-0775-0603,EPA-HQ-OAR-2018-0775,organizational,individual
EPA-HQ-OAR-2018-0775-0612,EPA-HQ-OAR-2018-0775,organizational,individual
EPA-HQ-OAR-2018-0775-0613,EPA-HQ-OAR-2018-0775,organizational,individual
EPA-HQ-OAR-2018-0775-0614,EPA-HQ-OAR-2018-0775,organizational,individual
EPA-HQ-OAR-2018-0775-0615,EPA-HQ-OAR-2018-0775,organizational,individual
EPA-HQ-OAR-2018-0775-0616,EPA-HQ-OAR-2018-0775,individual,individual
EPA-HQ-OAR-2018-0775-0621,EPA-HQ-OAR-2018-0775,organizational,individual
EPA-HQ-OAR-2018-0775-0625,EPA-HQ-OAR-2018-0775,organizational,individual
EPA-HQ-OAR-2018-0775-0647,EPA-HQ-OAR-2018-0775,organizational,individual
EPA-HQ-OAR-2018-0775-0649,EPA-HQ-OAR-2018-0775,organizational,individual
EPA-HQ-OAR-2018-0775-0651,EPA-HQ-OAR-2018-0775,organizational,individual
EPA-HQ-OAR-2018-0775-0652,EPA-HQ-OAR-2018-0775,organizational,individual
EPA-HQ-OAR-2018-0775-0653,EPA-HQ-OAR-2018-0775,organizational,individual
EPA-HQ-OAR-2018-0775-0655,EPA-HQ-OAR-2018-0775,individual,individual
EPA-HQ-OAR-2018-0775-0659,EPA-HQ-OAR-2018-0775,organizational,individual
EPA-HQ-OAR-2018-0775-0660,EPA-HQ-OAR-2018-0775,organizational,individual
EPA-HQ-OAR-2018-0775-0661,EPA-HQ-OAR-2018-0775,individual,individual
EPA-HQ-OAR-2018-0775-0665,EPA-HQ-OAR-2018-0775,organizational,individual
EPA-HQ-OAR-2018-0775-0669,EPA-HQ-OAR-2018-0775,organizational,individual
EPA-HQ-OAR-2018-0775-0670,EPA-HQ-OAR-2018-0775,individual,individual
EPA-HQ-OAR-2018-0775-0675,EPA-HQ-OAR-2018-0775,organizational,individual
EPA-HQ-OAR-2018-0775-0677,EPA-HQ-OAR-2018-0775,organizational,individual
EPA-HQ-OAR-2018-0775-0680,EPA-HQ-OAR-2018-0775,organizational,individual
EPA-HQ-OAR-2018-0775-0686,EPA-HQ-OAR-2018-0775,organizational,individual
EPA-HQ-OAR-2018-0775-0688,EPA-HQ-OAR-2018-0775,organizational,individual
EPA-HQ-OAR-2018-0775-0691,EPA-HQ-OAR-2018-0775,organizational,individual
EPA-HQ-OAR-2018-0775-0694,EPA-HQ-OAR-2018-0775,individual,individual
EPA-HQ-OAR-2018-0775-0698,EPA-HQ-OAR-2018-0775,organizational,individual
EPA-HQ-OAR-2018-0775-0703,EPA-HQ-OAR-2018-0775,individual,individual
EPA-HQ-OAR-2018-0775-0706,EPA-HQ-OAR-2018-0775,organizational,individual
EPA-HQ-OAR-2018-0775-0714,EPA-HQ-OAR-2018-0775,individual,individual
EPA-HQ-OAR-2018-0775-0718,EPA-HQ-OAR-2018-0775,organizational,individual
EPA-HQ-OAR-2018-0775-0719,EPA-HQ-OAR-2018-0775,organizational,individual
EPA-HQ-OAR-2018-0775-0724,EPA-HQ-OAR-2018-0775,organizational,individual
EPA-HQ-OAR-2018-0775-0728,EPA-HQ-OAR-2018-0775,organizational,individual
EPA-HQ-OAR-2018-0775-0731,EPA-HQ-OAR-2018-0775,organizational,individual
EPA-HQ-OAR-2018-0775-0751,EPA-HQ-OAR-2018-0775,individual,individual
EPA-HQ-OAR-2018-0775-0761,EPA-HQ-OAR-2018-0775,organizational,individual
EPA-HQ-OAR-2018-0775-0781,EPA-HQ-OAR-2018-0775,individual,individual
EPA-HQ-OAR-2018-0775-0787,EPA-HQ-OAR-2018-0775,individual,individual
EPA-HQ-OAR-2018-0775-0816,EPA-HQ-OAR-2018-0775,organizational,individual
EPA-HQ-OAR-2018-0775-0829,EPA-HQ-OAR-2018-0775,organizational,individual
EPA-HQ-OAR-2018-0775-0834,EPA-HQ-OAR-2018-0775,organizational,individual
EPA-HQ-OAR-2018-0775-0947,EPA-HQ-OAR-2018-0775,organizational,individual
EPA-HQ-OAR-2018-0775-0964,EPA-HQ-OAR-2018-0775,individual,individual
EPA-HQ-OAR-2018-0775-0984,EPA-HQ-OAR-2018-0775,individual,individual
EPA-HQ-OAR-2018-0775-1021,EPA-HQ-OAR-2018-0775,organizational,individual
EPA-HQ-OAR-2018-0775-1022,EPA-HQ-OAR-2018-0775,organizational,individual
EPA-HQ-OAR-2018-0775-1026,EPA-HQ-OAR-2018-0775,organizational,individual
EPA-HQ-OAR-2018-0775-1045,EPA-HQ-OAR-2018-0775,organizational,individual
EPA-HQ-OAR-2018-0775-1054,EPA-HQ-OAR-2018-0775,organizational,individual
EPA-HQ-OAR-2018-0775-1093,EPA-HQ-OAR-2018-0775,organizational,individual
EPA-HQ-OAR-2018-0775-1098,EPA-HQ-OAR-2018-0775,organizational,individual
EPA-HQ-OAR-2018-0775-1099,EPA-HQ-OAR-2018-0775,organizational,individual
EPA-HQ-OAR-2018-0775-1100,EPA-HQ-OAR-2018-0775,organizational,individual
EPA-HQ-OAR-2018-0775-1101,EPA-HQ-OAR-2018-0775,organizational,individual
EPA-HQ-OAR-2018-0775-1102,EPA-HQ-OAR-2018-0775,organizational,individual
EPA-HQ-OW-2009-0819-8259,EPA-HQ-OW-2009-0819,organizational,individual
EPA-HQ-OW-2009-0819-8264,EPA-HQ-OW-2009-0819,organizational,individual
EPA-HQ-OW-2009-0819-8269,EPA-HQ-OW-2009-0819,organizational,individual
EPA-HQ-OW-2009-0819-8273,EPA-HQ-OW-2009-0819,organizational,individual
EPA-HQ-OAR-2015-0072-0826,EPA-HQ-OAR-2015-0072,individual,individual
EPA-HQ-OAR-2015-0072-0856,EPA-HQ-OAR-2015-0072,organizational,individual
EPA-HQ-OAR-2015-0072-0880,EPA-HQ-OAR-2015-0072,organizational,individual
EPA-HQ-OAR-2015-0072-0885,EPA-HQ-OAR-2015-0072,organizational,individual
EPA-HQ-OAR-2015-0072-0974,EPA-HQ-OAR-2015-0072,individual,organizational
EPA-HQ-OW-2009-0819-8305,EPA-HQ-OW-2009-0819,individual,organizational
EPA-HQ-OW-2009-0819-8401,EPA-HQ-OW-2009-0819,organizational,individual
EPA-HQ-OW-2009-0819-8430,EPA-HQ-OW-2009-0819,organizational,individual
EPA-R08-OAR-2015-0463-0253,EPA-R08-OAR-2015-0463,organizational,other
EPA-R08-OAR-2015-0463-0254,EPA-R08-OAR-2015-0463,organizational,other
EPA-R08-OAR-2015-0463-0255,EPA-R08-OAR-2015-0463,organizational,other
EPA-R08-OAR-2015-0463-0256,EPA-R08-OAR-2015-0463,organizational,other
EPA-R08-OAR-2015-0463-0257,EPA-R08-OAR-2015-0463,organizational,other
EPA-R08-OAR-2015-0463-0258,EPA-R08-OAR-2015-0463,organizational,other
EPA-R08-OAR-2015-0463-0259,EPA-R08-OAR-2015-0463,organizational,other
EPA-R08-OAR-2015-0463-0260,EPA-R08-OAR-2015-0463,organizational,other
EPA-R08-OAR-2015-0463-0261,EPA-R08-OAR-2015-0463,organizational,other
EPA-R08-OAR-2015-0463-0262,EPA-R08-OAR-2015-0463,organizational,other
EPA-R08-OAR-2015-0463-0263,EPA-R08-OAR-2015-0463,organizational,other
EPA-R08-OAR-2015-0463-0264,EPA-R08-OAR-2015-0463,organizational,other
EPA-R08-OAR-2015-0463-0265,EPA-R08-OAR-2015-0463,organizational,other
EPA-R08-OAR-2015-0463-0266,EPA-R08-OAR-2015-0463,organizational,other
EPA-R08-OAR-2015-0463-0267,EPA-R08-OAR-2015-0463,organizational,other
EPA-R08-OAR-2015-0463-0268,EPA-R08-OAR-2015-0463,organizational,other
EPA-R08-OAR-2015-0463-0269,EPA-R08-OAR-2015-0463,organizational,other
EPA-R08-OAR-2015-0463-0270,EPA-R08-OAR-2015-0463,organizational,other
EPA-R08-OAR-2015-0463-0271,EPA-R08-OAR-2015-0463,organizational,other
EPA-R08-OAR-2015-0463-0272,EPA-R08-OAR-2015-0463,organizational,other
EPA-R08-OAR-2015-0463-0274,EPA-R08-OAR-2015-0463,organizational,other
EPA-R08-OAR-2015-0463-0275,EPA-R08-OAR-2015-0463,organizational,other
EPA-R08-OAR-2015-0463-0276,EPA-R08-OAR-2015-0463,organizational,other
EPA-R08-OAR-2015-0463-0277,EPA-R08-OAR-2015-0463,organizational,other
EPA-R08-OAR-2015-0463-0278,EPA-R08-OAR-2015-0463,organizational,other
EPA-R08-OAR-2015-0463-0279,EPA-R08-OAR-2015-0463,organizational,other
EPA-R08-OAR-2015-0463-0280,EPA-R08-OAR-2015-0463,organizational,other
EPA-R08-OAR-2015-0463-0281,EPA-R08-OAR-2015-0463,organizational,other
EPA-R08-OAR-2015-0463-0283,EPA-R08-OAR-2015-0463,organizational,other
EPA-R08-OAR-2015-0463-0284,EPA-R08-OAR-2015-0463,organizational,other
EPA-R08-OAR-2015-0463-0285,EPA-R08-OAR-2015-0463,organizational,other
EPA-R08-OAR-2015-0463-0286,EPA-R08-OAR-2015-0463,organizational,other
EPA-R08-OAR-2015-0463-0288,EPA-R08-OAR-2015-0463,organizational,other
EPA-R08-OAR-2015-0463-0290,EPA-R08-OAR-2015-0463,organizational,other
EPA-R08-OAR-2015-0463-0295,EPA-R08-OAR-2015-0463,organizational,other
EPA-R08-OAR-2015-0463-0296,EPA-R08-OAR-2015-0463,organizational,other
EPA-R08-OAR-2015-0463-0297,EPA-R08-OAR-2015-0463,organizational,other
EPA-R08-OAR-2015-0463-0298,EPA-R08-OAR-2015-0463,organizational,other
EPA-R08-OAR-2015-0463-0299,EPA-R08-OAR-2015-0463,organizational,other
EPA-R08-OAR-2015-0463-0300,EPA-R08-OAR-2015-0463,organizational,other
EPA-R08-OAR-2015-0463-0301,EPA-R08-OAR-2015-0463,organizational,other
EPA-R08-OAR-2015-0463-0302,EPA-R08-OAR-2015-0463,organizational,other
EPA-R08-OAR-2015-0463-0303,EPA-R08-OAR-2015-0463,organizational,other
EPA-R08-OAR-2015-0463-0304,EPA-R08-OAR-2015-0463,organizational,other
EPA-R08-OAR-2015-0463-0305,EPA-R08-OAR-2015-0463,organizational,other
EPA-R08-OAR-2015-0463-0307,EPA-R08-OAR-2015-0463,organizational,other
EPA-R08-OAR-2015-0463-0308,EPA-R08-OAR-2015-0463,organizational,other
EPA-R08-OAR-2015-0463-0309,EPA-R08-OAR-2015-0463,organizational,other
EPA-R08-OAR-2015-0463-0310,EPA-R08-OAR-2015-0463,organizational,other
EPA-R08-OAR-2015-0463-0311,EPA-R08-OAR-2015-0463,organizational,other
EPA-R08-OAR-2015-0463-0312,EPA-R08-OAR-2015-0463,organizational,other
EPA-R08-OAR-2015-0463-0313,EPA-R08-OAR-2015-0463,organizational,other
EPA-R08-OAR-2015-0463-0314,EPA-R08-OAR-2015-0463,organizational,other
EPA-R08-OAR-2015-0463-0315,EPA-R08-OAR-2015-0463,organizational,other
EPA-R08-OAR-2015-0463-0316,EPA-R08-OAR-2015-0463,organizational,other
EPA-R08-OAR-2015-0463-0317,EPA-R08-OAR-2015-0463,organizational,other
EPA-R08-OAR-2015-0463-0319,EPA-R08-OAR-2015-0463,organizational,other
EPA-R08-OAR-2015-0463-0320,EPA-R08-OAR-2015-0463,organizational,other
EPA-R08-OAR-2015-0463-0322,EPA-R08-OAR-2015-0463,organizational,other
EPA-R08-OAR-2015-0463-0323,EPA-R08-OAR-2015-0463,organizational,other
EPA-R08-OAR-2015-0463-0324,EPA-R08-OAR-2015-0463,organizational,other
EPA-R08-OAR-2015-0463-0325,EPA-R08-OAR-2015-0463,organizational,other
EPA-R08-OAR-2015-0463-0326,EPA-R08-OAR-2015-0463,organizational,other
EPA-R08-OAR-2015-0463-0327,EPA-R08-OAR-2015-0463,organizational,other
EPA-R08-OAR-2015-0463-0328,EPA-R08-OAR-2015-0463,organizational,other
EPA-R08-OAR-2015-0463-0329,EPA-R08-OAR-2015-0463,organizational,other
EPA-R08-OAR-2015-0463-0330,EPA-R08-OAR-2015-0463,organizational,other
EPA-R08-OAR-2015-0463-0331,EPA-R08-OAR-2015-0463,organizational,other
EPA-R08-OAR-2015-0463-0332,EPA-R08-OAR-2015-0463,organizational,other
EPA-R08-OAR-2015-0463-0333,EPA-R08-OAR-2015-0463,organizational,other
EPA-R08-OAR-2015-0463-0334,EPA-R08-OAR-2015-0463,organizational,other
EPA-R08-OAR-2015-0463-0335,EPA-R08-OAR-2015-0463,organizational,other
EPA-R08-OAR-2015-0463-0337,EPA-R08-OAR-2015-0463,organizational,other
EPA-R08-OAR-2015-0463-0339,EPA-R08-OAR-2015-0463,organizational,other
EPA-R08-OAR-2015-0463-0340,EPA-R08-OAR-2015-0463,organizational,other
EPA-R08-OAR-2015-0463-0341,EPA-R08-OAR-2015-0463,organizational,other
EPA-R08-OAR-2015-0463-0342,EPA-R08-OAR-2015-0463,organizational,other
EPA-R08-OAR-2015-0463-0343,EPA-R08-OAR-2015-0463,organizational,other
EPA-R08-OAR-2015-0463-0344,EPA-R08-OAR-2015-0463,organizational,other
EPA-R08-OAR-2015-0463-0345,EPA-R08-OAR-2015-0463,organizational,other
EPA-R08-OAR-2015-0463-0346,EPA-R08-OAR-2015-0463,organizational,other
EPA-R08-OAR-2015-0463-0347,EPA-R08-OAR-2015-0463,organizational,other
EPA-R08-OAR-2015-0463-0348,EPA-R08-OAR-2015-0463,organizational,other
EPA-R08-OAR-2015-0463-0349,EPA-R08-OAR-2015-0463,organizational,other
EPA-R08-OAR-2015-0463-0350,EPA-R08-OAR-2015-0463,organizational,other
EPA-R08-OAR-2015-0463-0351,EPA-R08-OAR-2015-0463,organizational,other
EPA-R08-OAR-2015-0463-0352,EPA-R08-OAR-2015-0463,organizational,other
EPA-R08-OAR-2015-0463-0353,EPA-R08-OAR-2015-0463,organizational,other
EPA-R08-OAR-2015-0463-0354,EPA-R08-OAR-2015-0463,organizational,other
EPA-R08-OAR-2015-0463-0355,EPA-R08-OAR-2015-0463,organizational,other
EPA-R08-OAR-2015-0463-0356,EPA-R08-OAR-2015-0463,organizational,other
EPA-R08-OAR-2015-0463-0357,EPA-R08-OAR-2015-0463,organizational,other
EPA-R08-OAR-2015-0463-0358,EPA-R08-OAR-2015-0463,organizational,other
EPA-R08-OAR-2015-0463-0360,EPA-R08-OAR-2015-0463,organizational,other
EPA-R08-OAR-2015-0463-0361,EPA-R08-OAR-2015-0463,organizational,other
EPA-R08-OAR-2015-0463-0362,EPA-R08-OAR-2015-0463,organizational,other
EPA-R08-OAR-2015-0463-0363,EPA-R08-OAR-2015-0463,organizational,other
EPA-R08-OAR-2015-0463-0364,EPA-R08-OAR-2015-0463,organizational,other
EPA-R08-OAR-2015-0463-0365,EPA-R08-OAR-2015-0463,organizational,other
EPA-R08-OAR-2015-0463-0367,EPA-R08-OAR-2015-0463,organizational,other
EPA-R08-OAR-2015-0463-0368,EPA-R08-OAR-2015-0463,organizational,other
EPA-R08-OAR-2015-0463-0369,EPA-R08-OAR-2015-0463,organizational,other
EPA-R08-OAR-2015-0463-0370,EPA-R08-OAR-2015-0463,organizational,other
EPA-R08-OAR-2015-0463-0371,EPA-R08-OAR-2015-0463,organizational,other
EPA-R08-OAR-2015-0463-0372,EPA-R08-OAR-2015-0463,organizational,other
EPA-R08-OAR-2015-0463-0373,EPA-R08-OAR-2015-0463,organizational,other
EPA-R08-OAR-2015-0463-0374,EPA-R08-OAR-2015-0463,organizational,other
EPA-R08-OAR-2015-0463-0375,EPA-R08-OAR-2015-0463,organizational,other
EPA-R08-OAR-2015-0463-0376,EPA-R08-OAR-2015-0463,organizational,other
EPA-R08-OAR-2015-0463-0377,EPA-R08-OAR-2015-0463,organizational,other
EPA-R08-OAR-2015-0463-0378,EPA-R08-OAR-2015-0463,organizational,other
EPA-R08-OAR-2015-0463-0379,EPA-R08-OAR-2015-0463,organizational,other
EPA-R08-OAR-2015-0463-0380,EPA-R08-OAR-2015-0463,organizational,other
EPA-R08-OAR-2015-0463-0381,EPA-R08-OAR-2015-0463,organizational,other
EPA-R08-OAR-2015-0463-0382,EPA-R08-OAR-2015-0463,organizational,other
EPA-R08-OAR-2015-0463-0383,EPA-R08-OAR-2015-0463,organizational,other
EPA-R08-OAR-2015-0463-0384,EPA-R08-OAR-2015-0463,organizational,other
EPA-R08-OAR-2015-0463-0385,EPA-R08-OAR-2015-0463,organizational,other
EPA-R08-OAR-2015-0463-0386,EPA-R08-OAR-2015-0463,organizational,other
EPA-R08-OAR-2015-0463-0387,EPA-R08-OAR-2015-0463,organizational,other
EPA-R08-OAR-2015-0463-0388,EPA-R08-OAR-2015-0463,organizational,other
EPA-R08-OAR-2015-0463-0390,EPA-R08-OAR-2015-0463,organizational,other
EPA-R08-OAR-2015-0463-0391,EPA-R08-OAR-2015-0463,organizational,other
EPA-R08-OAR-2015-0463-0392,EPA-R08-OAR-2015-0463,organizational,other
EPA-R08-OAR-2015-0463-0393,EPA-R08-OAR-2015-0463,organizational,other
EPA-R08-OAR-2015-0463-0394,EPA-R08-OAR-2015-0463,organizational,other
EPA-R08-OAR-2015-0463-0395,EPA-R08-OAR-2015-0463,organizational,other
EPA-R08-OAR-2015-0463-0396,EPA-R08-OAR-2015-0463,organizational,other
EPA-R08-OAR-2015-0463-0397,EPA-R08-OAR-2015-0463,organizational,other
EPA-R08-OAR-2015-0463-0398,EPA-R08-OAR-2015-0463,organizational,other
EPA-R08-OAR-2015-0463-0399,EPA-R08-OAR-2015-0463,organizational,other
EPA-R08-OAR-2015-0463-0400,EPA-R08-OAR-2015-0463,organizational,other
EPA-R08-OAR-2015-0463-0401,EPA-R08-OAR-2015-0463,organizational,other
EPA-R08-OAR-2015-0463-0402,EPA-R08-OAR-2015-0463,organizational,other
EPA-R08-OAR-2015-0463-0403,EPA-R08-OAR-2015-0463,organizational,other
EPA-R08-OAR-2015-0463-0404,EPA-R08-OAR-2015-0463,organizational,other
EPA-R08-OAR-2015-0463-0405,EPA-R08-OAR-2015-0463,organizational,other
EPA-R08-OAR-2015-0463-0406,EPA-R08-OAR-2015-0463,organizational,other
EPA-R08-OAR-2015-0463-0407,EPA-R08-OAR-2015-0463,organizational,other
EPA-R08-OAR-2015-0463-0408,EPA-R08-OAR-2015-0463,organizational,other
EPA-R08-OAR-2015-0463-0409,EPA-R08-OAR-2015-0463,organizational,other
EPA-R08-OAR-2015-0463-0410,EPA-R08-OAR-2015-0463,organizational,other
EPA-R08-OAR-2015-0463-0411,EPA-R08-OAR-2015-0463,organizational,other
EPA-R08-OAR-2015-0463-0412,EPA-R08-OAR-2015-0463,organizational,other
EPA-R08-OAR-2015-0463-0413,EPA-R08-OAR-2015-0463,organizational,other
EPA-R08-OAR-2015-0463-0414,EPA-R08-OAR-2015-0463,organizational,other
EPA-R08-OAR-2015-0463-0415,EPA-R08-OAR-2015-0463,organizational,other
EPA-R08-OAR-2015-0463-0417,EPA-R08-OAR-2015-0463,organizational,other
EPA-R08-OAR-2015-0463-0418,EPA-R08-OAR-2015-0463,organizational,other
EPA-R08-OAR-2015-0463-0419,EPA-R08-OAR-2015-0463,organizational,other
EPA-R08-OAR-2015-0463-0420,EPA-R08-OAR-2015-0463,organizational,other
EPA-R08-OAR-2015-0463-0421,EPA-R08-OAR-2015-0463,organizational,other
EPA-R08-OAR-2015-0463-0422,EPA-R08-OAR-2015-0463,organizational,other
EPA-R08-OAR-2015-0463-0423,EPA-R08-OAR-2015-0463,organizational,other
EPA-R08-OAR-2015-0463-0424,EPA-R08-OAR-2015-0463,organizational,other
EPA-R08-OAR-2015-0463-0425,EPA-R08-OAR-2015-0463,organizational,other
EPA-R08-OAR-2015-0463-0428,EPA-R08-OAR-2015-0463,organizational,other
EPA-R08-OAR-2015-0463-0429,EPA-R08-OAR-2015-0463,organizational,other
EPA-R08-OAR-2015-0463-0430,EPA-R08-OAR-2015-0463,organizational,other
EPA-R08-OAR-2015-0463-0431,EPA-R08-OAR-2015-0463,organizational,other
EPA-R08-OAR-2015-0463-0432,EPA-R08-OAR-2015-0463,organizational,other
EPA-R08-OAR-2015-0463-0433,EPA-R08-OAR-2015-0463,organizational,other
EPA-R08-OAR-2015-0463-0434,EPA-R08-OAR-2015-0463,organizational,other
EPA-R08-OAR-2015-0463-0435,EPA-R08-OAR-2015-0463,organizational,other
EPA-R08-OAR-2015-0463-0436,EPA-R08-OAR-2015-0463,organizational,other
EPA-R08-OAR-2015-0463-0438,EPA-R08-OAR-2015-0463,organizational,other
EPA-R08-OAR-2015-0463-0440,EPA-R08-OAR-2015-0463,organizational,other
EPA-R08-OAR-2015-0463-0441,EPA-R08-OAR-2015-0463,organizational,other
EPA-R08-OAR-2015-0463-0442,EPA-R08-OAR-2015-0463,organizational,other
EPA-R08-OAR-2015-0463-0443,EPA-R08-OAR-2015-0463,organizational,other
EPA-R08-OAR-2015-0463-0444,EPA-R08-OAR-2015-0463,organizational,other
EPA-R08-OAR-2015-0463-0445,EPA-R08-OAR-2015-0463,organizational,other
EPA-R08-OAR-2015-0463-0446,EPA-R08-OAR-2015-0463,organizational,other
EPA-R08-OAR-2015-0463-0447,EPA-R08-OAR-2015-0463,organizational,other
EPA-R08-OAR-2015-0463-0448,EPA-R08-OAR-2015-0463,organizational,other
EPA-R08-OAR-2015-0463-0449,EPA-R08-OAR-2015-0463,organizational,other
EPA-R08-OAR-2015-0463-0450,EPA-R08-OAR-2015-0463,organizational,other
EPA-R08-OAR-2015-0463-0451,EPA-R08-OAR-2015-0463,organizational,other
EPA-R08-OAR-2015-0463-0452,EPA-R08-OAR-2015-0463,organizational,other
EPA-R08-OAR-2015-0463-0453,EPA-R08-OAR-2015-0463,organizational,other
EPA-R08-OAR-2015-0463-0454,EPA-R08-OAR-2015-0463,organizational,other
EPA-R08-OAR-2015-0463-0455,EPA-R08-OAR-2015-0463,organizational,other
EPA-R08-OAR-2015-0463-0456,EPA-R08-OAR-2015-0463,organizational,other
EPA-R08-OAR-2015-0463-0457,EPA-R08-OAR-2015-0463,organizational,other
EPA-R08-OAR-2015-0463-0458,EPA-R08-OAR-2015-0463,organizational,other
EPA-R08-OAR-2015-0463-0459,EPA-R08-OAR-2015-0463,organizational,other
EPA-R08-OAR-2015-0463-0460,EPA-R08-OAR-2015-0463,organizational,other
EPA-R08-OAR-2015-0463-0461,EPA-R08-OAR-2015-0463,organizational,other
EPA-R08-OAR-2015-0463-0464,EPA-R08-OAR-2015-0463,organizational,other
EPA-R08-OAR-2015-0463-0466,EPA-R08-OAR-2015-0463,organizational,other
EPA-R08-OAR-2015-0463-0467,EPA-R08-OAR-2015-0463,organizational,other
EPA-R08-OAR-2015-0463-0468,EPA-R08-OAR-2015-0463,organizational,other
EPA-R08-OAR-2015-0463-0469,EPA-R08-OAR-2015-0463,organizational,other
EPA-R08-OAR-2015-0463-0470,EPA-R08-OAR-2015-0463,organizational,other
EPA-R08-OAR-2015-0463-0471,EPA-R08-OAR-2015-0463,organizational,other
EPA-R08-OAR-2015-0463-0472,EPA-R08-OAR-2015-0463,organizational,other
EPA-R08-OAR-2015-0463-0474,EPA-R08-OAR-2015-0463,organizational,other
EPA-R08-OAR-2015-0463-0475,EPA-R08-OAR-2015-0463,organizational,other
EPA-R08-OAR-2015-0463-0476,EPA-R08-OAR-2015-0463,organizational,other
EPA-R08-OAR-2015-0463-0477,EPA-R08-OAR-2015-0463,organizational,other
EPA-R08-OAR-2015-0463-0478,EPA-R08-OAR-2015-0463,organizational,other
EPA-R08-OAR-2015-0463-0480,EPA-R08-OAR-2015-0463,organizational,other
EPA-R08-OAR-2015-0463-0481,EPA-R08-OAR-2015-0463,organizational,other
EPA-R08-OAR-2015-0463-0482,EPA-R08-OAR-2015-0463,organizational,other
EPA-R08-OAR-2015-0463-0483,EPA-R08-OAR-2015-0463,organizational,other
EPA-R08-OAR-2015-0463-0484,EPA-R08-OAR-2015-0463,organizational,other
EPA-R08-OAR-2015-0463-0485,EPA-R08-OAR-2015-0463,organizational,other
EPA-R08-OAR-2015-0463-0486,EPA-R08-OAR-2015-0463,organizational,other
EPA-R08-OAR-2015-0463-0487,EPA-R08-OAR-2015-0463,organizational,other
EPA-R08-OAR-2015-0463-0488,EPA-R08-OAR-2015-0463,organizational,other
EPA-R08-OAR-2015-0463-0489,EPA-R08-OAR-2015-0463,organizational,other
EPA-R08-OAR-2015-0463-0490,EPA-R08-OAR-2015-0463,organizational,other
EPA-R08-OAR-2015-0463-0491,EPA-R08-OAR-2015-0463,organizational,other
EPA-R08-OAR-2015-0463-0492,EPA-R08-OAR-2015-0463,organizational,other
EPA-R08-OAR-2015-0463-0493,EPA-R08-OAR-2015-0463,organizational,other
EPA-R08-OAR-2015-0463-0494,EPA-R08-OAR-2015-0463,organizational,other
EPA-R08-OAR-2015-0463-0495,EPA-R08-OAR-2015-0463,organizational,other
EPA-R08-OAR-2015-0463-0496,EPA-R08-OAR-2015-0463,organizational,other
EPA-R08-OAR-2015-0463-0497,EPA-R08-OAR-2015-0463,organizational,other
EPA-R08-OAR-2015-0463-0498,EPA-R08-OAR-2015-0463,organizational,other
EPA-R08-OAR-2015-0463-0499,EPA-R08-OAR-2015-0463,organizational,other
EPA-R08-OAR-2015-0463-0500,EPA-R08-OAR-2015-0463,organizational,other
EPA-R08-OAR-2015-0463-0501,EPA-R08-OAR-2015-0463,organizational,other
EPA-R08-OAR-2015-0463-0502,EPA-R08-OAR-2015-0463,organizational,other
EPA-R08-OAR-2015-0463-0503,EPA-R08-OAR-2015-0463,organizational,other
EPA-R08-OAR-2015-0463-0504,EPA-R08-OAR-2015-0463,organizational,other
EPA-R08-OAR-2015-0463-0505,EPA-R08-OAR-2015-0463,organizational,other
EPA-R08-OAR-2015-0463-0506,EPA-R08-OAR-2015-0463,organizational,other
EPA-R08-OAR-2015-0463-0507,EPA-R08-OAR-2015-0463,organizational,other
EPA-R08-OAR-2015-0463-0509,EPA-R08-OAR-2015-0463,organizational,other
EPA-R08-OAR-2015-0463-0511,EPA-R08-OAR-2015-0463,organizational,other
EPA-R08-OAR-2015-0463-0513,EPA-R08-OAR-2015-0463,organizational,other
EPA-R08-OAR-2015-0463-0514,EPA-R08-OAR-2015-0463,organizational,other
EPA-R08-OAR-2015-0463-0515,EPA-R08-OAR-2015-0463,organizational,other
EPA-R08-OAR-2015-0463-0517,EPA-R08-OAR-2015-0463,organizational,other
EPA-R08-OAR-2015-0463-0530,EPA-R08-OAR-2015-0463,organizational,other
EPA-R08-OAR-2015-0463-0531,EPA-R08-OAR-2015-0463,organizational,other
EPA-R08-OAR-2015-0463-0532,EPA-R08-OAR-2015-0463,organizational,other
EPA-R08-OAR-2015-0463-0533,EPA-R08-OAR-2015-0463,organizational,other
EPA-R08-OAR-2015-0463-0534,EPA-R08-OAR-2015-0463,organizational,other
EPA-R08-OAR-2015-0463-0535,EPA-R08-OAR-2015-0463,organizational,other
EPA-R08-OAR-2015-0463-0536,EPA-R08-OAR-2015-0463,organizational,other
EPA-R08-OAR-2015-0463-0538,EPA-R08-OAR-2015-0463,organizational,other
EPA-R08-OAR-2015-0463-0540,EPA-R08-OAR-2015-0463,organizational,other
EPA-R08-OAR-2015-0463-0542,EPA-R08-OAR-2015-0463,organizational,other
EPA-R08-OAR-2015-0463-0543,EPA-R08-OAR-2015-0463,organizational,other
EPA-R08-OAR-2015-0463-0545,EPA-R08-OAR-2015-0463,organizational,other
EPA-R08-OAR-2015-0463-0546,EPA-R08-OAR-2015-0463,organizational,other
EPA-R08-OAR-2015-0463-0547,EPA-R08-OAR-2015-0463,organizational,other
EPA-R08-OAR-2015-0463-0548,EPA-R08-OAR-2015-0463,organizational,other
EPA-R08-OAR-2015-0463-0549,EPA-R08-OAR-2015-0463,organizational,other
EPA-R08-OAR-2015-0463-0554,EPA-R08-OAR-2015-0463,organizational,other
EPA-R08-OAR-2015-0463-0556,EPA-R08-OAR-2015-0463,organizational,other
EPA-R08-OAR-2015-0463-0557,EPA-R08-OAR-2015-0463,organizational,other
EPA-R08-OAR-2015-0463-0560,EPA-R08-OAR-2015-0463,organizational,other
EPA-R08-OAR-2015-0463-0561,EPA-R08-OAR-2015-0463,organizational,other
EPA-R08-OAR-2015-0463-0562,EPA-R08-OAR-2015-0463,organizational,other
EPA-R08-OAR-2015-0463-0563,EPA-R08-OAR-2015-0463,organizational,other
EPA-R08-OAR-2015-0463-0565,EPA-R08-OAR-2015-0463,organizational,other
EPA-R08-OAR-2015-0463-0566,EPA-R08-OAR-2015-0463,organizational,other
EPA-R08-OAR-2015-0463-0567,EPA-R08-OAR-2015-0463,organizational,other
EPA-R08-OAR-2015-0463-0569,EPA-R08-OAR-2015-0463,organizational,other
EPA-R08-OAR-2015-0463-0570,EPA-R08-OAR-2015-0463,organizational,other
EPA-R08-OAR-2015-0463-0572,EPA-R08-OAR-2015-0463,organizational,other
EPA-R08-OAR-2015-0463-0573,EPA-R08-OAR-2015-0463,organizational,other
EPA-R08-OAR-2015-0463-0574,EPA-R08-OAR-2015-0463,organizational,other
EPA-R08-OAR-2015-0463-0575,EPA-R08-OAR-2015-0463,organizational,other
EPA-R08-OAR-2015-0463-0576,EPA-R08-OAR-2015-0463,organizational,other
EPA-R08-OAR-2015-0463-0579,EPA-R08-OAR-2015-0463,organizational,other
EPA-R08-OAR-2015-0463-0582,EPA-R08-OAR-2015-0463,organizational,other
EPA-R08-OAR-2015-0463-0583,EPA-R08-OAR-2015-0463,organizational,other
EPA-R08-OAR-2015-0463-0587,EPA-R08-OAR-2015-0463,organizational,other
EPA-R08-OAR-2015-0463-0588,EPA-R08-OAR-2015-0463,organizational,other
EPA-R08-OAR-2015-0463-0589,EPA-R08-OAR-2015-0463,organizational,other
EPA-R08-OAR-2015-0463-0591,EPA-R08-OAR-2015-0463,organizational,other
EPA-R08-OAR-2015-0463-0593,EPA-R08-OAR-2015-0463,organizational,other
EPA-R08-OAR-2015-0463-0594,EPA-R08-OAR-2015-0463,organizational,other
EPA-R08-OAR-2015-0463-0596,EPA-R08-OAR-2015-0463,organizational,other
EPA-R08-OAR-2015-0463-0597,EPA-R08-OAR-2015-0463,organizational,other
EPA-R08-OAR-2015-0463-0598,EPA-R08-OAR-2015-0463,organizational,other
EPA-R08-OAR-2015-0463-0600,EPA-R08-OAR-2015-0463,organizational,other
EPA-R08-OAR-2015-0463-0603,EPA-R08-OAR-2015-0463,organizational,other
EPA-R08-OAR-2015-0463-0604,EPA-R08-OAR-2015-0463,organizational,other
EPA-R08-OAR-2015-0463-0607,EPA-R08-OAR-2015-0463,organizational,other
EPA-R08-OAR-2015-0463-0609,EPA-R08-OAR-2015-0463,organizational,other
EPA-R08-OAR-2015-0463-0610,EPA-R08-OAR-2015-0463,organizational,other
EPA-R08-OAR-2015-0463-0613,EPA-R08-OAR-2015-0463,organizational,other
EPA-R08-OAR-2015-0463-0616,EPA-R08-OAR-2015-0463,organizational,other
EPA-R08-OAR-2015-0463-0617,EPA-R08-OAR-2015-0463,organizational,other
EPA-R08-OAR-2015-0463-0618,EPA-R08-OAR-2015-0463,organizational,other
EPA-R08-OAR-2015-0463-0619,EPA-R08-OAR-2015-0463,organizational,other
EPA-R08-OAR-2015-0463-0620,EPA-R08-OAR-2015-0463,organizational,other
EPA-R08-OAR-2015-0463-0623,EPA-R08-OAR-2015-0463,organizational,other
EPA-R08-OAR-2015-0463-0625,EPA-R08-OAR-2015-0463,organizational,other
EPA-R08-OAR-2015-0463-0627,EPA-R08-OAR-2015-0463,organizational,other
EPA-R08-OAR-2015-0463-0628,EPA-R08-OAR-2015-0463,organizational,other
EPA-R08-OAR-2015-0463-0629,EPA-R08-OAR-2015-0463,organizational,other
EPA-R08-OAR-2015-0463-0630,EPA-R08-OAR-2015-0463,organizational,other
EPA-R08-OAR-2015-0463-0633,EPA-R08-OAR-2015-0463,organizational,other
EPA-R08-OAR-2015-0463-0635,EPA-R08-OAR-2015-0463,organizational,other
EPA-R08-OAR-2015-0463-0636,EPA-R08-OAR-2015-0463,organizational,other
EPA-R08-OAR-2015-0463-0637,EPA-R08-OAR-2015-0463,organizational,other
EPA-R08-OAR-2015-0463-0638,EPA-R08-OAR-2015-0463,organizational,other
EPA-R08-OAR-2015-0463-0639,EPA-R08-OAR-2015-0463,organizational,other
EPA-R08-OAR-2015-0463-0641,EPA-R08-OAR-2015-0463,organizational,other
EPA-R08-OAR-2015-0463-0643,EPA-R08-OAR-2015-0463,organizational,other
EPA-R08-OAR-2015-0463-0644,EPA-R08-OAR-2015-0463,organizational,other
EPA-R08-OAR-2015-0463-0645,EPA-R08-OAR-2015-0463,organizational,other
EPA-R08-OAR-2015-0463-0647,EPA-R08-OAR-2015-0463,organizational,other
EPA-R08-OAR-2015-0463-0649,EPA-R08-OAR-2015-0463,organizational,other
EPA-R08-OAR-2015-0463-0652,EPA-R08-OAR-2015-0463,organizational,other
EPA-R08-OAR-2015-0463-0653,EPA-R08-OAR-2015-0463,organizational,other
EPA-R08-OAR-2015-0463-0654,EPA-R08-OAR-2015-0463,organizational,other
EPA-R08-OAR-2015-0463-0657,EPA-R08-OAR-2015-0463,organizational,other
EPA-R08-OAR-2015-0463-0659,EPA-R08-OAR-2015-0463,organizational,other
EPA-R08-OAR-2015-0463-0660,EPA-R08-OAR-2015-0463,organizational,other
EPA-R08-OAR-2015-0463-0662,EPA-R08-OAR-2015-0463,organizational,other
EPA-R08-OAR-2015-0463-0663,EPA-R08-OAR-2015-0463,organizational,other
EPA-R08-OAR-2015-0463-0664,EPA-R08-OAR-2015-0463,organizational,other
EPA-R08-OAR-2015-0463-0665,EPA-R08-OAR-2015-0463,organizational,other
EPA-R08-OAR-2015-0463-0666,EPA-R08-OAR-2015-0463,organizational,other
EPA-R08-OAR-2015-0463-0668,EPA-R08-OAR-2015-0463,organizational,other
EPA-R08-OAR-2015-0463-0669,EPA-R08-OAR-2015-0463,organizational,other
EPA-R08-OAR-2015-0463-0672,EPA-R08-OAR-2015-0463,organizational,other
EPA-R08-OAR-2015-0463-0673,EPA-R08-OAR-2015-0463,organizational,other
EPA-R08-OAR-2015-0463-0675,EPA-R08-OAR-2015-0463,organizational,other
EPA-R08-OAR-2015-0463-0676,EPA-R08-OAR-2015-0463,organizational,other
EPA-R08-OAR-2015-0463-0677,EPA-R08-OAR-2015-0463,organizational,other
EPA-R08-OAR-2015-0463-0678,EPA-R08-OAR-2015-0463,organizational,other
EPA-R08-OAR-2015-0463-0681,EPA-R08-OAR-2015-0463,organizational,other
EPA-R08-OAR-2015-0463-0682,EPA-R08-OAR-2015-0463,organizational,other
EPA-R08-OAR-2015-0463-0683,EPA-R08-OAR-2015-0463,organizational,other
EPA-R08-OAR-2015-0463-0684,EPA-R08-OAR-2015-0463,organizational,other
EPA-R08-OAR-2015-0463-0685,EPA-R08-OAR-2015-0463,organizational,other
EPA-R08-OAR-2015-0463-0688,EPA-R08-OAR-2015-0463,organizational,other
EPA-R08-OAR-2015-0463-0689,EPA-R08-OAR-2015-0463,organizational,other
EPA-R08-OAR-2015-0463-0690,EPA-R08-OAR-2015-0463,organizational,other
EPA-R08-OAR-2015-0463-0691,EPA-R08-OAR-2015-0463,organizational,other
EPA-R08-OAR-2015-0463-0692,EPA-R08-OAR-2015-0463,organizational,other
EPA-R08-OAR-2015-0463-0693,EPA-R08-OAR-2015-0463,organizational,other
EPA-R08-OAR-2015-0463-0695,EPA-R08-OAR-2015-0463,organizational,other
EPA-R08-OAR-2015-0463-0696,EPA-R08-OAR-2015-0463,organizational,other
EPA-R08-OAR-2015-0463-0697,EPA-R08-OAR-2015-0463,organizational,other
EPA-R08-OAR-2015-0463-0700,EPA-R08-OAR-2015-0463,organizational,other
EPA-R08-OAR-2015-0463-0702,EPA-R08-OAR-2015-0463,organizational,other
EPA-R08-OAR-2015-0463-0703,EPA-R08-OAR-2015-0463,organizational,other
EPA-R08-OAR-2015-0463-0704,EPA-R08-OAR-2015-0463,organizational,other
EPA-R08-OAR-2015-0463-0705,EPA-R08-OAR-2015-0463,organizational,other
EPA-R08-OAR-2015-0463-0706,EPA-R08-OAR-2015-0463,organizational,other
EPA-R08-OAR-2015-0463-0707,EPA-R08-OAR-2015-0463,organizational,other
EPA-R08-OAR-2015-0463-0708,EPA-R08-OAR-2015-0463,organizational,other
EPA-R08-OAR-2015-0463-0709,EPA-R08-OAR-2015-0463,organizational,other
EPA-R08-OAR-2015-0463-0710,EPA-R08-OAR-2015-0463,organizational,other
EPA-R08-OAR-2015-0463-0711,EPA-R08-OAR-2015-0463,organizational,other
EPA-R08-OAR-2015-0463-0712,EPA-R08-OAR-2015-0463,organizational,other
EPA-R08-OAR-2015-0463-0714,EPA-R08-OAR-2015-0463,organizational,other
EPA-R08-OAR-2015-0463-0715,EPA-R08-OAR-2015-0463,organizational,other
EPA-R08-OAR-2015-0463-0717,EPA-R08-OAR-2015-0463,organizational,other
EPA-R08-OAR-2015-0463-0718,EPA-R08-OAR-2015-0463,organizational,other
EPA-R08-OAR-2015-0463-0719,EPA-R08-OAR-2015-0463,organizational,other
EPA-R08-OAR-2015-0463-0721,EPA-R08-OAR-2015-0463,organizational,other
EPA-R08-OAR-2015-0463-0722,EPA-R08-OAR-2015-0463,organizational,other
EPA-R08-OAR-2015-0463-0723,EPA-R08-OAR-2015-0463,organizational,other
EPA-R08-OAR-2015-0463-0724,EPA-R08-OAR-2015-0463,organizational,other
EPA-R08-OAR-2015-0463-0726,EPA-R08-OAR-2015-0463,organizational,other
EPA-R08-OAR-2015-0463-0727,EPA-R08-OAR-2015-0463,organizational,other
EPA-R08-OAR-2015-0463-0730,EPA-R08-OAR-2015-0463,organizational,other
EPA-R08-OAR-2015-0463-0731,EPA-R08-OAR-2015-0463,organizational,other
EPA-R08-OAR-2015-0463-0732,EPA-R08-OAR-2015-0463,organizational,other
EPA-R08-OAR-2015-0463-0734,EPA-R08-OAR-2015-0463,organizational,other
EPA-R08-OAR-2015-0463-0735,EPA-R08-OAR-2015-0463,organizational,other
EPA-R08-OAR-2015-0463-0736,EPA-R08-OAR-2015-0463,organizational,other
EPA-R08-OAR-2015-0463-0737,EPA-R08-OAR-2015-0463,organizational,other
EPA-R08-OAR-2015-0463-0738,EPA-R08-OAR-2015-0463,organizational,other
EPA-R08-OAR-2015-0463-0741,EPA-R08-OAR-2015-0463,organizational,other
EPA-R08-OAR-2015-0463-0742,EPA-R08-OAR-2015-0463,organizational,other
EPA-R08-OAR-2015-0463-0743,EPA-R08-OAR-2015-0463,organizational,other
EPA-R08-OAR-2015-0463-0744,EPA-R08-OAR-2015-0463,organizational,other
EPA-R08-OAR-2015-0463-0746,EPA-R08-OAR-2015-0463,organizational,other
EPA-R08-OAR-2015-0463-0748,EPA-R08-OAR-2015-0463,organizational,other
EPA-R08-OAR-2015-0463-0749,EPA-R08-OAR-2015-0463,organizational,other
EPA-R08-OAR-2015-0463-0750,EPA-R08-OAR-2015-0463,organizational,other
EPA-R08-OAR-2015-0463-0751,EPA-R08-OAR-2015-0463,organizational,other
EPA-R08-OAR-2015-0463-0752,EPA-R08-OAR-2015-0463,organizational,other
EPA-R08-OAR-2015-0463-0753,EPA-R08-OAR-2015-0463,organizational,other
EPA-R08-OAR-2015-0463-0754,EPA-R08-OAR-2015-0463,organizational,other
EPA-R08-OAR-2015-0463-0755,EPA-R08-OAR-2015-0463,organizational,other
EPA-R08-OAR-2015-0463-0757,EPA-R08-OAR-2015-0463,organizational,other
EPA-R08-OAR-2015-0463-0758,EPA-R08-OAR-2015-0463,organizational,other
EPA-R08-OAR-2015-0463-0760,EPA-R08-OAR-2015-0463,organizational,other
EPA-R08-OAR-2015-0463-0764,EPA-R08-OAR-2015-0463,organizational,other
EPA-R08-OAR-2015-0463-0765,EPA-R08-OAR-2015-0463,organizational,other
EPA-R08-OAR-2015-0463-0767,EPA-R08-OAR-2015-0463,organizational,other
EPA-R08-OAR-2015-0463-0768,EPA-R08-OAR-2015-0463,organizational,other
EPA-R08-OAR-2015-0463-0770,EPA-R08-OAR-2015-0463,organizational,other
EPA-R08-OAR-2015-0463-0772,EPA-R08-OAR-2015-0463,organizational,other
EPA-R08-OAR-2015-0463-0775,EPA-R08-OAR-2015-0463,organizational,other
EPA-R08-OAR-2015-0463-0777,EPA-R08-OAR-2015-0463,organizational,other
EPA-R08-OAR-2015-0463-0778,EPA-R08-OAR-2015-0463,organizational,other
EPA-R08-OAR-2015-0463-0780,EPA-R08-OAR-2015-0463,organizational,other
EPA-R08-OAR-2015-0463-0786,EPA-R08-OAR-2015-0463,organizational,other
EPA-R08-OAR-2015-0463-0787,EPA-R08-OAR-2015-0463,organizational,other
EPA-R08-OAR-2015-0463-0788,EPA-R08-OAR-2015-0463,organizational,other
EPA-R08-OAR-2015-0463-0789,EPA-R08-OAR-2015-0463,organizational,other
EPA-R08-OAR-2015-0463-0790,EPA-R08-OAR-2015-0463,organizational,other
EPA-R08-OAR-2015-0463-0791,EPA-R08-OAR-2015-0463,organizational,other
EPA-R08-OAR-2015-0463-0792,EPA-R08-OAR-2015-0463,organizational,other
EPA-R08-OAR-2015-0463-0793,EPA-R08-OAR-2015-0463,organizational,other
EPA-R08-OAR-2015-0463-0794,EPA-R08-OAR-2015-0463,organizational,other
EPA-R08-OAR-2015-0463-0796,EPA-R08-OAR-2015-0463,organizational,other
EPA-R08-OAR-2015-0463-0797,EPA-R08-OAR-2015-0463,organizational,other
EPA-R08-OAR-2015-0463-0798,EPA-R08-OAR-2015-0463,organizational,other
EPA-R08-OAR-2015-0463-0799,EPA-R08-OAR-2015-0463,organizational,other
EPA-R08-OAR-2015-0463-0801,EPA-R08-OAR-2015-0463,organizational,other
EPA-R08-OAR-2015-0463-0802,EPA-R08-OAR-2015-0463,organizational,other
EPA-R08-OAR-2015-0463-0803,EPA-R08-OAR-2015-0463,organizational,other
EPA-R08-OAR-2015-0463-0804,EPA-R08-OAR-2015-0463,organizational,other
EPA-R08-OAR-2015-0463-0805,EPA-R08-OAR-2015-0463,organizational,other
EPA-R08-OAR-2015-0463-0806,EPA-R08-OAR-2015-0463,organizational,other
EPA-R08-OAR-2015-0463-0808,EPA-R08-OAR-2015-0463,organizational,other
EPA-R08-OAR-2015-0463-0809,EPA-R08-OAR-2015-0463,organizational,other
EPA-R08-OAR-2015-0463-0810,EPA-R08-OAR-2015-0463,organizational,other
EPA-R08-OAR-2015-0463-0813,EPA-R08-OAR-2015-0463,organizational,other
EPA-R08-OAR-2015-0463-0814,EPA-R08-OAR-2015-0463,organizational,other
EPA-R08-OAR-2015-0463-0815,EPA-R08-OAR-2015-0463,organizational,other
EPA-R08-OAR-2015-0463-0816,EPA-R08-OAR-2015-0463,organizational,other
EPA-R08-OAR-2015-0463-0817,EPA-R08-OAR-2015-0463,organizational,other
EPA-R08-OAR-2015-0463-0819,EPA-R08-OAR-2015-0463,organizational,other
EPA-R08-OAR-2015-0463-0820,EPA-R08-OAR-2015-0463,organizational,other
EPA-R08-OAR-2015-0463-0825,EPA-R08-OAR-2015-0463,organizational,other
EPA-R08-OAR-2015-0463-0826,EPA-R08-OAR-2015-0463,organizational,other
EPA-R08-OAR-2015-0463-0827,EPA-R08-OAR-2015-0463,organizational,other
EPA-R08-OAR-2015-0463-0829,EPA-R08-OAR-2015-0463,organizational,other
EPA-R08-OAR-2015-0463-0830,EPA-R08-OAR-2015-0463,organizational,other
EPA-R08-OAR-2015-0463-0831,EPA-R08-OAR-2015-0463,organizational,other
EPA-R08-OAR-2015-0463-0834,EPA-R08-OAR-2015-0463,organizational,other
EPA-R08-OAR-2015-0463-0836,EPA-R08-OAR-2015-0463,organizational,other
EPA-R08-OAR-2015-0463-0838,EPA-R08-OAR-2015-0463,organizational,other
EPA-R08-OAR-2015-0463-0841,EPA-R08-OAR-2015-0463,organizational,other
EPA-R08-OAR-2015-0463-0842,EPA-R08-OAR-2015-0463,organizational,other
EPA-R08-OAR-2015-0463-0844,EPA-R08-OAR-2015-0463,organizational,other
EPA-R08-OAR-2015-0463-0846,EPA-R08-OAR-2015-0463,organizational,other
EPA-R08-OAR-2015-0463-0847,EPA-R08-OAR-2015-0463,organizational,other
EPA-R08-OAR-2015-0463-0849,EPA-R08-OAR-2015-0463,organizational,other
EPA-R08-OAR-2015-0463-0850,EPA-R08-OAR-2015-0463,organizational,other
EPA-R08-OAR-2015-0463-0851,EPA-R08-OAR-2015-0463,organizational,other
EPA-R08-OAR-2015-0463-0852,EPA-R08-OAR-2015-0463,organizational,other
EPA-R08-OAR-2015-0463-0854,EPA-R08-OAR-2015-0463,organizational,other
EPA-R08-OAR-2015-0463-0855,EPA-R08-OAR-2015-0463,organizational,other
EPA-R08-OAR-2015-0463-0856,EPA-R08-OAR-2015-0463,organizational,other
EPA-R08-OAR-2015-0463-0858,EPA-R08-OAR-2015-0463,organizational,other
EPA-R08-OAR-2015-0463-0859,EPA-R08-OAR-2015-0463,organizational,other
EPA-R08-OAR-2015-0463-0861,EPA-R08-OAR-2015-0463,organizational,other
EPA-R08-OAR-2015-0463-0862,EPA-R08-OAR-2015-0463,organizational,other
EPA-R08-OAR-2015-0463-0863,EPA-R08-OAR-2015-0463,organizational,other
EPA-R08-OAR-2015-0463-0869,EPA-R08-OAR-2015-0463,organizational,other
EPA-R08-OAR-2015-0463-0870,EPA-R08-OAR-2015-0463,organizational,other
EPA-R08-OAR-2015-0463-0871,EPA-R08-OAR-2015-0463,organizational,other
EPA-R08-OAR-2015-0463-0872,EPA-R08-OAR-2015-0463,organizational,other
EPA-R08-OAR-2015-0463-0875,EPA-R08-OAR-2015-0463,organizational,other
EPA-R08-OAR-2015-0463-0877,EPA-R08-OAR-2015-0463,organizational,other
EPA-R08-OAR-2015-0463-0880,EPA-R08-OAR-2015-0463,organizational,other
EPA-R08-OAR-2015-0463-0881,EPA-R08-OAR-2015-0463,organizational,other
EPA-R08-OAR-2015-0463-0882,EPA-R08-OAR-2015-0463,organizational,other
EPA-R08-OAR-2015-0463-0883,EPA-R08-OAR-2015-0463,organizational,other
EPA-R08-OAR-2015-0463-0885,EPA-R08-OAR-2015-0463,organizational,other
EPA-R08-OAR-2015-0463-0886,EPA-R08-OAR-2015-0463,organizational,other
EPA-R08-OAR-2015-0463-0887,EPA-R08-OAR-2015-0463,organizational,other
EPA-R08-OAR-2015-0463-0888,EPA-R08-OAR-2015-0463,organizational,other
EPA-R08-OAR-2015-0463-0890,EPA-R08-OAR-2015-0463,organizational,other
EPA-R08-OAR-2015-0463-0892,EPA-R08-OAR-2015-0463,organizational,other
EPA-R08-OAR-2015-0463-0893,EPA-R08-OAR-2015-0463,organizational,other
EPA-R08-OAR-2015-0463-0894,EPA-R08-OAR-2015-0463,organizational,other
EPA-R08-OAR-2015-0463-0895,EPA-R08-OAR-2015-0463,organizational,other
EPA-R08-OAR-2015-0463-0896,EPA-R08-OAR-2015-0463,organizational,other
EPA-R08-OAR-2015-0463-0897,EPA-R08-OAR-2015-0463,organizational,other
EPA-R08-OAR-2015-0463-0901,EPA-R08-OAR-2015-0463,organizational,other
EPA-R08-OAR-2015-0463-0902,EPA-R08-OAR-2015-0463,organizational,other
EPA-R08-OAR-2015-0463-0903,EPA-R08-OAR-2015-0463,organizational,other
EPA-R08-OAR-2015-0463-0905,EPA-R08-OAR-2015-0463,organizational,other
EPA-R08-OAR-2015-0463-0908,EPA-R08-OAR-2015-0463,organizational,other
EPA-R08-OAR-2015-0463-0909,EPA-R08-OAR-2015-0463,organizational,other
EPA-R08-OAR-2015-0463-0911,EPA-R08-OAR-2015-0463,organizational,other
EPA-R08-OAR-2015-0463-0912,EPA-R08-OAR-2015-0463,organizational,other
EPA-R08-OAR-2015-0463-0913,EPA-R08-OAR-2015-0463,organizational,other
EPA-R08-OAR-2015-0463-0914,EPA-R08-OAR-2015-0463,organizational,other
EPA-R08-OAR-2015-0463-0915,EPA-R08-OAR-2015-0463,organizational,other
EPA-R08-OAR-2015-0463-0916,EPA-R08-OAR-2015-0463,organizational,other
EPA-R08-OAR-2015-0463-0917,EPA-R08-OAR-2015-0463,organizational,other
EPA-R08-OAR-2015-0463-0918,EPA-R08-OAR-2015-0463,organizational,other
EPA-R08-OAR-2015-0463-0919,EPA-R08-OAR-2015-0463,organizational,other
EPA-R08-OAR-2015-0463-0920,EPA-R08-OAR-2015-0463,organizational,other
EPA-R08-OAR-2015-0463-0921,EPA-R08-OAR-2015-0463,organizational,other
EPA-R08-OAR-2015-0463-0922,EPA-R08-OAR-2015-0463,organizational,other
EPA-R08-OAR-2015-0463-0923,EPA-R08-OAR-2015-0463,organizational,other
EPA-R08-OAR-2015-0463-0926,EPA-R08-OAR-2015-0463,organizational,other
EPA-R08-OAR-2015-0463-0928,EPA-R08-OAR-2015-0463,organizational,other
EPA-R08-OAR-2015-0463-0929,EPA-R08-OAR-2015-0463,organizational,other
EPA-R08-OAR-2015-0463-0932,EPA-R08-OAR-2015-0463,organizational,other
EPA-R08-OAR-2015-0463-0933,EPA-R08-OAR-2015-0463,organizational,other
EPA-R08-OAR-2015-0463-0934,EPA-R08-OAR-2015-0463,organizational,other
EPA-R08-OAR-2015-0463-0935,EPA-R08-OAR-2015-0463,organizational,other
EPA-R08-OAR-2015-0463-0936,EPA-R08-OAR-2015-0463,organizational,other
EPA-R08-OAR-2015-0463-0937,EPA-R08-OAR-2015-0463,organizational,other
EPA-R08-OAR-2015-0463-0939,EPA-R08-OAR-2015-0463,organizational,other
EPA-R08-OAR-2015-0463-0942,EPA-R08-OAR-2015-0463,organizational,other
EPA-R08-OAR-2015-0463-0943,EPA-R08-OAR-2015-0463,organizational,other
EPA-R08-OAR-2015-0463-0945,EPA-R08-OAR-2015-0463,organizational,other
EPA-R08-OAR-2015-0463-0947,EPA-R08-OAR-2015-0463,organizational,other
EPA-R08-OAR-2015-0463-0948,EPA-R08-OAR-2015-0463,organizational,other
EPA-R08-OAR-2015-0463-0949,EPA-R08-OAR-2015-0463,organizational,other
EPA-R08-OAR-2015-0463-0950,EPA-R08-OAR-2015-0463,organizational,other
EPA-R08-OAR-2015-0463-0951,EPA-R08-OAR-2015-0463,organizational,other
EPA-R08-OAR-2015-0463-0952,EPA-R08-OAR-2015-0463,organizational,other
EPA-R08-OAR-2015-0463-0953,EPA-R08-OAR-2015-0463,organizational,other
EPA-R08-OAR-2015-0463-0954,EPA-R08-OAR-2015-0463,organizational,other
EPA-R08-OAR-2015-0463-0957,EPA-R08-OAR-2015-0463,organizational,other
EPA-R08-OAR-2015-0463-0961,EPA-R08-OAR-2015-0463,organizational,other
EPA-R08-OAR-2015-0463-0962,EPA-R08-OAR-2015-0463,organizational,other
EPA-R08-OAR-2015-0463-0963,EPA-R08-OAR-2015-0463,organizational,other
EPA-R08-OAR-2015-0463-0964,EPA-R08-OAR-2015-0463,organizational,other
EPA-R08-OAR-2015-0463-0965,EPA-R08-OAR-2015-0463,organizational,other
EPA-R08-OAR-2015-0463-0967,EPA-R08-OAR-2015-0463,organizational,other
EPA-R08-OAR-2015-0463-0969,EPA-R08-OAR-2015-0463,organizational,other
EPA-R08-OAR-2015-0463-0970,EPA-R08-OAR-2015-0463,organizational,other
EPA-R08-OAR-2015-0463-0971,EPA-R08-OAR-2015-0463,organizational,other
EPA-R08-OAR-2015-0463-0976,EPA-R08-OAR-2015-0463,organizational,other
EPA-R08-OAR-2015-0463-0978,EPA-R08-OAR-2015-0463,organizational,other
EPA-R08-OAR-2015-0463-0980,EPA-R08-OAR-2015-0463,organizational,other
EPA-R08-OAR-2015-0463-0983,EPA-R08-OAR-2015-0463,organizational,other
EPA-R08-OAR-2015-0463-0988,EPA-R08-OAR-2015-0463,organizational,other
EPA-R08-OAR-2015-0463-0990,EPA-R08-OAR-2015-0463,organizational,other
EPA-R08-OAR-2015-0463-0992,EPA-R08-OAR-2015-0463,organizational,other
EPA-R08-OAR-2015-0463-0993,EPA-R08-OAR-2015-0463,organizational,other
EPA-R08-OAR-2015-0463-0994,EPA-R08-OAR-2015-0463,organizational,other
EPA-R08-OAR-2015-0463-0995,EPA-R08-OAR-2015-0463,organizational,other
EPA-R08-OAR-2015-0463-0996,EPA-R08-OAR-2015-0463,organizational,other
EPA-R08-OAR-2015-0463-0997,EPA-R08-OAR-2015-0463,organizational,other
EPA-R08-OAR-2015-0463-0999,EPA-R08-OAR-2015-0463,organizational,other
EPA-R08-OAR-2015-0463-1000,EPA-R08-OAR-2015-0463,organizational,other
EPA-R08-OAR-2015-0463-1002,EPA-R08-OAR-2015-0463,organizational,other
EPA-R08-OAR-2015-0463-1005,EPA-R08-OAR-2015-0463,organizational,other
EPA-R08-OAR-2015-0463-1008,EPA-R08-OAR-2015-0463,organizational,other
EPA-R08-OAR-2015-0463-1009,EPA-R08-OAR-2015-0463,organizational,other
EPA-R08-OAR-2015-0463-1011,EPA-R08-OAR-2015-0463,organizational,other
EPA-R08-OAR-2015-0463-1013,EPA-R08-OAR-2015-0463,organizational,other
EPA-R08-OAR-2015-0463-1015,EPA-R08-OAR-2015-0463,organizational,other
EPA-R08-OAR-2015-0463-1016,EPA-R08-OAR-2015-0463,organizational,other
EPA-R08-OAR-2015-0463-1017,EPA-R08-OAR-2015-0463,organizational,other
EPA-R08-OAR-2015-0463-1018,EPA-R08-OAR-2015-0463,organizational,other
EPA-R08-OAR-2015-0463-1020,EPA-R08-OAR-2015-0463,organizational,other
EPA-R08-OAR-2015-0463-1022,EPA-R08-OAR-2015-0463,organizational,other
EPA-R08-OAR-2015-0463-1024,EPA-R08-OAR-2015-0463,organizational,other
EPA-R08-OAR-2015-0463-1026,EPA-R08-OAR-2015-0463,organizational,other
EPA-R08-OAR-2015-0463-1027,EPA-R08-OAR-2015-0463,organizational,other
EPA-R08-OAR-2015-0463-1029,EPA-R08-OAR-2015-0463,organizational,other
EPA-R08-OAR-2015-0463-1030,EPA-R08-OAR-2015-0463,organizational,other
EPA-R08-OAR-2015-0463-1031,EPA-R08-OAR-2015-0463,organizational,other
EPA-R08-OAR-2015-0463-1032,EPA-R08-OAR-2015-0463,organizational,other
EPA-R08-OAR-2015-0463-1033,EPA-R08-OAR-2015-0463,organizational,other
EPA-R08-OAR-2015-0463-1034,EPA-R08-OAR-2015-0463,organizational,other
EPA-R08-OAR-2015-0463-1035,EPA-R08-OAR-2015-0463,organizational,other
EPA-R08-OAR-2015-0463-1036,EPA-R08-OAR-2015-0463,organizational,other
EPA-R08-OAR-2015-0463-1039,EPA-R08-OAR-2015-0463,organizational,other
EPA-R08-OAR-2015-0463-1041,EPA-R08-OAR-2015-0463,organizational,other
EPA-R08-OAR-2015-0463-1043,EPA-R08-OAR-2015-0463,organizational,other
EPA-R08-OAR-2015-0463-1044,EPA-R08-OAR-2015-0463,organizational,other
EPA-R08-OAR-2015-0463-1045,EPA-R08-OAR-2015-0463,organizational,other
EPA-R08-OAR-2015-0463-1046,EPA-R08-OAR-2015-0463,organizational,other
EPA-R08-OAR-2015-0463-1048,EPA-R08-OAR-2015-0463,organizational,other
EPA-R08-OAR-2015-0463-1049,EPA-R08-OAR-2015-0463,organizational,other
EPA-R08-OAR-2015-0463-1052,EPA-R08-OAR-2015-0463,organizational,other
EPA-R08-OAR-2015-0463-1053,EPA-R08-OAR-2015-0463,organizational,other
EPA-R08-OAR-2015-0463-1054,EPA-R08-OAR-2015-0463,organizational,other
EPA-R08-OAR-2015-0463-1056,EPA-R08-OAR-2015-0463,organizational,other
EPA-R08-OAR-2015-0463-1058,EPA-R08-OAR-2015-0463,organizational,other
EPA-R08-OAR-2015-0463-1059,EPA-R08-OAR-2015-0463,organizational,other
EPA-R08-OAR-2015-0463-1060,EPA-R08-OAR-2015-0463,organizational,other
EPA-R08-OAR-2015-0463-1062,EPA-R08-OAR-2015-0463,organizational,other
EPA-R08-OAR-2015-0463-1063,EPA-R08-OAR-2015-0463,organizational,other
EPA-R08-OAR-2015-0463-1066,EPA-R08-OAR-2015-0463,organizational,other
EPA-R08-OAR-2015-0463-1067,EPA-R08-OAR-2015-0463,organizational,other
EPA-R08-OAR-2015-0463-1068,EPA-R08-OAR-2015-0463,organizational,other
EPA-R08-OAR-2015-0463-1073,EPA-R08-OAR-2015-0463,organizational,other
EPA-R08-OAR-2015-0463-1077,EPA-R08-OAR-2015-0463,organizational,other
EPA-R08-OAR-2015-0463-1080,EPA-R08-OAR-2015-0463,organizational,other
EPA-R08-OAR-2015-0463-1082,EPA-R08-OAR-2015-0463,organizational,other
EPA-R08-OAR-2015-0463-1085,EPA-R08-OAR-2015-0463,organizational,other
EPA-R08-OAR-2015-0463-1088,EPA-R08-OAR-2015-0463,organizational,other
EPA-R08-OAR-2015-0463-1089,EPA-R08-OAR-2015-0463,organizational,other
EPA-R08-OAR-2015-0463-1090,EPA-R08-OAR-2015-0463,organizational,other
EPA-R08-OAR-2015-0463-1091,EPA-R08-OAR-2015-0463,organizational,other
EPA-R08-OAR-2015-0463-1094,EPA-R08-OAR-2015-0463,organizational,other
EPA-R08-OAR-2015-0463-1095,EPA-R08-OAR-2015-0463,organizational,other
EPA-R08-OAR-2015-0463-1096,EPA-R08-OAR-2015-0463,organizational,other
EPA-R08-OAR-2015-0463-1098,EPA-R08-OAR-2015-0463,organizational,other
EPA-R08-OAR-2015-0463-1099,EPA-R08-OAR-2015-0463,organizational,other
EPA-R08-OAR-2015-0463-1100,EPA-R08-OAR-2015-0463,organizational,other
EPA-R08-OAR-2015-0463-1102,EPA-R08-OAR-2015-0463,organizational,other
EPA-R08-OAR-2015-0463-1104,EPA-R08-OAR-2015-0463,organizational,other
EPA-R08-OAR-2015-0463-1105,EPA-R08-OAR-2015-0463,organizational,other
EPA-R08-OAR-2015-0463-1106,EPA-R08-OAR-2015-0463,organizational,other
EPA-R08-OAR-2015-0463-1109,EPA-R08-OAR-2015-0463,organizational,other
EPA-R08-OAR-2015-0463-1112,EPA-R08-OAR-2015-0463,organizational,other
EPA-R08-OAR-2015-0463-1113,EPA-R08-OAR-2015-0463,organizational,other
EPA-R08-OAR-2015-0463-1114,EPA-R08-OAR-2015-0463,organizational,other
EPA-R08-OAR-2015-0463-1115,EPA-R08-OAR-2015-0463,organizational,other
EPA-R08-OAR-2015-0463-1116,EPA-R08-OAR-2015-0463,organizational,other
EPA-R08-OAR-2015-0463-1117,EPA-R08-OAR-2015-0463,organizational,other
EPA-R08-OAR-2015-0463-1119,EPA-R08-OAR-2015-0463,organizational,other
EPA-R08-OAR-2015-0463-1120,EPA-R08-OAR-2015-0463,organizational,other
EPA-R08-OAR-2015-0463-1121,EPA-R08-OAR-2015-0463,organizational,other
EPA-R08-OAR-2015-0463-1122,EPA-R08-OAR-2015-0463,organizational,other
EPA-R08-OAR-2015-0463-1123,EPA-R08-OAR-2015-0463,organizational,other
EPA-R08-OAR-2015-0463-1124,EPA-R08-OAR-2015-0463,organizational,other
EPA-R08-OAR-2015-0463-1125,EPA-R08-OAR-2015-0463,organizational,other
EPA-R08-OAR-2015-0463-1133,EPA-R08-OAR-2015-0463,organizational,other
EPA-R08-OAR-2015-0463-1134,EPA-R08-OAR-2015-0463,organizational,other
EPA-R08-OAR-2015-0463-1136,EPA-R08-OAR-2015-0463,organizational,other
EPA-R08-OAR-2015-0463-1139,EPA-R08-OAR-2015-0463,organizational,other
EPA-HQ-OAR-2021-0668-0006,EPA-HQ-OAR-2021-0668,individual,organizational
EPA-HQ-OAR-2021-0668-0223,EPA-HQ-OAR-2021-0668,individual,individual
EPA-HQ-OAR-2021-0668-0242,EPA-HQ-OAR-2021-0668,individual,individual
EPA-HQ-OAR-2021-0668-0243,EPA-HQ-OAR-2021-0668,individual,organizational
EPA-HQ-OAR-2021-0668-0248,EPA-HQ-OAR-2021-0668,individual,organizational
EPA-HQ-OAR-2021-0668-0256,EPA-HQ-OAR-2021-0668,individual,individual
EPA-HQ-OAR-2021-0668-0268,EPA-HQ-OAR-2021-0668,individual,individual
EPA-HQ-OAR-2021-0668-0269,EPA-HQ-OAR-2021-0668,individual,individual
EPA-HQ-OAR-2021-0668-0325,EPA-HQ-OAR-2021-0668,individual,individual
EPA-HQ-OAR-2021-0668-0354,EPA-HQ-OAR-2021-0668,individual,organizational
EPA-HQ-OAR-2021-0668-0380,EPA-HQ-OAR-2021-0668,individual,individual
EPA-HQ-OAR-2021-0668-0388,EPA-HQ-OAR-2021-0668,individual,individual
EPA-HQ-OAR-2021-0668-0390,EPA-HQ-OAR-2021-0668,individual,individual
EPA-HQ-OAR-2021-0668-0393,EPA-HQ-OAR-2021-0668,individual,individual
EPA-HQ-OAR-2021-0668-0422,EPA-HQ-OAR-2021-0668,individual,organizational
EPA-HQ-OAR-2021-0668-0431,EPA-HQ-OAR-2021-0668,individual,organizational
EPA-HQ-OAR-2021-0668-0453,EPA-HQ-OAR-2021-0668,individual,individual
EPA-HQ-OAR-2021-0668-0459,EPA-HQ-OAR-2021-0668,individual,individual
EPA-HQ-OAR-2021-0668-0461,EPA-HQ-OAR-2021-0668,individual,individual
EPA-HQ-OAR-2021-0668-0479,EPA-HQ-OAR-2021-0668,individual,individual
EPA-HQ-OAR-2021-0668-0502,EPA-HQ-OAR-2021-0668,individual,organizational
EPA-HQ-OAR-2021-0668-0506,EPA-HQ-OAR-2021-0668,individual,organizational
EPA-HQ-OAR-2021-0668-0525,EPA-HQ-OAR-2021-0668,individual,individual
EPA-HQ-OAR-2021-0668-0535,EPA-HQ-OAR-2021-0668,individual,individual
EPA-HQ-OAR-2021-0668-0555,EPA-HQ-OAR-2021-0668,individual,organizational
EPA-HQ-OAR-2021-0668-0566,EPA-HQ-OAR-2021-0668,individual,individual
EPA-HQ-OAR-2021-0668-0570,EPA-HQ-OAR-2021-0668,individual,individual
EPA-HQ-OAR-2021-0668-0571,EPA-HQ-OAR-2021-0668,individual,individual
EPA-HQ-OAR-2021-0668-0576,EPA-HQ-OAR-2021-0668,individual,individual
EPA-HQ-OAR-2021-0668-0590,EPA-HQ-OAR-2021-0668,individual,individual
EPA-HQ-OAR-2021-0668-0595,EPA-HQ-OAR-2021-0668,individual,individual
EPA-HQ-OAR-2021-0668-0609,EPA-HQ-OAR-2021-0668,individual,individual
EPA-HQ-OAR-2021-0668-0611,EPA-HQ-OAR-2021-0668,individual,individual
EPA-HQ-OAR-2021-0668-0612,EPA-HQ-OAR-2021-0668,individual,individual
EPA-HQ-OAR-2021-0668-0613,EPA-HQ-OAR-2021-0668,individual,individual
EPA-HQ-OAR-2021-0668-0614,EPA-HQ-OAR-2021-0668,individual,individual
EPA-HQ-OAR-2021-0668-0615,EPA-HQ-OAR-2021-0668,individual,individual
EPA-HQ-OAR-2021-0668-0616,EPA-HQ-OAR-2021-0668,individual,individual
EPA-HQ-OAR-2021-0668-0617,EPA-HQ-OAR-2021-0668,individual,individual
EPA-HQ-OAR-2021-0668-0619,EPA-HQ-OAR-2021-0668,individual,individual
EPA-HQ-OAR-2021-0668-0622,EPA-HQ-OAR-2021-0668,individual,individual
EPA-HQ-OAR-2021-0668-0623,EPA-HQ-OAR-2021-0668,individual,individual
EPA-HQ-OAR-2021-0668-0624,EPA-HQ-OAR-2021-0668,individual,individual
EPA-HQ-OAR-2021-0668-0639,EPA-HQ-OAR-2021-0668,individual,individual
EPA-HQ-OAR-2021-0668-0645,EPA-HQ-OAR-2021-0668,individual,individual
EPA-HQ-OAR-2021-0668-0648,EPA-HQ-OAR-2021-0668,organizational,other
EPA-HQ-OAR-2021-0668-0658,EPA-HQ-OAR-2021-0668,organizational,other
EPA-HQ-OAR-2021-0668-0662,EPA-HQ-OAR-2021-0668,individual,individual
EPA-HQ-OAR-2021-0668-0663,EPA-HQ-OAR-2021-0668,individual,individual
EPA-HQ-OAR-2021-0668-0672,EPA-HQ-OAR-2021-0668,individual,individual
EPA-HQ-OAR-2021-0668-0673,EPA-HQ-OAR-2021-0668,individual,individual
EPA-HQ-OAR-2021-0668-0674,EPA-HQ-OAR-2021-0668,individual,individual
EPA-HQ-OAR-2021-0668-0685,EPA-HQ-OAR-2021-0668,individual,individual
EPA-HQ-OAR-2021-0668-0695,EPA-HQ-OAR-2021-0668,individual,individual
EPA-HQ-OAR-2021-0668-0696,EPA-HQ-OAR-2021-0668,individual,individual
EPA-HQ-OAR-2021-0668-0707,EPA-HQ-OAR-2021-0668,individual,individual
EPA-HQ-OAR-2021-0668-0715,EPA-HQ-OAR-2021-0668,individual,individual
EPA-HQ-OAR-2021-0668-0717,EPA-HQ-OAR-2021-0668,individual,individual
EPA-HQ-OAR-2021-0668-0732,EPA-HQ-OAR-2021-0668,individual,individual
EPA-HQ-OAR-2021-0668-0741,EPA-HQ-OAR-2021-0668,individual,individual
EPA-HQ-OAR-2021-0668-0746,EPA-HQ-OAR-2021-0668,individual,individual
EPA-HQ-OAR-2021-0668-0751,EPA-HQ-OAR-2021-0668,individual,individual
EPA-HQ-OAR-2021-0668-0762,EPA-HQ-OAR-2021-0668,individual,organizational
EPA-HQ-OAR-2021-0668-0764,EPA-HQ-OAR-2021-0668,individual,organizational
EPA-HQ-OAR-2021-0668-0766,EPA-HQ-OAR-2021-0668,individual,individual
EPA-HQ-OAR-2021-0668-0768,EPA-HQ-OAR-2021-0668,individual,individual
EPA-HQ-OAR-2021-0668-0770,EPA-HQ-OAR-2021-0668,individual,individual
EPA-HQ-OAR-2021-0668-0779,EPA-HQ-OAR-2021-0668,individual,individual
EPA-HQ-OAR-2021-0668-0781,EPA-HQ-OAR-2021-0668,individual,individual
EPA-HQ-OAR-2021-0668-0784,EPA-HQ-OAR-2021-0668,individual,individual
EPA-HQ-OAR-2021-0668-0785,EPA-HQ-OAR-2021-0668,individual,individual
EPA-HQ-OAR-2021-0668-0786,EPA-HQ-OAR-2021-0668,individual,individual
EPA-HQ-OAR-2021-0668-0787,EPA-HQ-OAR-2021-0668,individual,individual
EPA-HQ-OAR-2021-0668-0790,EPA-HQ-OAR-2021-0668,individual,individual
EPA-HQ-OAR-2021-0668-0807,EPA-HQ-OAR-2021-0668,individual,individual
EPA-HQ-OAR-2021-0668-0808,EPA-HQ-OAR-2021-0668,individual,individual
EPA-HQ-OAR-2021-0668-0821,EPA-HQ-OAR-2021-0668,individual,individual
EPA-HQ-OAR-2021-0668-0823,EPA-HQ-OAR-2021-0668,individual,individual
EPA-HQ-OAR-2021-0668-0825,EPA-HQ-OAR-2021-0668,individual,individual
EPA-HQ-OAR-2021-0668-0827,EPA-HQ-OAR-2021-0668,individual,individual
EPA-HQ-OAR-2021-0668-0830,EPA-HQ-OAR-2021-0668,individual,individual
EPA-HQ-OAR-2021-0668-0833,EPA-HQ-OAR-2021-0668,individual,individual
EPA-HQ-OAR-2021-0668-0840,EPA-HQ-OAR-2021-0668,individual,individual
EPA-HQ-OAR-2021-0668-0846,EPA-HQ-OAR-2021-0668,individual,individual
EPA-HQ-OAR-2021-0668-0847,EPA-HQ-OAR-2021-0668,individual,individual
EPA-HQ-OAR-2021-0668-0851,EPA-HQ-OAR-2021-0668,individual,individual
EPA-HQ-OAR-2021-0668-0858,EPA-HQ-OAR-2021-0668,individual,individual
EPA-HQ-OAR-2021-0668-0861,EPA-HQ-OAR-2021-0668,individual,individual
EPA-HQ-OAR-2021-0668-0870,EPA-HQ-OAR-2021-0668,individual,individual
EPA-HQ-OAR-2021-0668-0874,EPA-HQ-OAR-2021-0668,organizational,other
EPA-HQ-OAR-2021-0668-0877,EPA-HQ-OAR-2021-0668,individual,individual
EPA-HQ-OAR-2021-0668-0924,EPA-HQ-OAR-2021-0668,organizational,other
