document_id,url,status,kind,n_chars,info
EPA-HQ-OA-2014-0012-0186,https://downloads.regulations.gov/EPA-HQ-OA-2014-0012-0186/attachment_1.pdf,ok,pytesseract,8999,method=pytesseract n_pages=3 quality=ok
EPA-HQ-OA-2014-0012-0769,https://downloads.regulations.gov/EPA-HQ-OA-2014-0012-0769/attachment_1.pdf,ok,pdf,2977,"{'n_pages': 2, 'n_pages_with_text': 2}"
EPA-HQ-OA-2014-0012-0864,https://downloads.regulations.gov/EPA-HQ-OA-2014-0012-0864/attachment_1.pdf,ok,pdf,3751,"{'n_pages': 2, 'n_pages_with_text': 2}"
EPA-HQ-OA-2014-0012-1304,https://downloads.regulations.gov/EPA-HQ-OA-2014-0012-1304/attachment_1.pdf,ok,pdf,475,"{'n_pages': 1, 'n_pages_with_text': 1}"
EPA-HQ-OA-2014-0012-1372,https://downloads.regulations.gov/EPA-HQ-OA-2014-0012-1372/attachment_1.pdf,ok,pdf,4806,"{'n_pages': 2, 'n_pages_with_text': 2}"
EPA-HQ-OA-2014-0012-1401,https://downloads.regulations.gov/EPA-HQ-OA-2014-0012-1401/attachment_1.pdf,ok,pdf,440,"{'n_pages': 1, 'n_pages_with_text': 1}"
EPA-HQ-OA-2014-0012-1409,https://downloads.regulations.gov/EPA-HQ-OA-2014-0012-1409/attachment_1.pdf,ok,pdf,1184,"{'n_pages': 1, 'n_pages_with_text': 1}"
EPA-HQ-OA-2014-0012-0938,https://downloads.regulations.gov/EPA-HQ-OA-2014-0012-0938/attachment_1.pdf,ok,pdf,831,"{'n_pages': 1, 'n_pages_with_text': 1}"
EPA-HQ-OA-2014-0012-1367,https://downloads.regulations.gov/EPA-HQ-OA-2014-0012-1367/attachment_1.pdf,ok,pdf,2432,"{'n_pages': 2, 'n_pages_with_text': 2}"
EPA-HQ-OA-2014-0012-1089,https://downloads.regulations.gov/EPA-HQ-OA-2014-0012-1089/attachment_1.pdf,ok,pdf,540,"{'n_pages': 1, 'n_pages_with_text': 1}"
EPA-HQ-OA-2014-0012-0869,https://downloads.regulations.gov/EPA-HQ-OA-2014-0012-0869/attachment_1.pdf,ok,pdf,602,"{'n_pages': 1, 'n_pages_with_text': 1}"
EPA-HQ-OA-2014-0012-1264,https://downloads.regulations.gov/EPA-HQ-OA-2014-0012-1264/attachment_1.pdf,ok,pdf,795,"{'n_pages': 1, 'n_pages_with_text': 1}"
EPA-HQ-OA-2014-0012-1271,https://downloads.regulations.gov/EPA-HQ-OA-2014-0012-1271/attachment_1.pdf,ok,pdf,955,"{'n_pages': 1, 'n_pages_with_text': 1}"
EPA-HQ-OA-2014-0012-0981,https://downloads.regulations.gov/EPA-HQ-OA-2014-0012-0981/attachment_1.pdf,ok,pdf,1081,"{'n_pages': 1, 'n_pages_with_text': 1}"
EPA-HQ-OA-2014-0012-1223,https://downloads.regulations.gov/EPA-HQ-OA-2014-0012-1223/attachment_1.pdf,ok,pdf,484,"{'n_pages': 1, 'n_pages_with_text': 1}"
EPA-HQ-OA-2014-0012-0968,https://downloads.regulations.gov/EPA-HQ-OA-2014-0012-0968/attachment_1.pdf,ok,pdf,922,"{'n_pages': 1, 'n_pages_with_text': 1}"
EPA-HQ-OA-2014-0012-1100,https://downloads.regulations.gov/EPA-HQ-OA-2014-0012-1100/attachment_1.pdf,ok,pdf,522,"{'n_pages': 1, 'n_pages_with_text': 1}"
EPA-HQ-OA-2014-0012-1289,https://downloads.regulations.gov/EPA-HQ-OA-2014-0012-1289/attachment_1.pdf,ok,pdf,2152,"{'n_pages': 1, 'n_pages_with_text': 1}"
EPA-HQ-OA-2014-0012-1249,https://downloads.regulations.gov/EPA-HQ-OA-2014-0012-1249/attachment_1.pdf,ok,pdf,814,"{'n_pages': 1, 'n_pages_with_text': 1}"
EPA-HQ-OA-2014-0012-1352,https://downloads.regulations.gov/EPA-HQ-OA-2014-0012-1352/attachment_1.pdf,ok,pdf,781,"{'n_pages': 1, 'n_pages_with_text': 1}"
EPA-HQ-OA-2014-0012-1359,https://downloads.regulations.gov/EPA-HQ-OA-2014-0012-1359/attachment_1.pdf,ok,pdf,1002,"{'n_pages': 1, 'n_pages_with_text': 1}"
EPA-HQ-OA-2014-0012-1061,https://downloads.regulations.gov/EPA-HQ-OA-2014-0012-1061/attachment_1.pdf,ok,pdf,418,"{'n_pages': 1, 'n_pages_with_text': 1}"
EPA-HQ-OA-2014-0012-1157,https://downloads.regulations.gov/EPA-HQ-OA-2014-0012-1157/attachment_1.pdf,ok,pdf,775,"{'n_pages': 1, 'n_pages_with_text': 1}"
EPA-HQ-OA-2014-0012-0941,https://downloads.regulations.gov/EPA-HQ-OA-2014-0012-0941/attachment_1.pdf,ok,pdf,970,"{'n_pages': 1, 'n_pages_with_text': 1}"
EPA-HQ-OA-2014-0012-0963,https://downloads.regulations.gov/EPA-HQ-OA-2014-0012-0963/attachment_1.pdf,ok,pdf,631,"{'n_pages': 1, 'n_pages_with_text': 1}"
EPA-HQ-OA-2014-0012-1311,https://downloads.regulations.gov/EPA-HQ-OA-2014-0012-1311/attachment_1.pdf,ok,pdf,862,"{'n_pages': 1, 'n_pages_with_text': 1}"
EPA-HQ-OA-2014-0012-1329,https://downloads.regulations.gov/EPA-HQ-OA-2014-0012-1329/attachment_1.pdf,ok,pdf,1470,"{'n_pages': 1, 'n_pages_with_text': 1}"
EPA-HQ-OA-2014-0012-0865,https://downloads.regulations.gov/EPA-HQ-OA-2014-0012-0865/attachment_1.pdf,ok,pdf,660,"{'n_pages': 1, 'n_pages_with_text': 1}"
EPA-HQ-OA-2014-0012-0866,https://downloads.regulations.gov/EPA-HQ-OA-2014-0012-0866/attachment_1.pdf,ok,pdf,1433,"{'n_pages': 1, 'n_pages_with_text': 1}"
EPA-HQ-OA-2014-0012-0867,https://downloads.regulations.gov/EPA-HQ-OA-2014-0012-0867/attachment_1.pdf,ok,pdf,946,"{'n_pages': 1, 'n_pages_with_text': 1}"
EPA-HQ-OA-2014-0012-0937,https://downloads.regulations.gov/EPA-HQ-OA-2014-0012-0937/attachment_1.pdf,ok,pdf,656,"{'n_pages': 1, 'n_pages_with_text': 1}"
EPA-HQ-OA-2014-0012-1349,https://downloads.regulations.gov/EPA-HQ-OA-2014-0012-1349/attachment_1.pdf,ok,pdf,927,"{'n_pages': 1, 'n_pages_with_text': 1}"
EPA-HQ-OA-2014-0012-0926,https://downloads.regulations.gov/EPA-HQ-OA-2014-0012-0926/attachment_1.pdf,ok,pdf,1180,"{'n_pages': 1, 'n_pages_with_text': 1}"
EPA-HQ-OA-2014-0012-1079,https://downloads.regulations.gov/EPA-HQ-OA-2014-0012-1079/attachment_1.pdf,ok,pdf,1150,"{'n_pages': 1, 'n_pages_with_text': 1}"
EPA-HQ-OA-2014-0012-0916,https://downloads.regulations.gov/EPA-HQ-OA-2014-0012-0916/attachment_1.pdf,ok,pdf,763,"{'n_pages': 1, 'n_pages_with_text': 1}"
EPA-HQ-OA-2014-0012-0909,https://downloads.regulations.gov/EPA-HQ-OA-2014-0012-0909/attachment_1.pdf,ok,pdf,787,"{'n_pages': 1, 'n_pages_with_text': 1}"
EPA-HQ-OA-2014-0012-1282,https://downloads.regulations.gov/EPA-HQ-OA-2014-0012-1282/attachment_1.pdf,ok,pdf,751,"{'n_pages': 1, 'n_pages_with_text': 1}"
EPA-HQ-OA-2014-0012-1250,https://downloads.regulations.gov/EPA-HQ-OA-2014-0012-1250/attachment_1.pdf,ok,pdf,965,"{'n_pages': 1, 'n_pages_with_text': 1}"
EPA-HQ-OA-2014-0012-0877,https://downloads.regulations.gov/EPA-HQ-OA-2014-0012-0877/attachment_1.pdf,ok,pdf,554,"{'n_pages': 1, 'n_pages_with_text': 1}"
EPA-HQ-OA-2014-0012-1042,https://downloads.regulations.gov/EPA-HQ-OA-2014-0012-1042/attachment_1.pdf,ok,pdf,913,"{'n_pages': 1, 'n_pages_with_text': 1}"
EPA-HQ-OA-2014-0012-1171,https://downloads.regulations.gov/EPA-HQ-OA-2014-0012-1171/attachment_1.pdf,ok,pdf,783,"{'n_pages': 1, 'n_pages_with_text': 1}"
EPA-HQ-OA-2014-0012-1196,https://downloads.regulations.gov/EPA-HQ-OA-2014-0012-1196/attachment_1.pdf,ok,pdf,517,"{'n_pages': 1, 'n_pages_with_text': 1}"
EPA-HQ-OA-2014-0012-1262,https://downloads.regulations.gov/EPA-HQ-OA-2014-0012-1262/attachment_1.pdf,ok,pdf,724,"{'n_pages': 1, 'n_pages_with_text': 1}"
EPA-HQ-OA-2014-0012-1065,https://downloads.regulations.gov/EPA-HQ-OA-2014-0012-1065/attachment_1.pdf,ok,pdf,1083,"{'n_pages': 1, 'n_pages_with_text': 1}"
EPA-HQ-OA-2014-0012-1360,https://downloads.regulations.gov/EPA-HQ-OA-2014-0012-1360/attachment_1.pdf,ok,pdf,658,"{'n_pages': 1, 'n_pages_with_text': 1}"
EPA-HQ-OA-2014-0012-1136,https://downloads.regulations.gov/EPA-HQ-OA-2014-0012-1136/attachment_1.pdf,ok,pdf,1156,"{'n_pages': 1, 'n_pages_with_text': 1}"
EPA-HQ-OA-2014-0012-1156,https://downloads.regulations.gov/EPA-HQ-OA-2014-0012-1156/attachment_1.pdf,ok,pdf,544,"{'n_pages': 1, 'n_pages_with_text': 1}"
EPA-HQ-OA-2014-0012-1190,https://downloads.regulations.gov/EPA-HQ-OA-2014-0012-1190/attachment_1.pdf,ok,pdf,648,"{'n_pages': 1, 'n_pages_with_text': 1}"
EPA-HQ-OA-2014-0012-1091,https://downloads.regulations.gov/EPA-HQ-OA-2014-0012-1091/attachment_1.pdf,ok,pdf,1046,"{'n_pages': 1, 'n_pages_with_text': 1}"
EPA-HQ-OA-2014-0012-1038,https://downloads.regulations.gov/EPA-HQ-OA-2014-0012-1038/attachment_1.pdf,ok,pdf,991,"{'n_pages': 1, 'n_pages_with_text': 1}"
EPA-HQ-OAR-1994-0099-0991,,no_url_nan,,0,attachment_files was NaN
EPA-HQ-OAR-1994-0099-0564,,no_url_nan,,0,attachment_files was NaN
EPA-HQ-OAR-1994-0099-0301,,no_url_nan,,0,attachment_files was NaN
EPA-HQ-OAR-1994-0099-0992,,no_url_nan,,0,attachment_files was NaN
EPA-HQ-OAR-1994-0099-0852,,no_url_nan,,0,attachment_files was NaN
EPA-HQ-OAR-1994-0099-0932,,no_url_nan,,0,attachment_files was NaN
EPA-HQ-OAR-1994-0099-0922,,no_url_nan,,0,attachment_files was NaN
EPA-HQ-OAR-1994-0099-0752,,no_url_nan,,0,attachment_files was NaN
EPA-HQ-OAR-1994-0099-0739,,no_url_nan,,0,attachment_files was NaN
EPA-HQ-OAR-1994-0099-0593,,no_url_nan,,0,attachment_files was NaN
EPA-HQ-OAR-1994-0099-0657,,no_url_nan,,0,attachment_files was NaN
EPA-HQ-OAR-1994-0099-0478,,no_url_nan,,0,attachment_files was NaN
EPA-HQ-OAR-1994-0099-0913,,no_url_nan,,0,attachment_files was NaN
EPA-HQ-OAR-1994-0099-0845,,no_url_nan,,0,attachment_files was NaN
EPA-HQ-OAR-1994-0099-0603,,no_url_nan,,0,attachment_files was NaN
EPA-HQ-OAR-1994-0099-0700,,no_url_nan,,0,attachment_files was NaN
EPA-HQ-OAR-1994-0099-0521,,no_url_nan,,0,attachment_files was NaN
EPA-HQ-OAR-1994-0099-0719,,no_url_nan,,0,attachment_files was NaN
EPA-HQ-OAR-1994-0099-0713,,no_url_nan,,0,attachment_files was NaN
EPA-HQ-OAR-1994-0099-1002,,no_url_nan,,0,attachment_files was NaN
EPA-HQ-OAR-1994-0099-0365,,no_url_nan,,0,attachment_files was NaN
EPA-HQ-OAR-1994-0099-0375,,no_url_nan,,0,attachment_files was NaN
EPA-HQ-OAR-1994-0099-0732,,no_url_nan,,0,attachment_files was NaN
EPA-HQ-OAR-1994-0099-0527,,no_url_nan,,0,attachment_files was NaN
EPA-HQ-OAR-1994-0099-0553,,no_url_nan,,0,attachment_files was NaN
EPA-HQ-OAR-1994-0099-0464,,no_url_nan,,0,attachment_files was NaN
EPA-HQ-OAR-1994-0099-0376,,no_url_nan,,0,attachment_files was NaN
EPA-HQ-OAR-1994-0099-0885,,no_url_nan,,0,attachment_files was NaN
EPA-HQ-OAR-1994-0099-0428,,no_url_nan,,0,attachment_files was NaN
EPA-HQ-OAR-1994-0099-0479,,no_url_nan,,0,attachment_files was NaN
EPA-HQ-OAR-1994-0099-0567,,no_url_nan,,0,attachment_files was NaN
EPA-HQ-OAR-1994-0099-0605,,no_url_nan,,0,attachment_files was NaN
EPA-HQ-OAR-1994-0099-0583,,no_url_nan,,0,attachment_files was NaN
EPA-HQ-OAR-1994-0099-0485,,no_url_nan,,0,attachment_files was NaN
EPA-HQ-OAR-1994-0099-0293,,no_url_nan,,0,attachment_files was NaN
EPA-HQ-OAR-1994-0099-0615,,no_url_nan,,0,attachment_files was NaN
EPA-HQ-OAR-1994-0099-0346,,no_url_nan,,0,attachment_files was NaN
EPA-HQ-OAR-1994-0099-0888,,no_url_nan,,0,attachment_files was NaN
EPA-HQ-OAR-1994-0099-0495,,no_url_nan,,0,attachment_files was NaN
EPA-HQ-OAR-1994-0099-0528,,no_url_nan,,0,attachment_files was NaN
EPA-HQ-OAR-1994-0099-1021,,no_url_nan,,0,attachment_files was NaN
EPA-HQ-OAR-1994-0099-0951,,no_url_nan,,0,attachment_files was NaN
EPA-HQ-OAR-1994-0099-0950,,no_url_nan,,0,attachment_files was NaN
EPA-HQ-OAR-1994-0099-1022,,no_url_nan,,0,attachment_files was NaN
EPA-HQ-OAR-1994-0099-0952,,no_url_nan,,0,attachment_files was NaN
EPA-HQ-OAR-1994-0099-0195,,no_url_nan,,0,attachment_files was NaN
EPA-HQ-OAR-1994-0099-0216,,no_url_nan,,0,attachment_files was NaN
EPA-HQ-OAR-1994-0099-1026,,no_url_nan,,0,attachment_files was NaN
EPA-HQ-OAR-1994-0099-0961,,no_url_nan,,0,attachment_files was NaN
EPA-HQ-OAR-1994-0099-0970,,no_url_nan,,0,attachment_files was NaN
EPA-HQ-OAR-2002-0058-3817,https://downloads.regulations.gov/EPA-HQ-OAR-2002-0058-3817/attachment_1.pdf,ok,pdf,1003,"{'n_pages': 1, 'n_pages_with_text': 1}"
EPA-HQ-OAR-2002-0058-3825,https://downloads.regulations.gov/EPA-HQ-OAR-2002-0058-3825/attachment_1.pdf,ok,pdf,2854,"{'n_pages': 2, 'n_pages_with_text': 2}"
EPA-HQ-OAR-2002-0058-3662,https://downloads.regulations.gov/EPA-HQ-OAR-2002-0058-3662/attachment_1.pdf,ok,pdf,851,"{'n_pages': 1, 'n_pages_with_text': 1}"
EPA-HQ-OAR-2002-0058-2885,https://downloads.regulations.gov/EPA-HQ-OAR-2002-0058-2885/attachment_2.pdf,ok,pytesseract,40552,method=pytesseract n_pages=15 quality=ok
EPA-HQ-OAR-2002-0058-2831,https://downloads.regulations.gov/EPA-HQ-OAR-2002-0058-2831/attachment_1.pdf,ok,pdf,112891,"{'n_pages': 110, 'n_pages_with_text': 109}"
EPA-HQ-OAR-2002-0058-3509,https://downloads.regulations.gov/EPA-HQ-OAR-2002-0058-3509/attachment_1.pdf,ok,pdf,2275,"{'n_pages': 2, 'n_pages_with_text': 2}"
EPA-HQ-OAR-2002-0058-2995,https://downloads.regulations.gov/EPA-HQ-OAR-2002-0058-2995/attachment_3.pdf,ok,pdf,30298,"{'n_pages': 17, 'n_pages_with_text': 17}"
EPA-HQ-OAR-2002-0058-3534,https://downloads.regulations.gov/EPA-HQ-OAR-2002-0058-3534/attachment_5.pdf,ok,pdf,26901,"{'n_pages': 10, 'n_pages_with_text': 10}"
EPA-HQ-OAR-2002-0058-2747,https://downloads.regulations.gov/EPA-HQ-OAR-2002-0058-2747/attachment_1.pdf,ok,pytesseract,32981,method=pytesseract n_pages=14 quality=ok
EPA-HQ-OAR-2002-0058-2603,https://downloads.regulations.gov/EPA-HQ-OAR-2002-0058-2603/attachment_2.pdf,ok,pdf,663,"{'n_pages': 1, 'n_pages_with_text': 1}"
EPA-HQ-OAR-2002-0058-3491,https://downloads.regulations.gov/EPA-HQ-OAR-2002-0058-3491/attachment_1.pdf,ok,pdf,5306,"{'n_pages': 2, 'n_pages_with_text': 2}"
EPA-HQ-OAR-2002-0058-3140,https://downloads.regulations.gov/EPA-HQ-OAR-2002-0058-3140/attachment_1.pdf,ok,pytesseract,7460,method=pytesseract n_pages=3 quality=ok
EPA-HQ-OAR-2002-0058-2798,https://downloads.regulations.gov/EPA-HQ-OAR-2002-0058-2798/attachment_1.pdf,ok,pytesseract,58932,method=pytesseract n_pages=15 quality=ok
EPA-HQ-OAR-2002-0058-3186,https://downloads.regulations.gov/EPA-HQ-OAR-2002-0058-3186/attachment_2.pdf,ok,pdf,37811,"{'n_pages': 13, 'n_pages_with_text': 13}"
EPA-HQ-OAR-2002-0058-2914,https://downloads.regulations.gov/EPA-HQ-OAR-2002-0058-2914/attachment_2.pdf,ok,pdf,3877,"{'n_pages': 3, 'n_pages_with_text': 3}"
EPA-HQ-OAR-2002-0058-3496,https://downloads.regulations.gov/EPA-HQ-OAR-2002-0058-3496/attachment_1.pdf,ok,pytesseract,32996,method=pytesseract n_pages=17 quality=ok
EPA-HQ-OAR-2002-0058-2387,https://downloads.regulations.gov/EPA-HQ-OAR-2002-0058-2387/attachment_2.pdf,ok,pdf,8131,"{'n_pages': 5, 'n_pages_with_text': 4}"
EPA-HQ-OAR-2002-0058-2967,https://downloads.regulations.gov/EPA-HQ-OAR-2002-0058-2967/attachment_2.pdf,ok,pytesseract,16809,method=pytesseract n_pages=6 quality=ok
EPA-HQ-OAR-2002-0058-2907,https://downloads.regulations.gov/EPA-HQ-OAR-2002-0058-2907/attachment_2.pdf,ok,pytesseract,6241,method=pytesseract n_pages=3 quality=ok
EPA-HQ-OAR-2002-0058-3435,https://downloads.regulations.gov/EPA-HQ-OAR-2002-0058-3435/attachment_1.pdf,ok,pytesseract,7127,method=pytesseract n_pages=4 quality=ok
EPA-HQ-OAR-2002-0058-1563,https://downloads.regulations.gov/EPA-HQ-OAR-2002-0058-1563/attachment_1.pdf,ok,pdf,1862,"{'n_pages': 1, 'n_pages_with_text': 1}"
EPA-HQ-OAR-2002-0058-1348,https://downloads.regulations.gov/EPA-HQ-OAR-2002-0058-1348/attachment_1.pdf,ok,pdf,1819,"{'n_pages': 1, 'n_pages_with_text': 1}"
EPA-HQ-OAR-2002-0058-0871,https://downloads.regulations.gov/EPA-HQ-OAR-2002-0058-0871/attachment_1.pdf,ok,pdf,1788,"{'n_pages': 1, 'n_pages_with_text': 1}"
EPA-HQ-OAR-2002-0058-1260,https://downloads.regulations.gov/EPA-HQ-OAR-2002-0058-1260/attachment_1.pdf,ok,pdf,1711,"{'n_pages': 1, 'n_pages_with_text': 1}"
EPA-HQ-OAR-2002-0058-2680,https://downloads.regulations.gov/EPA-HQ-OAR-2002-0058-2680/attachment_1.pdf,ok,pdf,2030,"{'n_pages': 1, 'n_pages_with_text': 1}"
EPA-HQ-OAR-2002-0058-1421,https://downloads.regulations.gov/EPA-HQ-OAR-2002-0058-1421/attachment_1.pdf,ok,pdf,1695,"{'n_pages': 1, 'n_pages_with_text': 1}"
EPA-HQ-OAR-2002-0058-0991,https://downloads.regulations.gov/EPA-HQ-OAR-2002-0058-0991/attachment_1.pdf,ok,pdf,935,"{'n_pages': 1, 'n_pages_with_text': 1}"
EPA-HQ-OAR-2002-0058-2564,https://downloads.regulations.gov/EPA-HQ-OAR-2002-0058-2564/attachment_1.pdf,ok,pdf,1950,"{'n_pages': 1, 'n_pages_with_text': 1}"
EPA-HQ-OAR-2002-0058-1861,https://downloads.regulations.gov/EPA-HQ-OAR-2002-0058-1861/attachment_1.pdf,ok,pdf,3167,"{'n_pages': 3, 'n_pages_with_text': 3}"
EPA-HQ-OAR-2002-0058-0940,https://downloads.regulations.gov/EPA-HQ-OAR-2002-0058-0940/attachment_1.pdf,ok,pdf,1720,"{'n_pages': 1, 'n_pages_with_text': 1}"
EPA-HQ-OAR-2002-0058-1385,https://downloads.regulations.gov/EPA-HQ-OAR-2002-0058-1385/attachment_1.pdf,ok,pdf,1659,"{'n_pages': 1, 'n_pages_with_text': 1}"
EPA-HQ-OAR-2002-0058-0931,https://downloads.regulations.gov/EPA-HQ-OAR-2002-0058-0931/attachment_1.pdf,ok,pdf,1831,"{'n_pages': 1, 'n_pages_with_text': 1}"
EPA-HQ-OAR-2002-0058-2943,https://downloads.regulations.gov/EPA-HQ-OAR-2002-0058-2943/attachment_1.pdf,ok,pytesseract,37169,method=pytesseract n_pages=12 quality=ok
EPA-HQ-OAR-2002-0058-1579,https://downloads.regulations.gov/EPA-HQ-OAR-2002-0058-1579/attachment_1.pdf,ok,pdf,1991,"{'n_pages': 1, 'n_pages_with_text': 1}"
EPA-HQ-OAR-2002-0058-1304,https://downloads.regulations.gov/EPA-HQ-OAR-2002-0058-1304/attachment_1.pdf,ok,pdf,2814,"{'n_pages': 2, 'n_pages_with_text': 2}"
EPA-HQ-OAR-2002-0058-1363,https://downloads.regulations.gov/EPA-HQ-OAR-2002-0058-1363/attachment_1.pdf,ok,pdf,1701,"{'n_pages': 1, 'n_pages_with_text': 1}"
EPA-HQ-OAR-2002-0058-3623,https://downloads.regulations.gov/EPA-HQ-OAR-2002-0058-3623/attachment_1.pdf,ok,pdf,2189,"{'n_pages': 1, 'n_pages_with_text': 1}"
EPA-HQ-OAR-2002-0058-3574,https://downloads.regulations.gov/EPA-HQ-OAR-2002-0058-3574/attachment_1.pdf,ok,pdf,2650,"{'n_pages': 2, 'n_pages_with_text': 2}"
EPA-HQ-OAR-2002-0058-1858,https://downloads.regulations.gov/EPA-HQ-OAR-2002-0058-1858/attachment_1.pdf,ok,pdf,1465,"{'n_pages': 1, 'n_pages_with_text': 1}"
EPA-HQ-OAR-2002-0058-1481,https://downloads.regulations.gov/EPA-HQ-OAR-2002-0058-1481/attachment_1.pdf,ok,pdf,1655,"{'n_pages': 1, 'n_pages_with_text': 1}"
EPA-HQ-OAR-2002-0058-1603,https://downloads.regulations.gov/EPA-HQ-OAR-2002-0058-1603/attachment_2.pdf,ok,pytesseract,10979,method=pytesseract n_pages=5 quality=ok
EPA-HQ-OAR-2002-0058-3197,https://downloads.regulations.gov/EPA-HQ-OAR-2002-0058-3197/attachment_1.pdf,ok,pytesseract,2595,method=pytesseract n_pages=1 quality=ok
EPA-HQ-OAR-2002-0058-3822,https://downloads.regulations.gov/EPA-HQ-OAR-2002-0058-3822/attachment_1.pdf,ok,pdf,1382,"{'n_pages': 1, 'n_pages_with_text': 1}"
EPA-HQ-OAR-2002-0058-3193,https://downloads.regulations.gov/EPA-HQ-OAR-2002-0058-3193/attachment_1.pdf,ok,pytesseract,1848,method=pytesseract n_pages=1 quality=ok
EPA-HQ-OAR-2002-0058-3224,https://downloads.regulations.gov/EPA-HQ-OAR-2002-0058-3224/attachment_2.pdf,ok,pdf,16095,"{'n_pages': 6, 'n_pages_with_text': 6}"
EPA-HQ-OAR-2002-0058-3250,https://downloads.regulations.gov/EPA-HQ-OAR-2002-0058-3250/attachment_1.pdf,ok,pdf,2352,"{'n_pages': 1, 'n_pages_with_text': 1}"
EPA-HQ-OAR-2002-0058-3296,https://downloads.regulations.gov/EPA-HQ-OAR-2002-0058-3296/attachment_2.pdf,ok,pytesseract,9495,method=pytesseract n_pages=4 quality=ok
EPA-HQ-OAR-2002-0058-1833,https://downloads.regulations.gov/EPA-HQ-OAR-2002-0058-1833/attachment_1.pdf,ok,pdf,3123,"{'n_pages': 3, 'n_pages_with_text': 3}"
EPA-HQ-OAR-2002-0058-3371,https://downloads.regulations.gov/EPA-HQ-OAR-2002-0058-3371/attachment_1.pdf,ok,pdf,863,"{'n_pages': 1, 'n_pages_with_text': 1}"
EPA-HQ-OAR-2002-0058-3820,https://downloads.regulations.gov/EPA-HQ-OAR-2002-0058-3820/attachment_1.pdf,ok,pdf,2182,"{'n_pages': 1, 'n_pages_with_text': 1}"
EPA-HQ-OAR-2003-0119-1083,https://downloads.regulations.gov/EPA-HQ-OAR-2003-0119-1083/attachment_1.pdf,ok,pdf,3495,"{'n_pages': 2, 'n_pages_with_text': 2}"
EPA-HQ-OAR-2003-0119-1526,https://downloads.regulations.gov/EPA-HQ-OAR-2003-0119-1526/attachment_1.pdf,ok,pytesseract,2292,method=pytesseract n_pages=1 quality=ok
EPA-HQ-OAR-2003-0119-2043,https://downloads.regulations.gov/EPA-HQ-OAR-2003-0119-2043/attachment_1.pdf,ok,pdf,216,"{'n_pages': 1, 'n_pages_with_text': 1}"
EPA-HQ-OAR-2003-0119-2608,https://downloads.regulations.gov/EPA-HQ-OAR-2003-0119-2608/attachment_2.pdf,ok,pdf,48883,"{'n_pages': 18, 'n_pages_with_text': 18}"
EPA-HQ-OAR-2003-0119-2576,https://downloads.regulations.gov/EPA-HQ-OAR-2003-0119-2576/attachment_1.pdf,ok,pdf,20833,"{'n_pages': 8, 'n_pages_with_text': 8}"
EPA-HQ-OAR-2003-0119-2408,https://downloads.regulations.gov/EPA-HQ-OAR-2003-0119-2408/attachment_1.pdf,ok,pytesseract,3779,method=pytesseract n_pages=2 quality=ok
EPA-HQ-OAR-2003-0119-1470,https://downloads.regulations.gov/EPA-HQ-OAR-2003-0119-1470/attachment_2.pdf,ok,pdf,2903,"{'n_pages': 1, 'n_pages_with_text': 1}"
EPA-HQ-OAR-2003-0119-2264,https://downloads.regulations.gov/EPA-HQ-OAR-2003-0119-2264/attachment_1.pdf,ok,pytesseract,3886,method=pytesseract n_pages=1 quality=ok
EPA-HQ-OAR-2003-0119-1100,https://downloads.regulations.gov/EPA-HQ-OAR-2003-0119-1100/attachment_2.pdf,ok,pdf,3812,"{'n_pages': 1, 'n_pages_with_text': 1}"
EPA-HQ-OAR-2003-0119-0074,https://downloads.regulations.gov/EPA-HQ-OAR-2003-0119-0074/attachment_1.pdf,ok,pdf,1576,"{'n_pages': 1, 'n_pages_with_text': 1}"
EPA-HQ-OAR-2003-0119-1512,https://downloads.regulations.gov/EPA-HQ-OAR-2003-0119-1512/attachment_2.pdf,ok,pdf,11165,"{'n_pages': 4, 'n_pages_with_text': 4}"
EPA-HQ-OAR-2003-0119-2239,https://downloads.regulations.gov/EPA-HQ-OAR-2003-0119-2239/attachment_2.pdf,ok,pytesseract,5619,method=pytesseract n_pages=3 quality=ok
EPA-HQ-OAR-2003-0119-1107,https://downloads.regulations.gov/EPA-HQ-OAR-2003-0119-1107/attachment_4.pdf,ok,pdf,16973,"{'n_pages': 7, 'n_pages_with_text': 7}"
EPA-HQ-OAR-2003-0119-1399,https://downloads.regulations.gov/EPA-HQ-OAR-2003-0119-1399/attachment_2.pdf,ok,pdf,3930,"{'n_pages': 2, 'n_pages_with_text': 2}"
EPA-HQ-OAR-2003-0119-2328,https://downloads.regulations.gov/EPA-HQ-OAR-2003-0119-2328/attachment_1.pdf,ok,pytesseract,4186,method=pytesseract n_pages=2 quality=ok
EPA-HQ-OAR-2003-0119-2508,https://downloads.regulations.gov/EPA-HQ-OAR-2003-0119-2508/attachment_2.pdf,ok,pytesseract,4592,method=pytesseract n_pages=2 quality=ok
EPA-HQ-OAR-2003-0119-1833,https://downloads.regulations.gov/EPA-HQ-OAR-2003-0119-1833/attachment_1.pdf,ok,pdf,3797,"{'n_pages': 2, 'n_pages_with_text': 2}"
EPA-HQ-OAR-2003-0119-2189,https://downloads.regulations.gov/EPA-HQ-OAR-2003-0119-2189/attachment_2.pdf,ok,pdf,11671,"{'n_pages': 4, 'n_pages_with_text': 4}"
EPA-HQ-OAR-2003-0119-0903,https://downloads.regulations.gov/EPA-HQ-OAR-2003-0119-0903/attachment_2.pdf,ok,pdf,13107,"{'n_pages': 5, 'n_pages_with_text': 5}"
EPA-HQ-OAR-2003-0119-2308,https://downloads.regulations.gov/EPA-HQ-OAR-2003-0119-2308/attachment_1.pdf,ok,pytesseract,3461,method=pytesseract n_pages=1 quality=ok
EPA-HQ-OAR-2003-0119-2072,https://downloads.regulations.gov/EPA-HQ-OAR-2003-0119-2072/attachment_1.pdf,ok,pdf,1596,"{'n_pages': 1, 'n_pages_with_text': 1}"
EPA-HQ-OAR-2003-0119-1990,https://downloads.regulations.gov/EPA-HQ-OAR-2003-0119-1990/attachment_1.pdf,ok,pdf,1700,"{'n_pages': 1, 'n_pages_with_text': 1}"
EPA-HQ-OAR-2003-0119-0262,https://downloads.regulations.gov/EPA-HQ-OAR-2003-0119-0262/attachment_1.pdf,ok,pdf,1801,"{'n_pages': 1, 'n_pages_with_text': 1}"
EPA-HQ-OAR-2003-0119-1497,https://downloads.regulations.gov/EPA-HQ-OAR-2003-0119-1497/attachment_1.pdf,ok,pdf,3611,"{'n_pages': 3, 'n_pages_with_text': 3}"
EPA-HQ-OAR-2003-0119-1879,https://downloads.regulations.gov/EPA-HQ-OAR-2003-0119-1879/attachment_1.pdf,ok,pdf,2032,"{'n_pages': 1, 'n_pages_with_text': 1}"
EPA-HQ-OAR-2003-0119-1756,https://downloads.regulations.gov/EPA-HQ-OAR-2003-0119-1756/attachment_1.pdf,ok,pdf,1725,"{'n_pages': 1, 'n_pages_with_text': 1}"
EPA-HQ-OAR-2003-0119-1240,https://downloads.regulations.gov/EPA-HQ-OAR-2003-0119-1240/attachment_1.pdf,ok,pdf,3215,"{'n_pages': 3, 'n_pages_with_text': 3}"
EPA-HQ-OAR-2003-0119-0777,https://downloads.regulations.gov/EPA-HQ-OAR-2003-0119-0777/attachment_1.pdf,ok,pdf,2172,"{'n_pages': 1, 'n_pages_with_text': 1}"
EPA-HQ-OAR-2003-0119-0410,https://downloads.regulations.gov/EPA-HQ-OAR-2003-0119-0410/attachment_1.pdf,ok,pdf,2024,"{'n_pages': 1, 'n_pages_with_text': 1}"
EPA-HQ-OAR-2003-0119-0479,https://downloads.regulations.gov/EPA-HQ-OAR-2003-0119-0479/attachment_1.pdf,ok,pdf,1734,"{'n_pages': 1, 'n_pages_with_text': 1}"
EPA-HQ-OAR-2003-0119-1295,https://downloads.regulations.gov/EPA-HQ-OAR-2003-0119-1295/attachment_1.pdf,ok,pdf,3091,"{'n_pages': 3, 'n_pages_with_text': 3}"
EPA-HQ-OAR-2003-0119-0270,https://downloads.regulations.gov/EPA-HQ-OAR-2003-0119-0270/attachment_1.pdf,ok,pdf,1943,"{'n_pages': 1, 'n_pages_with_text': 1}"
EPA-HQ-OAR-2003-0119-0340,https://downloads.regulations.gov/EPA-HQ-OAR-2003-0119-0340/attachment_1.pdf,ok,pdf,1842,"{'n_pages': 1, 'n_pages_with_text': 1}"
EPA-HQ-OAR-2003-0119-1413,https://downloads.regulations.gov/EPA-HQ-OAR-2003-0119-1413/attachment_1.pdf,ok,pdf,3162,"{'n_pages': 3, 'n_pages_with_text': 3}"
EPA-HQ-OAR-2003-0119-1499,https://downloads.regulations.gov/EPA-HQ-OAR-2003-0119-1499/attachment_1.pdf,ok,pdf,3412,"{'n_pages': 3, 'n_pages_with_text': 3}"
EPA-HQ-OAR-2003-0119-1347,https://downloads.regulations.gov/EPA-HQ-OAR-2003-0119-1347/attachment_1.pdf,ok,pdf,3391,"{'n_pages': 3, 'n_pages_with_text': 3}"
EPA-HQ-OAR-2003-0119-0084,https://downloads.regulations.gov/EPA-HQ-OAR-2003-0119-0084/attachment_1.pdf,ok,pdf,1891,"{'n_pages': 1, 'n_pages_with_text': 1}"
EPA-HQ-OAR-2003-0119-1800,https://downloads.regulations.gov/EPA-HQ-OAR-2003-0119-1800/attachment_1.pdf,ok,pdf,2096,"{'n_pages': 1, 'n_pages_with_text': 1}"
EPA-HQ-OAR-2003-0119-2164,https://downloads.regulations.gov/EPA-HQ-OAR-2003-0119-2164/attachment_1.pdf,ok,pdf,2079,"{'n_pages': 1, 'n_pages_with_text': 1}"
EPA-HQ-OAR-2003-0119-2062,https://downloads.regulations.gov/EPA-HQ-OAR-2003-0119-2062/attachment_1.pdf,ok,pdf,3221,"{'n_pages': 3, 'n_pages_with_text': 3}"
EPA-HQ-OAR-2003-0119-1396,https://downloads.regulations.gov/EPA-HQ-OAR-2003-0119-1396/attachment_2.pdf,ok,pdf,3396,"{'n_pages': 1, 'n_pages_with_text': 1}"
EPA-HQ-OAR-2003-0119-1397,https://downloads.regulations.gov/EPA-HQ-OAR-2003-0119-1397/attachment_1.pdf,ok,pdf,4132,"{'n_pages': 3, 'n_pages_with_text': 3}"
EPA-HQ-OAR-2003-0119-1815,https://downloads.regulations.gov/EPA-HQ-OAR-2003-0119-1815/attachment_1.pdf,ok,pdf,3192,"{'n_pages': 3, 'n_pages_with_text': 3}"
EPA-HQ-OAR-2003-0119-2471,https://downloads.regulations.gov/EPA-HQ-OAR-2003-0119-2471/attachment_2.pdf,ok,pdf,16095,"{'n_pages': 6, 'n_pages_with_text': 6}"
EPA-HQ-OAR-2003-0119-2472,https://downloads.regulations.gov/EPA-HQ-OAR-2003-0119-2472/attachment_2.pdf,ok,pdf,2415,"{'n_pages': 2, 'n_pages_with_text': 2}"
EPA-HQ-OAR-2003-0119-2517,https://downloads.regulations.gov/EPA-HQ-OAR-2003-0119-2517/attachment_1.pdf,ok,pdf,863,"{'n_pages': 1, 'n_pages_with_text': 1}"
EPA-HQ-OAR-2003-0119-0292,https://downloads.regulations.gov/EPA-HQ-OAR-2003-0119-0292/attachment_1.pdf,ok,pdf,1840,"{'n_pages': 1, 'n_pages_with_text': 1}"
EPA-HQ-OAR-2003-0119-0305,https://downloads.regulations.gov/EPA-HQ-OAR-2003-0119-0305/attachment_1.pdf,ok,pdf,1594,"{'n_pages': 1, 'n_pages_with_text': 1}"
EPA-HQ-OAR-2003-0119-1367,https://downloads.regulations.gov/EPA-HQ-OAR-2003-0119-1367/attachment_1.pdf,ok,pdf,3198,"{'n_pages': 3, 'n_pages_with_text': 3}"
EPA-HQ-OAR-2003-0119-1007,https://downloads.regulations.gov/EPA-HQ-OAR-2003-0119-1007/attachment_1.pdf,ok,pdf,1558,"{'n_pages': 1, 'n_pages_with_text': 1}"
EPA-HQ-OAR-2004-0265-1586,,no_url_nan,,0,attachment_files was NaN
EPA-HQ-OAR-2004-0265-0986,,no_url_nan,,0,attachment_files was NaN
EPA-HQ-OAR-2004-0265-1590,,no_url_nan,,0,attachment_files was NaN
EPA-HQ-OAR-2004-0265-0970,,no_url_nan,,0,attachment_files was NaN
EPA-HQ-OAR-2004-0265-1236,,no_url_nan,,0,attachment_files was NaN
EPA-HQ-OAR-2004-0265-0971,,no_url_nan,,0,attachment_files was NaN
EPA-HQ-OAR-2004-0265-0353,,no_url_nan,,0,attachment_files was NaN
EPA-HQ-OAR-2004-0265-1635,,no_url_nan,,0,attachment_files was NaN
EPA-HQ-OAR-2004-0265-0174,,no_url_nan,,0,attachment_files was NaN
EPA-HQ-OAR-2004-0265-1230,,no_url_nan,,0,attachment_files was NaN
EPA-HQ-OAR-2004-0265-1217,,no_url_nan,,0,attachment_files was NaN
EPA-HQ-OAR-2004-0265-1234,,no_url_nan,,0,attachment_files was NaN
EPA-HQ-OAR-2004-0265-1486,,no_url_nan,,0,attachment_files was NaN
EPA-HQ-OAR-2004-0265-1583,,no_url_nan,,0,attachment_files was NaN
EPA-HQ-OAR-2004-0265-1309,,no_url_nan,,0,attachment_files was NaN
EPA-HQ-OAR-2004-0265-0296,,no_url_nan,,0,attachment_files was NaN
EPA-HQ-OAR-2004-0265-1540,,no_url_nan,,0,attachment_files was NaN
EPA-HQ-OAR-2004-0265-1632,,no_url_nan,,0,attachment_files was NaN
EPA-HQ-OAR-2004-0265-0896,,no_url_nan,,0,attachment_files was NaN
EPA-HQ-OAR-2004-0265-1021,,no_url_nan,,0,attachment_files was NaN
EPA-HQ-OAR-2004-0265-0077,,no_url_nan,,0,attachment_files was NaN
EPA-HQ-OAR-2004-0265-0875,,no_url_nan,,0,attachment_files was NaN
EPA-HQ-OAR-2004-0265-0142,,no_url_nan,,0,attachment_files was NaN
EPA-HQ-OAR-2004-0265-0155,,no_url_nan,,0,attachment_files was NaN
EPA-HQ-OAR-2004-0265-0088,,no_url_nan,,0,attachment_files was NaN
EPA-HQ-OAR-2004-0265-1165,,no_url_nan,,0,attachment_files was NaN
EPA-HQ-OAR-2004-0265-0071,,no_url_nan,,0,attachment_files was NaN
EPA-HQ-OAR-2004-0265-0182,,no_url_nan,,0,attachment_files was NaN
EPA-HQ-OAR-2004-0265-0260,,no_url_nan,,0,attachment_files was NaN
EPA-HQ-OAR-2004-0265-0055,,no_url_nan,,0,attachment_files was NaN
EPA-HQ-OAR-2004-0265-1555,,no_url_nan,,0,attachment_files was NaN
EPA-HQ-OAR-2004-0265-0225,,no_url_nan,,0,attachment_files was NaN
EPA-HQ-OAR-2004-0265-1192,,no_url_nan,,0,attachment_files was NaN
EPA-HQ-OAR-2004-0265-1369,,no_url_nan,,0,attachment_files was NaN
EPA-HQ-OAR-2004-0265-1200,,no_url_nan,,0,attachment_files was NaN
EPA-HQ-OAR-2004-0265-0109,,no_url_nan,,0,attachment_files was NaN
EPA-HQ-OAR-2004-0265-1215,,no_url_nan,,0,attachment_files was NaN
EPA-HQ-OAR-2004-0265-1144,,no_url_nan,,0,attachment_files was NaN
EPA-HQ-OAR-2004-0265-0120,,no_url_nan,,0,attachment_files was NaN
EPA-HQ-OAR-2004-0265-0082,,no_url_nan,,0,attachment_files was NaN
EPA-HQ-OAR-2004-0265-0148,,no_url_nan,,0,attachment_files was NaN
EPA-HQ-OAR-2004-0265-1179,,no_url_nan,,0,attachment_files was NaN
EPA-HQ-OAR-2004-0265-1248,,no_url_nan,,0,attachment_files was NaN
EPA-HQ-OAR-2004-0265-0898,,no_url_nan,,0,attachment_files was NaN
EPA-HQ-OAR-2004-0265-1431,,no_url_nan,,0,attachment_files was NaN
EPA-HQ-OAR-2004-0265-0040,,no_url_nan,,0,attachment_files was NaN
EPA-HQ-OAR-2004-0265-1588,,no_url_nan,,0,attachment_files was NaN
EPA-HQ-OAR-2004-0265-1172,,no_url_nan,,0,attachment_files was NaN
EPA-HQ-OAR-2004-0265-0990,,no_url_nan,,0,attachment_files was NaN
EPA-HQ-OAR-2004-0265-1528,,no_url_nan,,0,attachment_files was NaN
EPA-HQ-OAR-2006-0790-2437,https://downloads.regulations.gov/EPA-HQ-OAR-2006-0790-2437/attachment_1.pdf,ok,pdf,12326,"{'n_pages': 5, 'n_pages_with_text': 5}"
EPA-HQ-OAR-2006-0790-1492,https://downloads.regulations.gov/EPA-HQ-OAR-2006-0790-1492/attachment_2.pdf,ok,pdf,34051,"{'n_pages': 9, 'n_pages_with_text': 9}"
EPA-HQ-OAR-2006-0790-2295,https://downloads.regulations.gov/EPA-HQ-OAR-2006-0790-2295/attachment_1.pdf,ok,pdf,28795,"{'n_pages': 13, 'n_pages_with_text': 13}"
EPA-HQ-OAR-2006-0790-2456,https://downloads.regulations.gov/EPA-HQ-OAR-2006-0790-2456/attachment_1.pdf,ok,pdf,29263,"{'n_pages': 9, 'n_pages_with_text': 9}"
EPA-HQ-OAR-2006-0790-1782,https://downloads.regulations.gov/EPA-HQ-OAR-2006-0790-1782/attachment_1.pdf,ok,pdf,18300,"{'n_pages': 7, 'n_pages_with_text': 7}"
EPA-HQ-OAR-2006-0790-1487,https://downloads.regulations.gov/EPA-HQ-OAR-2006-0790-1487/attachment_2.pdf,ok,pdf,11181,"{'n_pages': 4, 'n_pages_with_text': 4}"
EPA-HQ-OAR-2006-0790-2216,https://downloads.regulations.gov/EPA-HQ-OAR-2006-0790-2216/attachment_1.pdf,ok,pdf,4664,"{'n_pages': 2, 'n_pages_with_text': 2}"
EPA-HQ-OAR-2006-0790-2279,https://downloads.regulations.gov/EPA-HQ-OAR-2006-0790-2279/attachment_1.pdf,ok,pytesseract,3207,method=pytesseract n_pages=2 quality=ok
EPA-HQ-OAR-2006-0790-2478,https://downloads.regulations.gov/EPA-HQ-OAR-2006-0790-2478/attachment_2.pdf,ok,pdf,7269,"{'n_pages': 3, 'n_pages_with_text': 3}"
EPA-HQ-OAR-2006-0790-2198,https://downloads.regulations.gov/EPA-HQ-OAR-2006-0790-2198/attachment_2.pdf,ok,pdf,18830,"{'n_pages': 7, 'n_pages_with_text': 7}"
EPA-HQ-OAR-2006-0790-1952,https://downloads.regulations.gov/EPA-HQ-OAR-2006-0790-1952/attachment_1.pdf,ok,pytesseract,20288,method=pytesseract n_pages=7 quality=ok
EPA-HQ-OAR-2006-0790-2199,https://downloads.regulations.gov/EPA-HQ-OAR-2006-0790-2199/attachment_1.pdf,ok,pdf,68334,"{'n_pages': 26, 'n_pages_with_text': 26}"
EPA-HQ-OAR-2006-0790-2157,https://downloads.regulations.gov/EPA-HQ-OAR-2006-0790-2157/attachment_2.pdf,ok,pdf,29784,"{'n_pages': 11, 'n_pages_with_text': 11}"
EPA-HQ-OAR-2006-0790-2197,https://downloads.regulations.gov/EPA-HQ-OAR-2006-0790-2197/attachment_1.pdf,ok,pdf,29781,"{'n_pages': 12, 'n_pages_with_text': 12}"
EPA-HQ-OAR-2006-0790-2137,https://downloads.regulations.gov/EPA-HQ-OAR-2006-0790-2137/attachment_2.pdf,ok,pdf,24948,"{'n_pages': 10, 'n_pages_with_text': 10}"
EPA-HQ-OAR-2006-0790-1488,https://downloads.regulations.gov/EPA-HQ-OAR-2006-0790-1488/attachment_2.pdf,ok,pytesseract,5922,method=pytesseract n_pages=2 quality=ok
EPA-HQ-OAR-2006-0790-1053,https://downloads.regulations.gov/EPA-HQ-OAR-2006-0790-1053/attachment_2.pdf,ok,pdf,21513,"{'n_pages': 9, 'n_pages_with_text': 9}"
EPA-HQ-OAR-2006-0790-1895,https://downloads.regulations.gov/EPA-HQ-OAR-2006-0790-1895/attachment_1.docx,ok,docx,12057,{'n_paragraphs': 53}
EPA-HQ-OAR-2006-0790-1923,https://downloads.regulations.gov/EPA-HQ-OAR-2006-0790-1923/attachment_1.pdf,ok,pytesseract,16238,method=pytesseract n_pages=10 quality=ok
EPA-HQ-OAR-2006-0790-2061,https://downloads.regulations.gov/EPA-HQ-OAR-2006-0790-2061/attachment_1.pdf,ok,pdf,48221,"{'n_pages': 19, 'n_pages_with_text': 19}"
EPA-HQ-OAR-2006-0790-1640,https://downloads.regulations.gov/EPA-HQ-OAR-2006-0790-1640/attachment_1.pdf,ok,pdf,3230,"{'n_pages': 3, 'n_pages_with_text': 3}"
EPA-HQ-OAR-2006-0790-2142,https://downloads.regulations.gov/EPA-HQ-OAR-2006-0790-2142/attachment_1.pdf,ok,pdf,1922,"{'n_pages': 1, 'n_pages_with_text': 1}"
EPA-HQ-OAR-2006-0790-0648,https://downloads.regulations.gov/EPA-HQ-OAR-2006-0790-0648/attachment_1.pdf,ok,pdf,1711,"{'n_pages': 1, 'n_pages_with_text': 1}"
EPA-HQ-OAR-2006-0790-1446,https://downloads.regulations.gov/EPA-HQ-OAR-2006-0790-1446/attachment_1.pdf,ok,pdf,752,"{'n_pages': 1, 'n_pages_with_text': 1}"
EPA-HQ-OAR-2006-0790-0419,https://downloads.regulations.gov/EPA-HQ-OAR-2006-0790-0419/attachment_1.pdf,ok,pdf,1964,"{'n_pages': 1, 'n_pages_with_text': 1}"
EPA-HQ-OAR-2006-0790-0334,https://downloads.regulations.gov/EPA-HQ-OAR-2006-0790-0334/attachment_1.pdf,ok,pdf,1600,"{'n_pages': 1, 'n_pages_with_text': 1}"
EPA-HQ-OAR-2006-0790-1437,https://downloads.regulations.gov/EPA-HQ-OAR-2006-0790-1437/attachment_1.pdf,ok,pdf,3162,"{'n_pages': 3, 'n_pages_with_text': 3}"
EPA-HQ-OAR-2006-0790-0658,https://downloads.regulations.gov/EPA-HQ-OAR-2006-0790-0658/attachment_1.pdf,ok,pdf,1579,"{'n_pages': 1, 'n_pages_with_text': 1}"
EPA-HQ-OAR-2006-0790-1219,https://downloads.regulations.gov/EPA-HQ-OAR-2006-0790-1219/attachment_1.pdf,ok,pdf,2216,"{'n_pages': 2, 'n_pages_with_text': 2}"
EPA-HQ-OAR-2006-0790-1172,https://downloads.regulations.gov/EPA-HQ-OAR-2006-0790-1172/attachment_1.pdf,ok,pdf,931,"{'n_pages': 1, 'n_pages_with_text': 1}"
EPA-HQ-OAR-2006-0790-0492,https://downloads.regulations.gov/EPA-HQ-OAR-2006-0790-0492/attachment_1.pdf,ok,pdf,688,"{'n_pages': 1, 'n_pages_with_text': 1}"
EPA-HQ-OAR-2006-0790-1964,https://downloads.regulations.gov/EPA-HQ-OAR-2006-0790-1964/attachment_1.doc,extract_fail:unsupported kind=doc,doc,0,{'reason': 'unsupported kind=doc'}
EPA-HQ-OAR-2006-0790-1279,https://downloads.regulations.gov/EPA-HQ-OAR-2006-0790-1279/attachment_1.pdf,ok,pdf,3654,"{'n_pages': 3, 'n_pages_with_text': 3}"
EPA-HQ-OAR-2006-0790-0798,https://downloads.regulations.gov/EPA-HQ-OAR-2006-0790-0798/attachment_1.pdf,ok,pdf,1889,"{'n_pages': 1, 'n_pages_with_text': 1}"
EPA-HQ-OAR-2006-0790-0375,https://downloads.regulations.gov/EPA-HQ-OAR-2006-0790-0375/attachment_1.pdf,ok,pdf,1731,"{'n_pages': 1, 'n_pages_with_text': 1}"
EPA-HQ-OAR-2006-0790-1894,https://downloads.regulations.gov/EPA-HQ-OAR-2006-0790-1894/attachment_1.pdf,ok,pdf,2007,"{'n_pages': 1, 'n_pages_with_text': 1}"
EPA-HQ-OAR-2006-0790-0092,https://downloads.regulations.gov/EPA-HQ-OAR-2006-0790-0092/attachment_1.pdf,ok,pdf,1572,"{'n_pages': 1, 'n_pages_with_text': 1}"
EPA-HQ-OAR-2006-0790-0435,https://downloads.regulations.gov/EPA-HQ-OAR-2006-0790-0435/attachment_1.pdf,ok,pdf,1189,"{'n_pages': 1, 'n_pages_with_text': 1}"
EPA-HQ-OAR-2006-0790-2091,https://downloads.regulations.gov/EPA-HQ-OAR-2006-0790-2091/attachment_1.pdf,ok,pdf,1948,"{'n_pages': 1, 'n_pages_with_text': 1}"
EPA-HQ-OAR-2006-0790-2237,https://downloads.regulations.gov/EPA-HQ-OAR-2006-0790-2237/attachment_1.pdf,ok,pdf,1963,"{'n_pages': 1, 'n_pages_with_text': 1}"
EPA-HQ-OAR-2006-0790-0327,https://downloads.regulations.gov/EPA-HQ-OAR-2006-0790-0327/attachment_1.pdf,ok,pdf,1706,"{'n_pages': 1, 'n_pages_with_text': 1}"
EPA-HQ-OAR-2006-0790-2213,https://downloads.regulations.gov/EPA-HQ-OAR-2006-0790-2213/attachment_1.pdf,ok,pdf,2035,"{'n_pages': 1, 'n_pages_with_text': 1}"
EPA-HQ-OAR-2006-0790-2276,https://downloads.regulations.gov/EPA-HQ-OAR-2006-0790-2276/attachment_1.pdf,ok,pytesseract,5062,method=pytesseract n_pages=2 quality=ok
EPA-HQ-OAR-2006-0790-2293,https://downloads.regulations.gov/EPA-HQ-OAR-2006-0790-2293/attachment_2.pdf,ok,pdf,16095,"{'n_pages': 6, 'n_pages_with_text': 6}"
EPA-HQ-OAR-2006-0790-2349,https://downloads.regulations.gov/EPA-HQ-OAR-2006-0790-2349/attachment_2.pdf,ok,pytesseract,13082,method=pytesseract n_pages=5 quality=ok
EPA-HQ-OAR-2006-0790-2351,https://downloads.regulations.gov/EPA-HQ-OAR-2006-0790-2351/attachment_2.pdf,ok,pdf,44361,"{'n_pages': 14, 'n_pages_with_text': 14}"
EPA-HQ-OAR-2006-0790-2360,https://downloads.regulations.gov/EPA-HQ-OAR-2006-0790-2360/attachment_1.pdf,ok,pdf,863,"{'n_pages': 1, 'n_pages_with_text': 1}"
EPA-HQ-OAR-2006-0790-2526,https://downloads.regulations.gov/EPA-HQ-OAR-2006-0790-2526/attachment_2.pdf,ok,pdf,28741,"{'n_pages': 15, 'n_pages_with_text': 15}"
EPA-HQ-OAR-2006-0790-1955,https://downloads.regulations.gov/EPA-HQ-OAR-2006-0790-1955/attachment_1.pdf,ok,pytesseract,14403,method=pytesseract n_pages=6 quality=ok
EPA-HQ-OAR-2006-0790-1604,https://downloads.regulations.gov/EPA-HQ-OAR-2006-0790-1604/attachment_1.pdf,ok,pdf,1666,"{'n_pages': 1, 'n_pages_with_text': 1}"
EPA-HQ-OAR-2009-0234-10821,https://downloads.regulations.gov/EPA-HQ-OAR-2009-0234-10821/attachment_2.pdf,ok,pytesseract,6545,method=pytesseract n_pages=3 quality=ok
EPA-HQ-OAR-2009-0234-20334,https://downloads.regulations.gov/EPA-HQ-OAR-2009-0234-20334/attachment_2.pdf,ok,pdf,5620,"{'n_pages': 3, 'n_pages_with_text': 3}"
EPA-HQ-OAR-2009-0234-19033,https://downloads.regulations.gov/EPA-HQ-OAR-2009-0234-19033/attachment_1.pdf,ok,pytesseract,26025,method=pytesseract n_pages=10 quality=ok
EPA-HQ-OAR-2009-0234-18751,https://downloads.regulations.gov/EPA-HQ-OAR-2009-0234-18751/attachment_2.pdf,ok,pdf,3684,"{'n_pages': 2, 'n_pages_with_text': 2}"
EPA-HQ-OAR-2009-0234-17686,https://downloads.regulations.gov/EPA-HQ-OAR-2009-0234-17686/attachment_1.pdf,ok,pdf,2099,"{'n_pages': 2, 'n_pages_with_text': 1}"
EPA-HQ-OAR-2009-0234-20287,https://downloads.regulations.gov/EPA-HQ-OAR-2009-0234-20287/attachment_2.pdf,ok,pytesseract,12684,method=pytesseract n_pages=4 quality=ok
EPA-HQ-OAR-2009-0234-19742,https://downloads.regulations.gov/EPA-HQ-OAR-2009-0234-19742/attachment_1.pdf,ok,pdf,6750,"{'n_pages': 3, 'n_pages_with_text': 3}"
EPA-HQ-OAR-2009-0234-20268,https://downloads.regulations.gov/EPA-HQ-OAR-2009-0234-20268/attachment_1.pdf,ok,pdf,7289,"{'n_pages': 3, 'n_pages_with_text': 3}"
EPA-HQ-OAR-2009-0234-17283,https://downloads.regulations.gov/EPA-HQ-OAR-2009-0234-17283/attachment_1.pdf,ok,pdf,32677,"{'n_pages': 10, 'n_pages_with_text': 10}"
EPA-HQ-OAR-2009-0234-17898,https://downloads.regulations.gov/EPA-HQ-OAR-2009-0234-17898/attachment_1.pdf,ok,pdf,14637,"{'n_pages': 5, 'n_pages_with_text': 5}"
EPA-HQ-OAR-2009-0234-18441,https://downloads.regulations.gov/EPA-HQ-OAR-2009-0234-18441/attachment_2.pdf,ok,pdf,107516,"{'n_pages': 37, 'n_pages_with_text': 37}"
EPA-HQ-OAR-2009-0234-20431,https://downloads.regulations.gov/EPA-HQ-OAR-2009-0234-20431/attachment_1.pdf,ok,pdf,3370,"{'n_pages': 2, 'n_pages_with_text': 2}"
EPA-HQ-OAR-2009-0234-18716,https://downloads.regulations.gov/EPA-HQ-OAR-2009-0234-18716/attachment_2.pdf,ok,pdf,3790,"{'n_pages': 1, 'n_pages_with_text': 1}"
EPA-HQ-OAR-2009-0234-18450,https://downloads.regulations.gov/EPA-HQ-OAR-2009-0234-18450/attachment_2.pdf,ok,pytesseract,11140,method=pytesseract n_pages=5 quality=ok
EPA-HQ-OAR-2009-0234-19868,https://downloads.regulations.gov/EPA-HQ-OAR-2009-0234-19868/attachment_3.pdf,ok,pdf,15387,"{'n_pages': 9, 'n_pages_with_text': 9}"
EPA-HQ-OAR-2009-0234-19576,https://downloads.regulations.gov/EPA-HQ-OAR-2009-0234-19576/attachment_1.pdf,ok,pdf,2777,"{'n_pages': 2, 'n_pages_with_text': 2}"
EPA-HQ-OAR-2009-0234-15001,https://downloads.regulations.gov/EPA-HQ-OAR-2009-0234-15001/attachment_1.pdf,ok,pytesseract,2788,method=pytesseract n_pages=2 quality=ok
EPA-HQ-OAR-2009-0234-11865,https://downloads.regulations.gov/EPA-HQ-OAR-2009-0234-11865/attachment_1.pdf,ok,pdf,1584,"{'n_pages': 1, 'n_pages_with_text': 1}"
EPA-HQ-OAR-2009-0234-20143,https://downloads.regulations.gov/EPA-HQ-OAR-2009-0234-20143/attachment_2.pdf,ok,pdf,13788,"{'n_pages': 6, 'n_pages_with_text': 6}"
EPA-HQ-OAR-2009-0234-20417,https://downloads.regulations.gov/EPA-HQ-OAR-2009-0234-20417/attachment_1.pdf,ok,pdf,15429,"{'n_pages': 7, 'n_pages_with_text': 7}"
EPA-HQ-OAR-2009-0234-12089,https://downloads.regulations.gov/EPA-HQ-OAR-2009-0234-12089/attachment_1.pdf,ok,pdf,1907,"{'n_pages': 1, 'n_pages_with_text': 1}"
EPA-HQ-OAR-2009-0234-12580,https://downloads.regulations.gov/EPA-HQ-OAR-2009-0234-12580/attachment_1.pdf,ok,pdf,2082,"{'n_pages': 1, 'n_pages_with_text': 1}"
EPA-HQ-OAR-2009-0234-15538,https://downloads.regulations.gov/EPA-HQ-OAR-2009-0234-15538/attachment_1.pdf,ok,pytesseract,801,method=pytesseract n_pages=1 quality=ok
EPA-HQ-OAR-2009-0234-12212,https://downloads.regulations.gov/EPA-HQ-OAR-2009-0234-12212/attachment_1.pdf,ok,pdf,1408,"{'n_pages': 1, 'n_pages_with_text': 1}"
EPA-HQ-OAR-2009-0234-18062,https://downloads.regulations.gov/EPA-HQ-OAR-2009-0234-18062/attachment_1.pdf,ok,pdf,2207,"{'n_pages': 2, 'n_pages_with_text': 2}"
EPA-HQ-OAR-2009-0234-11839,https://downloads.regulations.gov/EPA-HQ-OAR-2009-0234-11839/attachment_1.pdf,ok,pdf,1639,"{'n_pages': 1, 'n_pages_with_text': 1}"
EPA-HQ-OAR-2009-0234-11900,https://downloads.regulations.gov/EPA-HQ-OAR-2009-0234-11900/attachment_1.pdf,ok,pdf,1340,"{'n_pages': 1, 'n_pages_with_text': 1}"
EPA-HQ-OAR-2009-0234-12741,https://downloads.regulations.gov/EPA-HQ-OAR-2009-0234-12741/attachment_1.pdf,ok,pdf,1748,"{'n_pages': 1, 'n_pages_with_text': 1}"
EPA-HQ-OAR-2009-0234-15483,https://downloads.regulations.gov/EPA-HQ-OAR-2009-0234-15483/attachment_1.pdf,ok,pdf,1884,"{'n_pages': 1, 'n_pages_with_text': 1}"
EPA-HQ-OAR-2009-0234-13794,https://downloads.regulations.gov/EPA-HQ-OAR-2009-0234-13794/attachment_1.pdf,ok,pdf,3868,"{'n_pages': 3, 'n_pages_with_text': 3}"
EPA-HQ-OAR-2009-0234-16649,https://downloads.regulations.gov/EPA-HQ-OAR-2009-0234-16649/attachment_1.pdf,ok,pytesseract,947,method=pytesseract n_pages=1 quality=ok
EPA-HQ-OAR-2009-0234-13016,https://downloads.regulations.gov/EPA-HQ-OAR-2009-0234-13016/attachment_1.pdf,ok,pdf,1673,"{'n_pages': 1, 'n_pages_with_text': 1}"
EPA-HQ-OAR-2009-0234-20327,https://downloads.regulations.gov/EPA-HQ-OAR-2009-0234-20327/attachment_1.pdf,ok,pdf,1728,"{'n_pages': 1, 'n_pages_with_text': 1}"
EPA-HQ-OAR-2009-0234-11678,https://downloads.regulations.gov/EPA-HQ-OAR-2009-0234-11678/attachment_1.pdf,ok,pdf,467,"{'n_pages': 1, 'n_pages_with_text': 1}"
EPA-HQ-OAR-2009-0234-13540,https://downloads.regulations.gov/EPA-HQ-OAR-2009-0234-13540/attachment_1.pdf,ok,pdf,1348,"{'n_pages': 1, 'n_pages_with_text': 1}"
EPA-HQ-OAR-2009-0234-12151,https://downloads.regulations.gov/EPA-HQ-OAR-2009-0234-12151/attachment_1.pdf,ok,pdf,2614,"{'n_pages': 2, 'n_pages_with_text': 2}"
EPA-HQ-OAR-2009-0234-16780,https://downloads.regulations.gov/EPA-HQ-OAR-2009-0234-16780/attachment_1.pdf,ok,pytesseract,870,method=pytesseract n_pages=1 quality=ok
EPA-HQ-OAR-2009-0234-13103,https://downloads.regulations.gov/EPA-HQ-OAR-2009-0234-13103/attachment_1.pdf,ok,pdf,1851,"{'n_pages': 1, 'n_pages_with_text': 1}"
EPA-HQ-OAR-2009-0234-14824,https://downloads.regulations.gov/EPA-HQ-OAR-2009-0234-14824/attachment_1.pdf,ok,vision_llm,584,method=vision_llm n_pages=1 model=claude-sonnet-4-5
EPA-HQ-OAR-2009-0234-15223,https://downloads.regulations.gov/EPA-HQ-OAR-2009-0234-15223/attachment_1.pdf,ok,pdf,2800,"{'n_pages': 2, 'n_pages_with_text': 2}"
EPA-HQ-OAR-2009-0234-19547,https://downloads.regulations.gov/EPA-HQ-OAR-2009-0234-19547/attachment_1.pdf,ok,pdf,789,"{'n_pages': 1, 'n_pages_with_text': 1}"
EPA-HQ-OAR-2009-0234-7929,https://downloads.regulations.gov/EPA-HQ-OAR-2009-0234-7929/attachment_1.pdf,ok,pdf,1911,"{'n_pages': 1, 'n_pages_with_text': 1}"
EPA-HQ-OAR-2009-0234-3104,https://downloads.regulations.gov/EPA-HQ-OAR-2009-0234-3104/attachment_1.pdf,ok,pdf,1402,"{'n_pages': 1, 'n_pages_with_text': 1}"
EPA-HQ-OAR-2009-0234-7251,https://downloads.regulations.gov/EPA-HQ-OAR-2009-0234-7251/attachment_1.pdf,ok,pdf,1019,"{'n_pages': 1, 'n_pages_with_text': 1}"
EPA-HQ-OAR-2009-0234-9833,https://downloads.regulations.gov/EPA-HQ-OAR-2009-0234-9833/attachment_1.pdf,ok,pdf,1066,"{'n_pages': 1, 'n_pages_with_text': 1}"
EPA-HQ-OAR-2009-0234-7993,https://downloads.regulations.gov/EPA-HQ-OAR-2009-0234-7993/attachment_1.pdf,ok,pdf,1651,"{'n_pages': 1, 'n_pages_with_text': 1}"
EPA-HQ-OAR-2009-0234-8907,https://downloads.regulations.gov/EPA-HQ-OAR-2009-0234-8907/attachment_1.pdf,ok,pdf,1911,"{'n_pages': 1, 'n_pages_with_text': 1}"
EPA-HQ-OAR-2009-0234-19387,https://downloads.regulations.gov/EPA-HQ-OAR-2009-0234-19387/attachment_1.pdf,ok,pdf,1379,"{'n_pages': 1, 'n_pages_with_text': 1}"
EPA-HQ-OAR-2009-0234-9493,https://downloads.regulations.gov/EPA-HQ-OAR-2009-0234-9493/attachment_1.pdf,ok,pdf,1636,"{'n_pages': 1, 'n_pages_with_text': 1}"
EPA-HQ-OAR-2009-0234-9103,https://downloads.regulations.gov/EPA-HQ-OAR-2009-0234-9103/attachment_1.pdf,ok,pdf,1936,"{'n_pages': 1, 'n_pages_with_text': 1}"
EPA-HQ-OAR-2009-0491-4008,https://downloads.regulations.gov/EPA-HQ-OAR-2009-0491-4008/attachment_2.pdf,ok,pytesseract,15705,method=pytesseract n_pages=8 quality=ok
EPA-HQ-OAR-2009-0491-3726,https://downloads.regulations.gov/EPA-HQ-OAR-2009-0491-3726/attachment_2.pdf,ok,pdf,28582,"{'n_pages': 104, 'n_pages_with_text': 13}"
EPA-HQ-OAR-2009-0491-2737,https://downloads.regulations.gov/EPA-HQ-OAR-2009-0491-2737/attachment_1.pdf,ok,pdf,304700,"{'n_pages': 179, 'n_pages_with_text': 172}"
EPA-HQ-OAR-2009-0491-1891,https://downloads.regulations.gov/EPA-HQ-OAR-2009-0491-1891/attachment_2.pdf,ok,pdf,2029,"{'n_pages': 1, 'n_pages_with_text': 1}"
EPA-HQ-OAR-2009-0491-4028,https://downloads.regulations.gov/EPA-HQ-OAR-2009-0491-4028/attachment_1.pdf,ok,pdf,14748,"{'n_pages': 5, 'n_pages_with_text': 5}"
EPA-HQ-OAR-2009-0491-3720,https://downloads.regulations.gov/EPA-HQ-OAR-2009-0491-3720/attachment_1.doc,extract_fail:unsupported kind=doc,doc,0,{'reason': 'unsupported kind=doc'}
EPA-HQ-OAR-2009-0491-2752,https://downloads.regulations.gov/EPA-HQ-OAR-2009-0491-2752/attachment_1.pdf,ok,pdf,474,"{'n_pages': 1, 'n_pages_with_text': 1}"
EPA-HQ-OAR-2009-0491-2724,https://downloads.regulations.gov/EPA-HQ-OAR-2009-0491-2724/attachment_1.pdf,ok,pytesseract,2385,method=pytesseract n_pages=2 quality=ok
EPA-HQ-OAR-2009-0491-3845,https://downloads.regulations.gov/EPA-HQ-OAR-2009-0491-3845/attachment_1.pdf,ok,pytesseract,6631,method=pytesseract n_pages=3 quality=ok
EPA-HQ-OAR-2009-0491-4982,https://downloads.regulations.gov/EPA-HQ-OAR-2009-0491-4982/attachment_2.pdf,ok,pdf,832244,"{'n_pages': 386, 'n_pages_with_text': 345}"
EPA-HQ-OAR-2009-0491-3888,https://downloads.regulations.gov/EPA-HQ-OAR-2009-0491-3888/attachment_1.pdf,ok,pdf,8712,"{'n_pages': 5, 'n_pages_with_text': 4}"
EPA-HQ-OAR-2009-0491-2718,https://downloads.regulations.gov/EPA-HQ-OAR-2009-0491-2718/attachment_1.pdf,ok,pytesseract,45348,method=pytesseract n_pages=11 quality=ok
EPA-HQ-OAR-2009-0491-3883,https://downloads.regulations.gov/EPA-HQ-OAR-2009-0491-3883/attachment_2.pdf,ok,pdf,6565,"{'n_pages': 3, 'n_pages_with_text': 3}"
EPA-HQ-OAR-2009-0491-3890,https://downloads.regulations.gov/EPA-HQ-OAR-2009-0491-3890/attachment_1.pdf,ok,pytesseract,5125,method=pytesseract n_pages=2 quality=ok
EPA-HQ-OAR-2009-0491-2056,https://downloads.regulations.gov/EPA-HQ-OAR-2009-0491-2056/attachment_2.pdf,ok,pdf,1239,"{'n_pages': 1, 'n_pages_with_text': 1}"
EPA-HQ-OAR-2009-0491-2859,https://downloads.regulations.gov/EPA-HQ-OAR-2009-0491-2859/attachment_3.pdf,ok,pdf,156,"{'n_pages': 79, 'n_pages_with_text': 0}"
EPA-HQ-OAR-2009-0491-2815,https://downloads.regulations.gov/EPA-HQ-OAR-2009-0491-2815/attachment_2.pdf,ok,pdf,16140,"{'n_pages': 5, 'n_pages_with_text': 5}"
EPA-HQ-OAR-2009-0491-3990,https://downloads.regulations.gov/EPA-HQ-OAR-2009-0491-3990/attachment_1.pdf,ok,pytesseract,6169,method=pytesseract n_pages=3 quality=ok
EPA-HQ-OAR-2009-0491-4759,https://downloads.regulations.gov/EPA-HQ-OAR-2009-0491-4759/attachment_1.pdf,ok,pdf,743,"{'n_pages': 1, 'n_pages_with_text': 1}"
EPA-HQ-OAR-2009-0491-4787,https://downloads.regulations.gov/EPA-HQ-OAR-2009-0491-4787/attachment_1.pdf,ok,pytesseract,3794,method=pytesseract n_pages=2 quality=ok
EPA-HQ-OAR-2009-0491-3434,https://downloads.regulations.gov/EPA-HQ-OAR-2009-0491-3434/attachment_1.pdf,ok,pdf,1634,"{'n_pages': 1, 'n_pages_with_text': 1}"
EPA-HQ-OAR-2009-0491-1215,https://downloads.regulations.gov/EPA-HQ-OAR-2009-0491-1215/attachment_1.pdf,ok,pdf,1808,"{'n_pages': 1, 'n_pages_with_text': 1}"
EPA-HQ-OAR-2009-0491-3012,https://downloads.regulations.gov/EPA-HQ-OAR-2009-0491-3012/attachment_1.pdf,ok,pdf,1758,"{'n_pages': 1, 'n_pages_with_text': 1}"
EPA-HQ-OAR-2009-0491-1763,https://downloads.regulations.gov/EPA-HQ-OAR-2009-0491-1763/attachment_1.pdf,ok,pdf,1413,"{'n_pages': 1, 'n_pages_with_text': 1}"
EPA-HQ-OAR-2009-0491-3573,https://downloads.regulations.gov/EPA-HQ-OAR-2009-0491-3573/attachment_1.pdf,ok,pdf,833,"{'n_pages': 1, 'n_pages_with_text': 1}"
EPA-HQ-OAR-2009-0491-1881,https://downloads.regulations.gov/EPA-HQ-OAR-2009-0491-1881/attachment_1.pdf,ok,pdf,1818,"{'n_pages': 1, 'n_pages_with_text': 1}"
EPA-HQ-OAR-2009-0491-1115,https://downloads.regulations.gov/EPA-HQ-OAR-2009-0491-1115/attachment_1.pdf,ok,pdf,1745,"{'n_pages': 1, 'n_pages_with_text': 1}"
EPA-HQ-OAR-2009-0491-1642,https://downloads.regulations.gov/EPA-HQ-OAR-2009-0491-1642/attachment_1.pdf,ok,pdf,2933,"{'n_pages': 2, 'n_pages_with_text': 2}"
EPA-HQ-OAR-2009-0491-2151,https://downloads.regulations.gov/EPA-HQ-OAR-2009-0491-2151/attachment_1.pdf,ok,pdf,1673,"{'n_pages': 1, 'n_pages_with_text': 1}"
EPA-HQ-OAR-2009-0491-2490,https://downloads.regulations.gov/EPA-HQ-OAR-2009-0491-2490/attachment_1.pdf,ok,pdf,1750,"{'n_pages': 1, 'n_pages_with_text': 1}"
EPA-HQ-OAR-2009-0491-3372,https://downloads.regulations.gov/EPA-HQ-OAR-2009-0491-3372/attachment_1.pdf,ok,pdf,1599,"{'n_pages': 1, 'n_pages_with_text': 1}"
EPA-HQ-OAR-2009-0491-2563,https://downloads.regulations.gov/EPA-HQ-OAR-2009-0491-2563/attachment_1.pdf,ok,pdf,1678,"{'n_pages': 1, 'n_pages_with_text': 1}"
EPA-HQ-OAR-2009-0491-2505,https://downloads.regulations.gov/EPA-HQ-OAR-2009-0491-2505/attachment_1.pdf,ok,pdf,1778,"{'n_pages': 1, 'n_pages_with_text': 1}"
EPA-HQ-OAR-2009-0491-1200,https://downloads.regulations.gov/EPA-HQ-OAR-2009-0491-1200/attachment_1.pdf,ok,pdf,1733,"{'n_pages': 1, 'n_pages_with_text': 1}"
EPA-HQ-OAR-2009-0491-2196,https://downloads.regulations.gov/EPA-HQ-OAR-2009-0491-2196/attachment_1.pdf,ok,pdf,1954,"{'n_pages': 1, 'n_pages_with_text': 1}"
EPA-HQ-OAR-2009-0491-0203,https://downloads.regulations.gov/EPA-HQ-OAR-2009-0491-0203/attachment_1.pdf,ok,pdf,1186,"{'n_pages': 1, 'n_pages_with_text': 1}"
EPA-HQ-OAR-2009-0491-2143,https://downloads.regulations.gov/EPA-HQ-OAR-2009-0491-2143/attachment_1.pdf,ok,pdf,1797,"{'n_pages': 1, 'n_pages_with_text': 1}"
EPA-HQ-OAR-2009-0491-0864,https://downloads.regulations.gov/EPA-HQ-OAR-2009-0491-0864/attachment_1.pdf,ok,pdf,1789,"{'n_pages': 1, 'n_pages_with_text': 1}"
EPA-HQ-OAR-2009-0491-3998,https://downloads.regulations.gov/EPA-HQ-OAR-2009-0491-3998/attachment_2.pdf,ok,pdf,6244,"{'n_pages': 4, 'n_pages_with_text': 3}"
EPA-HQ-OAR-2009-0491-0707,https://downloads.regulations.gov/EPA-HQ-OAR-2009-0491-0707/attachment_1.pdf,ok,pdf,628,"{'n_pages': 1, 'n_pages_with_text': 1}"
EPA-HQ-OAR-2009-0491-4022,https://downloads.regulations.gov/EPA-HQ-OAR-2009-0491-4022/attachment_2.pdf,ok,pdf,6876,"{'n_pages': 3, 'n_pages_with_text': 3}"
EPA-HQ-OAR-2009-0491-0624,https://downloads.regulations.gov/EPA-HQ-OAR-2009-0491-0624/attachment_1.pdf,ok,pdf,1758,"{'n_pages': 1, 'n_pages_with_text': 1}"
EPA-HQ-OAR-2009-0491-0581,https://downloads.regulations.gov/EPA-HQ-OAR-2009-0491-0581/attachment_1.pdf,ok,pdf,1649,"{'n_pages': 1, 'n_pages_with_text': 1}"
EPA-HQ-OAR-2009-0491-0517,https://downloads.regulations.gov/EPA-HQ-OAR-2009-0491-0517/attachment_1.pdf,ok,pdf,1661,"{'n_pages': 1, 'n_pages_with_text': 1}"
EPA-HQ-OAR-2009-0491-1496,https://downloads.regulations.gov/EPA-HQ-OAR-2009-0491-1496/attachment_1.pdf,ok,pdf,1732,"{'n_pages': 1, 'n_pages_with_text': 1}"
EPA-HQ-OAR-2009-0491-3822,https://downloads.regulations.gov/EPA-HQ-OAR-2009-0491-3822/attachment_2.pdf,ok,pdf,2610,"{'n_pages': 1, 'n_pages_with_text': 1}"
EPA-HQ-OAR-2009-0491-4861,https://downloads.regulations.gov/EPA-HQ-OAR-2009-0491-4861/attachment_1.pdf,ok,pytesseract,6404,method=pytesseract n_pages=3 quality=ok
EPA-HQ-OAR-2009-0491-2795,https://downloads.regulations.gov/EPA-HQ-OAR-2009-0491-2795/attachment_2.pdf,ok,pdf,11948,"{'n_pages': 5, 'n_pages_with_text': 5}"
EPA-HQ-OAR-2009-0491-4632,https://downloads.regulations.gov/EPA-HQ-OAR-2009-0491-4632/attachment_2.pdf,ok,pytesseract,23967,method=pytesseract n_pages=9 quality=ok
EPA-HQ-OAR-2009-0491-3867,https://downloads.regulations.gov/EPA-HQ-OAR-2009-0491-3867/attachment_1.pdf,ok,pytesseract,4182,method=pytesseract n_pages=3 quality=ok
EPA-HQ-OAR-2009-0517-8400,https://downloads.regulations.gov/EPA-HQ-OAR-2009-0517-8400/attachment_1.pdf,ok,pdf,3347,"{'n_pages': 2, 'n_pages_with_text': 2}"
EPA-HQ-OAR-2009-0517-7136,https://downloads.regulations.gov/EPA-HQ-OAR-2009-0517-7136/attachment_1.pdf,ok,pdf,1896,"{'n_pages': 1, 'n_pages_with_text': 1}"
EPA-HQ-OAR-2009-0517-7131,https://downloads.regulations.gov/EPA-HQ-OAR-2009-0517-7131/attachment_1.pdf,ok,pdf,2706,"{'n_pages': 2, 'n_pages_with_text': 2}"
EPA-HQ-OAR-2009-0517-19198,https://downloads.regulations.gov/EPA-HQ-OAR-2009-0517-19198/attachment_1.pdf,ok,pdf,610,"{'n_pages': 1, 'n_pages_with_text': 1}"
EPA-HQ-OAR-2009-0517-7296,https://downloads.regulations.gov/EPA-HQ-OAR-2009-0517-7296/attachment_1.pdf,ok,pdf,5875,"{'n_pages': 2, 'n_pages_with_text': 2}"
EPA-HQ-OAR-2009-0517-11950,https://downloads.regulations.gov/EPA-HQ-OAR-2009-0517-11950/attachment_1.pdf,ok,pdf,1026,"{'n_pages': 1, 'n_pages_with_text': 1}"
EPA-HQ-OAR-2009-0517-19256,https://downloads.regulations.gov/EPA-HQ-OAR-2009-0517-19256/attachment_1.pdf,ok,pytesseract,3220,method=pytesseract n_pages=2 quality=ok
EPA-HQ-OAR-2009-0517-8533,https://downloads.regulations.gov/EPA-HQ-OAR-2009-0517-8533/attachment_1.pdf,ok,pdf,2711,"{'n_pages': 1, 'n_pages_with_text': 1}"
EPA-HQ-OAR-2009-0517-15050,https://downloads.regulations.gov/EPA-HQ-OAR-2009-0517-15050/attachment_1.pdf,ok,pdf,1932,"{'n_pages': 1, 'n_pages_with_text': 1}"
EPA-HQ-OAR-2009-0517-9269,https://downloads.regulations.gov/EPA-HQ-OAR-2009-0517-9269/attachment_1.pdf,ok,pdf,2317,"{'n_pages': 1, 'n_pages_with_text': 1}"
EPA-HQ-OAR-2009-0517-8013,https://downloads.regulations.gov/EPA-HQ-OAR-2009-0517-8013/attachment_1.pdf,ok,pdf,2178,"{'n_pages': 1, 'n_pages_with_text': 1}"
EPA-HQ-OAR-2009-0517-7203,https://downloads.regulations.gov/EPA-HQ-OAR-2009-0517-7203/attachment_1.pdf,ok,pdf,1825,"{'n_pages': 1, 'n_pages_with_text': 1}"
EPA-HQ-OAR-2009-0517-8584,https://downloads.regulations.gov/EPA-HQ-OAR-2009-0517-8584/attachment_1.pdf,ok,pdf,1966,"{'n_pages': 1, 'n_pages_with_text': 1}"
EPA-HQ-OAR-2009-0517-6414,https://downloads.regulations.gov/EPA-HQ-OAR-2009-0517-6414/attachment_2.pdf,ok,pdf,16166,"{'n_pages': 5, 'n_pages_with_text': 5}"
EPA-HQ-OAR-2009-0517-19277,https://downloads.regulations.gov/EPA-HQ-OAR-2009-0517-19277/attachment_1.pdf,ok,pdf,23845,"{'n_pages': 9, 'n_pages_with_text': 9}"
EPA-HQ-OAR-2009-0517-8735,https://downloads.regulations.gov/EPA-HQ-OAR-2009-0517-8735/attachment_1.pdf,ok,pdf,706,"{'n_pages': 1, 'n_pages_with_text': 1}"
EPA-HQ-OAR-2009-0517-8531,https://downloads.regulations.gov/EPA-HQ-OAR-2009-0517-8531/attachment_1.pdf,ok,pdf,6727,"{'n_pages': 3, 'n_pages_with_text': 3}"
EPA-HQ-OAR-2009-0517-7132,https://downloads.regulations.gov/EPA-HQ-OAR-2009-0517-7132/attachment_1.pdf,ok,pdf,2003,"{'n_pages': 1, 'n_pages_with_text': 1}"
EPA-HQ-OAR-2009-0517-8283,https://downloads.regulations.gov/EPA-HQ-OAR-2009-0517-8283/attachment_1.pdf,ok,pdf,16678,"{'n_pages': 6, 'n_pages_with_text': 6}"
EPA-HQ-OAR-2009-0517-19269,https://downloads.regulations.gov/EPA-HQ-OAR-2009-0517-19269/attachment_1.pdf,ok,pytesseract,32766,method=pytesseract n_pages=11 quality=ok
EPA-HQ-OAR-2009-0517-12207,https://downloads.regulations.gov/EPA-HQ-OAR-2009-0517-12207/attachment_1.pdf,ok,pdf,528,"{'n_pages': 1, 'n_pages_with_text': 1}"
EPA-HQ-OAR-2009-0517-15770,https://downloads.regulations.gov/EPA-HQ-OAR-2009-0517-15770/attachment_1.pdf,ok,pdf,394,"{'n_pages': 1, 'n_pages_with_text': 1}"
EPA-HQ-OAR-2009-0517-16105,https://downloads.regulations.gov/EPA-HQ-OAR-2009-0517-16105/attachment_1.pdf,ok,pdf,477,"{'n_pages': 1, 'n_pages_with_text': 1}"
EPA-HQ-OAR-2009-0517-9071,https://downloads.regulations.gov/EPA-HQ-OAR-2009-0517-9071/attachment_1.pdf,ok,pdf,1613,"{'n_pages': 1, 'n_pages_with_text': 1}"
EPA-HQ-OAR-2009-0517-16434,https://downloads.regulations.gov/EPA-HQ-OAR-2009-0517-16434/attachment_1.pdf,ok,pdf,410,"{'n_pages': 1, 'n_pages_with_text': 1}"
EPA-HQ-OAR-2009-0517-14422,https://downloads.regulations.gov/EPA-HQ-OAR-2009-0517-14422/attachment_1.pdf,ok,pdf,399,"{'n_pages': 1, 'n_pages_with_text': 1}"
EPA-HQ-OAR-2009-0517-10058,https://downloads.regulations.gov/EPA-HQ-OAR-2009-0517-10058/attachment_1.pdf,ok,pdf,1577,"{'n_pages': 1, 'n_pages_with_text': 1}"
EPA-HQ-OAR-2009-0517-8329,https://downloads.regulations.gov/EPA-HQ-OAR-2009-0517-8329/attachment_1.pdf,ok,pdf,1364,"{'n_pages': 1, 'n_pages_with_text': 1}"
EPA-HQ-OAR-2009-0517-17132,https://downloads.regulations.gov/EPA-HQ-OAR-2009-0517-17132/attachment_1.pdf,ok,pdf,808,"{'n_pages': 1, 'n_pages_with_text': 1}"
EPA-HQ-OAR-2009-0517-18448,https://downloads.regulations.gov/EPA-HQ-OAR-2009-0517-18448/attachment_1.pdf,ok,pdf,450,"{'n_pages': 1, 'n_pages_with_text': 1}"
EPA-HQ-OAR-2009-0517-12313,https://downloads.regulations.gov/EPA-HQ-OAR-2009-0517-12313/attachment_1.pdf,ok,pdf,2313,"{'n_pages': 2, 'n_pages_with_text': 2}"
EPA-HQ-OAR-2009-0517-7050,https://downloads.regulations.gov/EPA-HQ-OAR-2009-0517-7050/attachment_1.pdf,ok,pdf,1148,"{'n_pages': 1, 'n_pages_with_text': 1}"
EPA-HQ-OAR-2009-0517-7701,https://downloads.regulations.gov/EPA-HQ-OAR-2009-0517-7701/attachment_1.pdf,ok,pdf,1415,"{'n_pages': 1, 'n_pages_with_text': 1}"
EPA-HQ-OAR-2009-0517-12857,https://downloads.regulations.gov/EPA-HQ-OAR-2009-0517-12857/attachment_1.pdf,ok,pdf,839,"{'n_pages': 1, 'n_pages_with_text': 1}"
EPA-HQ-OAR-2009-0517-12145,https://downloads.regulations.gov/EPA-HQ-OAR-2009-0517-12145/attachment_1.pdf,ok,pdf,538,"{'n_pages': 1, 'n_pages_with_text': 1}"
EPA-HQ-OAR-2009-0517-16770,https://downloads.regulations.gov/EPA-HQ-OAR-2009-0517-16770/attachment_1.pdf,ok,pdf,467,"{'n_pages': 1, 'n_pages_with_text': 1}"
EPA-HQ-OAR-2009-0517-8547,https://downloads.regulations.gov/EPA-HQ-OAR-2009-0517-8547/attachment_1.pdf,ok,pdf,1553,"{'n_pages': 1, 'n_pages_with_text': 1}"
EPA-HQ-OAR-2009-0517-15666,https://downloads.regulations.gov/EPA-HQ-OAR-2009-0517-15666/attachment_1.pdf,ok,pdf,483,"{'n_pages': 1, 'n_pages_with_text': 1}"
EPA-HQ-OAR-2009-0517-14776,https://downloads.regulations.gov/EPA-HQ-OAR-2009-0517-14776/attachment_1.pdf,ok,pdf,379,"{'n_pages': 1, 'n_pages_with_text': 1}"
EPA-HQ-OAR-2009-0517-18271,https://downloads.regulations.gov/EPA-HQ-OAR-2009-0517-18271/attachment_1.pdf,ok,pdf,512,"{'n_pages': 1, 'n_pages_with_text': 1}"
EPA-HQ-OAR-2009-0517-9283,https://downloads.regulations.gov/EPA-HQ-OAR-2009-0517-9283/attachment_1.pdf,ok,pdf,720,"{'n_pages': 1, 'n_pages_with_text': 1}"
EPA-HQ-OAR-2009-0517-5827,https://downloads.regulations.gov/EPA-HQ-OAR-2009-0517-5827/attachment_1.pdf,ok,pdf,1020,"{'n_pages': 1, 'n_pages_with_text': 1}"
EPA-HQ-OAR-2009-0517-8731,https://downloads.regulations.gov/EPA-HQ-OAR-2009-0517-8731/attachment_1.pdf,ok,pdf,279,"{'n_pages': 1, 'n_pages_with_text': 1}"
EPA-HQ-OAR-2009-0517-19305,https://downloads.regulations.gov/EPA-HQ-OAR-2009-0517-19305/attachment_1.pdf,ok,pdf,1804,"{'n_pages': 1, 'n_pages_with_text': 1}"
EPA-HQ-OAR-2009-0517-19294,https://downloads.regulations.gov/EPA-HQ-OAR-2009-0517-19294/attachment_1.pdf,ok,pdf,1953,"{'n_pages': 1, 'n_pages_with_text': 1}"
EPA-HQ-OAR-2009-0517-12059,https://downloads.regulations.gov/EPA-HQ-OAR-2009-0517-12059/attachment_1.pdf,ok,pdf,581,"{'n_pages': 1, 'n_pages_with_text': 1}"
EPA-HQ-OAR-2009-0517-19200,https://downloads.regulations.gov/EPA-HQ-OAR-2009-0517-19200/attachment_1.pdf,ok,pdf,209,"{'n_pages': 1, 'n_pages_with_text': 1}"
EPA-HQ-OAR-2009-0517-17949,https://downloads.regulations.gov/EPA-HQ-OAR-2009-0517-17949/attachment_1.pdf,ok,pdf,340,"{'n_pages': 1, 'n_pages_with_text': 1}"
EPA-HQ-OAR-2009-0517-8734,https://downloads.regulations.gov/EPA-HQ-OAR-2009-0517-8734/attachment_1.pdf,ok,pdf,1642,"{'n_pages': 1, 'n_pages_with_text': 1}"
EPA-HQ-OAR-2009-0517-16530,https://downloads.regulations.gov/EPA-HQ-OAR-2009-0517-16530/attachment_1.pdf,ok,pdf,501,"{'n_pages': 1, 'n_pages_with_text': 1}"
EPA-HQ-OAR-2009-0926-0023,https://downloads.regulations.gov/EPA-HQ-OAR-2009-0926-0023/attachment_1.pdf,ok,pdf,1502,"{'n_pages': 1, 'n_pages_with_text': 1}"
EPA-HQ-OAR-2009-0926-0709,https://downloads.regulations.gov/EPA-HQ-OAR-2009-0926-0709/attachment_1.pdf,ok,pdf,1351,"{'n_pages': 1, 'n_pages_with_text': 1}"
EPA-HQ-OAR-2009-0926-0783,https://downloads.regulations.gov/EPA-HQ-OAR-2009-0926-0783/attachment_1.pdf,ok,pdf,2843,"{'n_pages': 2, 'n_pages_with_text': 2}"
EPA-HQ-OAR-2009-0926-0785,https://downloads.regulations.gov/EPA-HQ-OAR-2009-0926-0785/attachment_1.doc,extract_fail:unsupported kind=doc,doc,0,{'reason': 'unsupported kind=doc'}
EPA-HQ-OAR-2009-0926-0787,https://downloads.regulations.gov/EPA-HQ-OAR-2009-0926-0787/attachment_2.pdf,ok,pdf,40163,"{'n_pages': 14, 'n_pages_with_text': 14}"
EPA-HQ-OAR-2009-0926-0789,https://downloads.regulations.gov/EPA-HQ-OAR-2009-0926-0789/attachment_1.pdf,ok,pytesseract,3153,method=pytesseract n_pages=2 quality=ok
EPA-HQ-OAR-2009-0926-0792,https://downloads.regulations.gov/EPA-HQ-OAR-2009-0926-0792/attachment_1.pdf,ok,pdf,11383,"{'n_pages': 5, 'n_pages_with_text': 4}"
EPA-HQ-OAR-2009-0926-0793,https://downloads.regulations.gov/EPA-HQ-OAR-2009-0926-0793/attachment_1.pdf,ok,pytesseract,5108,method=pytesseract n_pages=2 quality=ok
EPA-HQ-OAR-2009-0926-0797,https://downloads.regulations.gov/EPA-HQ-OAR-2009-0926-0797/attachment_1.pdf,ok,pdf,32391,"{'n_pages': 13, 'n_pages_with_text': 13}"
EPA-HQ-OAR-2009-0926-0800,https://downloads.regulations.gov/EPA-HQ-OAR-2009-0926-0800/attachment_1.docx,ok,docx,12412,{'n_paragraphs': 67}
EPA-HQ-OAR-2009-0926-0806,https://downloads.regulations.gov/EPA-HQ-OAR-2009-0926-0806/attachment_2.pdf,ok,pytesseract,15769,method=pytesseract n_pages=6 quality=ok
EPA-HQ-OAR-2009-0926-0807,https://downloads.regulations.gov/EPA-HQ-OAR-2009-0926-0807/attachment_2.pdf,ok,pytesseract,16947,method=pytesseract n_pages=7 quality=ok
EPA-HQ-OAR-2009-0926-0808,https://downloads.regulations.gov/EPA-HQ-OAR-2009-0926-0808/attachment_2.pdf,ok,pytesseract,25293,method=pytesseract n_pages=9 quality=ok
EPA-HQ-OAR-2009-0926-0810,https://downloads.regulations.gov/EPA-HQ-OAR-2009-0926-0810/attachment_2.pdf,ok,pdf,28452,"{'n_pages': 9, 'n_pages_with_text': 9}"
EPA-HQ-OAR-2009-0926-0811,https://downloads.regulations.gov/EPA-HQ-OAR-2009-0926-0811/attachment_2.pdf,ok,pytesseract,14946,method=pytesseract n_pages=5 quality=ok
EPA-HQ-OAR-2009-0926-0812,https://downloads.regulations.gov/EPA-HQ-OAR-2009-0926-0812/attachment_2.pdf,ok,pdf,7285,"{'n_pages': 3, 'n_pages_with_text': 3}"
EPA-HQ-OAR-2009-0926-0813,https://downloads.regulations.gov/EPA-HQ-OAR-2009-0926-0813/attachment_2.pdf,ok,pdf,55594,"{'n_pages': 29, 'n_pages_with_text': 29}"
EPA-HQ-OAR-2009-0926-0814,https://downloads.regulations.gov/EPA-HQ-OAR-2009-0926-0814/attachment_1.pdf,ok,pdf,3260,"{'n_pages': 2, 'n_pages_with_text': 2}"
EPA-HQ-OAR-2009-0926-0816,https://downloads.regulations.gov/EPA-HQ-OAR-2009-0926-0816/attachment_2.pdf,ok,pdf,93708,"{'n_pages': 33, 'n_pages_with_text': 33}"
EPA-HQ-OAR-2009-0926-0817,https://downloads.regulations.gov/EPA-HQ-OAR-2009-0926-0817/attachment_3.pdf,ok,pdf,7788,"{'n_pages': 3, 'n_pages_with_text': 3}"
EPA-HQ-OAR-2009-0926-0749,https://downloads.regulations.gov/EPA-HQ-OAR-2009-0926-0749/attachment_1.pdf,ok,pdf,1806,"{'n_pages': 1, 'n_pages_with_text': 1}"
EPA-HQ-OAR-2009-0926-0391,https://downloads.regulations.gov/EPA-HQ-OAR-2009-0926-0391/attachment_1.pdf,ok,pdf,1664,"{'n_pages': 1, 'n_pages_with_text': 1}"
EPA-HQ-OAR-2009-0926-0769,https://downloads.regulations.gov/EPA-HQ-OAR-2009-0926-0769/attachment_1.pdf,ok,pdf,1642,"{'n_pages': 1, 'n_pages_with_text': 1}"
EPA-HQ-OAR-2009-0926-0202,https://downloads.regulations.gov/EPA-HQ-OAR-2009-0926-0202/attachment_1.pdf,ok,pdf,1753,"{'n_pages': 1, 'n_pages_with_text': 1}"
EPA-HQ-OAR-2009-0926-0517,https://downloads.regulations.gov/EPA-HQ-OAR-2009-0926-0517/attachment_1.pdf,ok,pdf,1748,"{'n_pages': 1, 'n_pages_with_text': 1}"
EPA-HQ-OAR-2009-0926-0069,https://downloads.regulations.gov/EPA-HQ-OAR-2009-0926-0069/attachment_1.pdf,ok,pdf,1301,"{'n_pages': 1, 'n_pages_with_text': 1}"
EPA-HQ-OAR-2009-0926-0278,https://downloads.regulations.gov/EPA-HQ-OAR-2009-0926-0278/attachment_1.pdf,ok,pdf,2181,"{'n_pages': 1, 'n_pages_with_text': 1}"
EPA-HQ-OAR-2009-0926-0540,https://downloads.regulations.gov/EPA-HQ-OAR-2009-0926-0540/attachment_1.pdf,ok,pdf,1558,"{'n_pages': 1, 'n_pages_with_text': 1}"
EPA-HQ-OAR-2009-0926-0746,https://downloads.regulations.gov/EPA-HQ-OAR-2009-0926-0746/attachment_1.pdf,ok,pdf,1512,"{'n_pages': 1, 'n_pages_with_text': 1}"
EPA-HQ-OAR-2009-0926-0499,https://downloads.regulations.gov/EPA-HQ-OAR-2009-0926-0499/attachment_1.pdf,ok,pdf,781,"{'n_pages': 1, 'n_pages_with_text': 1}"
EPA-HQ-OAR-2009-0926-0170,https://downloads.regulations.gov/EPA-HQ-OAR-2009-0926-0170/attachment_1.pdf,ok,pdf,1590,"{'n_pages': 1, 'n_pages_with_text': 1}"
EPA-HQ-OAR-2009-0926-0156,https://downloads.regulations.gov/EPA-HQ-OAR-2009-0926-0156/attachment_1.pdf,ok,pdf,1835,"{'n_pages': 1, 'n_pages_with_text': 1}"
EPA-HQ-OAR-2009-0926-0414,https://downloads.regulations.gov/EPA-HQ-OAR-2009-0926-0414/attachment_1.pdf,ok,pdf,1798,"{'n_pages': 1, 'n_pages_with_text': 1}"
EPA-HQ-OAR-2009-0926-0675,https://downloads.regulations.gov/EPA-HQ-OAR-2009-0926-0675/attachment_1.pdf,ok,pdf,1605,"{'n_pages': 1, 'n_pages_with_text': 1}"
EPA-HQ-OAR-2009-0926-0116,https://downloads.regulations.gov/EPA-HQ-OAR-2009-0926-0116/attachment_1.pdf,ok,pdf,1359,"{'n_pages': 1, 'n_pages_with_text': 1}"
EPA-HQ-OAR-2009-0926-0159,https://downloads.regulations.gov/EPA-HQ-OAR-2009-0926-0159/attachment_1.pdf,ok,pdf,1611,"{'n_pages': 1, 'n_pages_with_text': 1}"
EPA-HQ-OAR-2009-0926-0682,https://downloads.regulations.gov/EPA-HQ-OAR-2009-0926-0682/attachment_1.pdf,ok,pdf,1599,"{'n_pages': 1, 'n_pages_with_text': 1}"
EPA-HQ-OAR-2009-0926-0617,https://downloads.regulations.gov/EPA-HQ-OAR-2009-0926-0617/attachment_1.pdf,ok,pdf,1712,"{'n_pages': 1, 'n_pages_with_text': 1}"
EPA-HQ-OAR-2009-0926-0733,https://downloads.regulations.gov/EPA-HQ-OAR-2009-0926-0733/attachment_1.pdf,ok,pdf,1627,"{'n_pages': 1, 'n_pages_with_text': 1}"
EPA-HQ-OAR-2009-0926-0411,https://downloads.regulations.gov/EPA-HQ-OAR-2009-0926-0411/attachment_1.pdf,ok,pdf,1602,"{'n_pages': 1, 'n_pages_with_text': 1}"
EPA-HQ-OAR-2009-0926-0268,https://downloads.regulations.gov/EPA-HQ-OAR-2009-0926-0268/attachment_1.pdf,ok,pdf,1582,"{'n_pages': 1, 'n_pages_with_text': 1}"
EPA-HQ-OAR-2009-0926-0354,https://downloads.regulations.gov/EPA-HQ-OAR-2009-0926-0354/attachment_1.pdf,ok,pdf,1601,"{'n_pages': 1, 'n_pages_with_text': 1}"
EPA-HQ-OAR-2009-0926-0363,https://downloads.regulations.gov/EPA-HQ-OAR-2009-0926-0363/attachment_1.pdf,ok,pdf,1665,"{'n_pages': 1, 'n_pages_with_text': 1}"
EPA-HQ-OAR-2009-0926-0056,https://downloads.regulations.gov/EPA-HQ-OAR-2009-0926-0056/attachment_1.pdf,ok,pdf,1568,"{'n_pages': 1, 'n_pages_with_text': 1}"
EPA-HQ-OAR-2009-0926-0641,https://downloads.regulations.gov/EPA-HQ-OAR-2009-0926-0641/attachment_1.pdf,ok,pdf,1488,"{'n_pages': 1, 'n_pages_with_text': 1}"
EPA-HQ-OAR-2009-0926-0436,https://downloads.regulations.gov/EPA-HQ-OAR-2009-0926-0436/attachment_1.pdf,ok,pdf,1775,"{'n_pages': 1, 'n_pages_with_text': 1}"
EPA-HQ-OAR-2009-0926-0784,https://downloads.regulations.gov/EPA-HQ-OAR-2009-0926-0784/attachment_1.pdf,ok,pdf,809,"{'n_pages': 1, 'n_pages_with_text': 1}"
EPA-HQ-OAR-2009-0926-0089,https://downloads.regulations.gov/EPA-HQ-OAR-2009-0926-0089/attachment_1.pdf,ok,pdf,1828,"{'n_pages': 1, 'n_pages_with_text': 1}"
EPA-HQ-OAR-2009-0926-0304,https://downloads.regulations.gov/EPA-HQ-OAR-2009-0926-0304/attachment_1.pdf,ok,pdf,1614,"{'n_pages': 1, 'n_pages_with_text': 1}"
EPA-HQ-OAR-2009-0926-0141,https://downloads.regulations.gov/EPA-HQ-OAR-2009-0926-0141/attachment_1.pdf,ok,pdf,1626,"{'n_pages': 1, 'n_pages_with_text': 1}"
EPA-HQ-OAR-2010-0505-6787,https://downloads.regulations.gov/EPA-HQ-OAR-2010-0505-6787/attachment_1.pdf,ok,pdf,59063,"{'n_pages': 31, 'n_pages_with_text': 31}"
EPA-HQ-OAR-2010-0505-6796,https://downloads.regulations.gov/EPA-HQ-OAR-2010-0505-6796/attachment_1.pdf,ok,pdf,192182,"{'n_pages': 66, 'n_pages_with_text': 65}"
EPA-HQ-OAR-2010-0505-4227,https://downloads.regulations.gov/EPA-HQ-OAR-2010-0505-4227/attachment_1.pdf,ok,pdf,48176,"{'n_pages': 20, 'n_pages_with_text': 17}"
EPA-HQ-OAR-2010-0505-6440,https://downloads.regulations.gov/EPA-HQ-OAR-2010-0505-6440/attachment_1.pdf,ok,pdf,1851,"{'n_pages': 1, 'n_pages_with_text': 1}"
EPA-HQ-OAR-2010-0505-4248,https://downloads.regulations.gov/EPA-HQ-OAR-2010-0505-4248/attachment_2.pdf,ok,pdf,22846,"{'n_pages': 9, 'n_pages_with_text': 9}"
EPA-HQ-OAR-2010-0505-7346,https://downloads.regulations.gov/EPA-HQ-OAR-2010-0505-7346/attachment_1.pdf,ok,pdf,1235,"{'n_pages': 1, 'n_pages_with_text': 1}"
EPA-HQ-OAR-2010-0505-6963,https://downloads.regulations.gov/EPA-HQ-OAR-2010-0505-6963/attachment_1.pdf,ok,pdf,18822,"{'n_pages': 6, 'n_pages_with_text': 6}"
EPA-HQ-OAR-2010-0505-12071,https://downloads.regulations.gov/EPA-HQ-OAR-2010-0505-12071/attachment_1.pdf,ok,pdf,8615,"{'n_pages': 4, 'n_pages_with_text': 4}"
EPA-HQ-OAR-2010-0505-4233,https://downloads.regulations.gov/EPA-HQ-OAR-2010-0505-4233/attachment_2.pdf,ok,pdf,100803,"{'n_pages': 50, 'n_pages_with_text': 50}"
EPA-HQ-OAR-2010-0505-12444,https://downloads.regulations.gov/EPA-HQ-OAR-2010-0505-12444/attachment_1.pdf,ok,pdf,38526,"{'n_pages': 17, 'n_pages_with_text': 17}"
EPA-HQ-OAR-2010-0505-12012,https://downloads.regulations.gov/EPA-HQ-OAR-2010-0505-12012/attachment_1.pdf,ok,pdf,1752,"{'n_pages': 1, 'n_pages_with_text': 1}"
EPA-HQ-OAR-2010-0505-4176,https://downloads.regulations.gov/EPA-HQ-OAR-2010-0505-4176/attachment_2.pdf,ok,pdf,15621,"{'n_pages': 6, 'n_pages_with_text': 6}"
EPA-HQ-OAR-2010-0505-4259,https://downloads.regulations.gov/EPA-HQ-OAR-2010-0505-4259/attachment_2.pdf,ok,pdf,1891,"{'n_pages': 1, 'n_pages_with_text': 1}"
EPA-HQ-OAR-2010-0505-4489,https://downloads.regulations.gov/EPA-HQ-OAR-2010-0505-4489/attachment_2.pdf,ok,pdf,11335,"{'n_pages': 5, 'n_pages_with_text': 5}"
EPA-HQ-OAR-2010-0505-6816,https://downloads.regulations.gov/EPA-HQ-OAR-2010-0505-6816/attachment_1.pdf,ok,pdf,13478,"{'n_pages': 7, 'n_pages_with_text': 7}"
EPA-HQ-OAR-2010-0505-7781,https://downloads.regulations.gov/EPA-HQ-OAR-2010-0505-7781/attachment_1.pdf,ok,pdf,7509,"{'n_pages': 4, 'n_pages_with_text': 4}"
EPA-HQ-OAR-2010-0505-6240,https://downloads.regulations.gov/EPA-HQ-OAR-2010-0505-6240/attachment_1.pdf,ok,pdf,7458,"{'n_pages': 3, 'n_pages_with_text': 3}"
EPA-HQ-OAR-2010-0505-4629,https://downloads.regulations.gov/EPA-HQ-OAR-2010-0505-4629/attachment_2.pdf,ok,pytesseract,6792,method=pytesseract n_pages=3 quality=ok
EPA-HQ-OAR-2010-0505-6441,https://downloads.regulations.gov/EPA-HQ-OAR-2010-0505-6441/attachment_1.pdf,ok,pdf,1940,"{'n_pages': 1, 'n_pages_with_text': 1}"
EPA-HQ-OAR-2010-0505-4320,https://downloads.regulations.gov/EPA-HQ-OAR-2010-0505-4320/attachment_2.pdf,ok,pdf,28848,"{'n_pages': 9, 'n_pages_with_text': 9}"
EPA-HQ-OAR-2010-0505-2525,https://downloads.regulations.gov/EPA-HQ-OAR-2010-0505-2525/attachment_1.pdf,ok,pytesseract,1741,method=pytesseract n_pages=1 quality=ok
EPA-HQ-OAR-2010-0505-7327,https://downloads.regulations.gov/EPA-HQ-OAR-2010-0505-7327/attachment_1.pdf,ok,pdf,872,"{'n_pages': 1, 'n_pages_with_text': 1}"
EPA-HQ-OAR-2010-0505-6595,https://downloads.regulations.gov/EPA-HQ-OAR-2010-0505-6595/attachment_1.pdf,ok,pdf,2535,"{'n_pages': 2, 'n_pages_with_text': 2}"
EPA-HQ-OAR-2010-0505-10314,https://downloads.regulations.gov/EPA-HQ-OAR-2010-0505-10314/attachment_1.pdf,ok,pdf,1460,"{'n_pages': 1, 'n_pages_with_text': 1}"
EPA-HQ-OAR-2010-0505-11004,https://downloads.regulations.gov/EPA-HQ-OAR-2010-0505-11004/attachment_1.pdf,ok,pdf,1690,"{'n_pages': 1, 'n_pages_with_text': 1}"
EPA-HQ-OAR-2010-0505-3075,https://downloads.regulations.gov/EPA-HQ-OAR-2010-0505-3075/attachment_1.pdf,ok,pdf,2361,"{'n_pages': 2, 'n_pages_with_text': 2}"
EPA-HQ-OAR-2010-0505-9748,https://downloads.regulations.gov/EPA-HQ-OAR-2010-0505-9748/attachment_1.pdf,ok,pdf,1508,"{'n_pages': 1, 'n_pages_with_text': 1}"
EPA-HQ-OAR-2010-0505-8050,https://downloads.regulations.gov/EPA-HQ-OAR-2010-0505-8050/attachment_1.pdf,ok,pdf,1496,"{'n_pages': 1, 'n_pages_with_text': 1}"
EPA-HQ-OAR-2010-0505-11119,https://downloads.regulations.gov/EPA-HQ-OAR-2010-0505-11119/attachment_1.pdf,ok,pdf,6271,"{'n_pages': 2, 'n_pages_with_text': 2}"
EPA-HQ-OAR-2010-0505-2759,https://downloads.regulations.gov/EPA-HQ-OAR-2010-0505-2759/attachment_1.pdf,ok,pytesseract,1573,method=pytesseract n_pages=1 quality=ok
EPA-HQ-OAR-2010-0505-10040,https://downloads.regulations.gov/EPA-HQ-OAR-2010-0505-10040/attachment_1.pdf,ok,pdf,1506,"{'n_pages': 1, 'n_pages_with_text': 1}"
EPA-HQ-OAR-2010-0505-10566,https://downloads.regulations.gov/EPA-HQ-OAR-2010-0505-10566/attachment_1.pdf,ok,pdf,1896,"{'n_pages': 1, 'n_pages_with_text': 1}"
EPA-HQ-OAR-2010-0505-10756,https://downloads.regulations.gov/EPA-HQ-OAR-2010-0505-10756/attachment_1.pdf,ok,pdf,1722,"{'n_pages': 1, 'n_pages_with_text': 1}"
EPA-HQ-OAR-2010-0505-8018,https://downloads.regulations.gov/EPA-HQ-OAR-2010-0505-8018/attachment_1.pdf,ok,pdf,1524,"{'n_pages': 1, 'n_pages_with_text': 1}"
EPA-HQ-OAR-2010-0505-10112,https://downloads.regulations.gov/EPA-HQ-OAR-2010-0505-10112/attachment_1.pdf,ok,pdf,1571,"{'n_pages': 1, 'n_pages_with_text': 1}"
EPA-HQ-OAR-2010-0505-1525,https://downloads.regulations.gov/EPA-HQ-OAR-2010-0505-1525/attachment_1.pdf,ok,pytesseract,1571,method=pytesseract n_pages=1 quality=ok
EPA-HQ-OAR-2010-0505-6352,https://downloads.regulations.gov/EPA-HQ-OAR-2010-0505-6352/attachment_1.pdf,ok,pdf,878,"{'n_pages': 1, 'n_pages_with_text': 1}"
EPA-HQ-OAR-2010-0505-10030,https://downloads.regulations.gov/EPA-HQ-OAR-2010-0505-10030/attachment_1.pdf,ok,pdf,1490,"{'n_pages': 1, 'n_pages_with_text': 1}"
EPA-HQ-OAR-2010-0505-4726,https://downloads.regulations.gov/EPA-HQ-OAR-2010-0505-4726/attachment_1.pdf,ok,pdf,954,"{'n_pages': 1, 'n_pages_with_text': 1}"
EPA-HQ-OAR-2010-0505-10275,https://downloads.regulations.gov/EPA-HQ-OAR-2010-0505-10275/attachment_1.pdf,ok,pdf,2010,"{'n_pages': 1, 'n_pages_with_text': 1}"
EPA-HQ-OAR-2010-0505-0102,https://downloads.regulations.gov/EPA-HQ-OAR-2010-0505-0102/attachment_1.pdf,ok,pdf,1727,"{'n_pages': 1, 'n_pages_with_text': 1}"
EPA-HQ-OAR-2010-0505-0115,https://downloads.regulations.gov/EPA-HQ-OAR-2010-0505-0115/attachment_1.pdf,ok,pdf,1662,"{'n_pages': 1, 'n_pages_with_text': 1}"
EPA-HQ-OAR-2010-0505-12466,https://downloads.regulations.gov/EPA-HQ-OAR-2010-0505-12466/attachment_1.pdf,ok,pdf,1527,"{'n_pages': 1, 'n_pages_with_text': 1}"
EPA-HQ-OAR-2010-0505-7348,https://downloads.regulations.gov/EPA-HQ-OAR-2010-0505-7348/attachment_1.pdf,ok,pdf,1190,"{'n_pages': 1, 'n_pages_with_text': 1}"
EPA-HQ-OAR-2010-0505-3593,https://downloads.regulations.gov/EPA-HQ-OAR-2010-0505-3593/attachment_1.pdf,ok,pdf,1611,"{'n_pages': 1, 'n_pages_with_text': 1}"
EPA-HQ-OAR-2010-0505-0089,https://downloads.regulations.gov/EPA-HQ-OAR-2010-0505-0089/attachment_1.pdf,ok,pdf,2559,"{'n_pages': 2, 'n_pages_with_text': 2}"
EPA-HQ-OAR-2010-0505-0124,https://downloads.regulations.gov/EPA-HQ-OAR-2010-0505-0124/attachment_1.pdf,ok,pdf,1239,"{'n_pages': 1, 'n_pages_with_text': 1}"
EPA-HQ-OAR-2010-0505-0097,https://downloads.regulations.gov/EPA-HQ-OAR-2010-0505-0097/attachment_1.pdf,ok,pdf,1697,"{'n_pages': 1, 'n_pages_with_text': 1}"
EPA-HQ-OAR-2010-0505-12302,https://downloads.regulations.gov/EPA-HQ-OAR-2010-0505-12302/attachment_1.pdf,ok,pdf,2060136,"{'n_pages': 1804, 'n_pages_with_text': 1804}"
EPA-HQ-OAR-2010-0505-12060,https://downloads.regulations.gov/EPA-HQ-OAR-2010-0505-12060/attachment_2.pdf,ok,pdf,253717,"{'n_pages': 265, 'n_pages_with_text': 265}"
EPA-HQ-OAR-2010-0682-0482,https://downloads.regulations.gov/EPA-HQ-OAR-2010-0682-0482/attachment_1.pdf,ok,pdf,2085,"{'n_pages': 1, 'n_pages_with_text': 1}"
EPA-HQ-OAR-2010-0682-0629,https://downloads.regulations.gov/EPA-HQ-OAR-2010-0682-0629/attachment_2.pdf,ok,pdf,2806,"{'n_pages': 2, 'n_pages_with_text': 1}"
EPA-HQ-OAR-2010-0682-0552,https://downloads.regulations.gov/EPA-HQ-OAR-2010-0682-0552/attachment_2.pdf,ok,pdf,81800,"{'n_pages': 46, 'n_pages_with_text': 35}"
EPA-HQ-OAR-2010-0682-0272,https://downloads.regulations.gov/EPA-HQ-OAR-2010-0682-0272/attachment_2.pdf,ok,pdf,2940,"{'n_pages': 2, 'n_pages_with_text': 2}"
EPA-HQ-OAR-2010-0682-0892,https://downloads.regulations.gov/EPA-HQ-OAR-2010-0682-0892/attachment_1.pdf,ok,pdf,121222,"{'n_pages': 48, 'n_pages_with_text': 48}"
EPA-HQ-OAR-2010-0682-0551,https://downloads.regulations.gov/EPA-HQ-OAR-2010-0682-0551/attachment_1.pdf,ok,pdf,10300,"{'n_pages': 4, 'n_pages_with_text': 4}"
EPA-HQ-OAR-2010-0682-0605,https://downloads.regulations.gov/EPA-HQ-OAR-2010-0682-0605/attachment_2.pdf,ok,pdf,8348,"{'n_pages': 3, 'n_pages_with_text': 3}"
EPA-HQ-OAR-2010-0682-0604,https://downloads.regulations.gov/EPA-HQ-OAR-2010-0682-0604/attachment_2.pdf,ok,pdf,28361,"{'n_pages': 10, 'n_pages_with_text': 10}"
EPA-HQ-OAR-2010-0682-0617,https://downloads.regulations.gov/EPA-HQ-OAR-2010-0682-0617/attachment_2.pdf,ok,pytesseract,8416,method=pytesseract n_pages=4 quality=ok
EPA-HQ-OAR-2010-0682-0555,https://downloads.regulations.gov/EPA-HQ-OAR-2010-0682-0555/attachment_1.pdf,ok,pdf,41566,"{'n_pages': 24, 'n_pages_with_text': 24}"
EPA-HQ-OAR-2010-0682-0623,https://downloads.regulations.gov/EPA-HQ-OAR-2010-0682-0623/attachment_2.pdf,ok,pdf,11564,"{'n_pages': 4, 'n_pages_with_text': 4}"
EPA-HQ-OAR-2010-0682-0549,https://downloads.regulations.gov/EPA-HQ-OAR-2010-0682-0549/attachment_5.pdf,ok,pdf,27513,"{'n_pages': 18, 'n_pages_with_text': 18}"
EPA-HQ-OAR-2010-0682-0573,https://downloads.regulations.gov/EPA-HQ-OAR-2010-0682-0573/attachment_1.pdf,ok,pdf,947,"{'n_pages': 1, 'n_pages_with_text': 1}"
EPA-HQ-OAR-2010-0682-0611,https://downloads.regulations.gov/EPA-HQ-OAR-2010-0682-0611/attachment_1.pdf,ok,pdf,840,"{'n_pages': 1, 'n_pages_with_text': 1}"
EPA-HQ-OAR-2010-0682-0630,https://downloads.regulations.gov/EPA-HQ-OAR-2010-0682-0630/attachment_2.pdf,ok,pytesseract,4007,method=pytesseract n_pages=3 quality=ok
EPA-HQ-OAR-2010-0682-0572,https://downloads.regulations.gov/EPA-HQ-OAR-2010-0682-0572/attachment_2.pdf,ok,pdf,40784,"{'n_pages': 18, 'n_pages_with_text': 18}"
EPA-HQ-OAR-2010-0682-0577,https://downloads.regulations.gov/EPA-HQ-OAR-2010-0682-0577/attachment_2.pdf,ok,pdf,4907,"{'n_pages': 3, 'n_pages_with_text': 3}"
EPA-HQ-OAR-2010-0682-0284,https://downloads.regulations.gov/EPA-HQ-OAR-2010-0682-0284/attachment_2.pdf,ok,pdf,4171,"{'n_pages': 2, 'n_pages_with_text': 2}"
EPA-HQ-OAR-2010-0682-0292,https://downloads.regulations.gov/EPA-HQ-OAR-2010-0682-0292/attachment_2.pdf,ok,pdf,22787,"{'n_pages': 10, 'n_pages_with_text': 10}"
EPA-HQ-OAR-2010-0682-0374,https://downloads.regulations.gov/EPA-HQ-OAR-2010-0682-0374/attachment_3.pdf,ok,pdf,138680,"{'n_pages': 45, 'n_pages_with_text': 45}"
EPA-HQ-OAR-2010-0682-0675,https://downloads.regulations.gov/EPA-HQ-OAR-2010-0682-0675/attachment_1.pdf,ok,pdf,6596,"{'n_pages': 3, 'n_pages_with_text': 3}"
EPA-HQ-OAR-2010-0682-0049,https://downloads.regulations.gov/EPA-HQ-OAR-2010-0682-0049/attachment_1.pdf,ok,pdf,2695,"{'n_pages': 2, 'n_pages_with_text': 2}"
EPA-HQ-OAR-2010-0682-0648,https://downloads.regulations.gov/EPA-HQ-OAR-2010-0682-0648/attachment_1.pdf,ok,pdf,1063,"{'n_pages': 1, 'n_pages_with_text': 1}"
EPA-HQ-OAR-2010-0682-0456,https://downloads.regulations.gov/EPA-HQ-OAR-2010-0682-0456/attachment_1.pdf,ok,pdf,1116,"{'n_pages': 1, 'n_pages_with_text': 1}"
EPA-HQ-OAR-2010-0682-0391,https://downloads.regulations.gov/EPA-HQ-OAR-2010-0682-0391/attachment_1.pdf,ok,pdf,1561,"{'n_pages': 1, 'n_pages_with_text': 1}"
EPA-HQ-OAR-2010-0682-0436,https://downloads.regulations.gov/EPA-HQ-OAR-2010-0682-0436/attachment_1.pdf,ok,pdf,1258,"{'n_pages': 1, 'n_pages_with_text': 1}"
EPA-HQ-OAR-2010-0682-0412,https://downloads.regulations.gov/EPA-HQ-OAR-2010-0682-0412/attachment_1.pdf,ok,pdf,4045,"{'n_pages': 2, 'n_pages_with_text': 2}"
EPA-HQ-OAR-2010-0682-0354,https://downloads.regulations.gov/EPA-HQ-OAR-2010-0682-0354/attachment_1.pdf,ok,pdf,2169,"{'n_pages': 1, 'n_pages_with_text': 1}"
EPA-HQ-OAR-2010-0682-0383,https://downloads.regulations.gov/EPA-HQ-OAR-2010-0682-0383/attachment_1.pdf,ok,pdf,1737,"{'n_pages': 1, 'n_pages_with_text': 1}"
EPA-HQ-OAR-2010-0682-0427,https://downloads.regulations.gov/EPA-HQ-OAR-2010-0682-0427/attachment_1.pdf,ok,pdf,518,"{'n_pages': 1, 'n_pages_with_text': 1}"
EPA-HQ-OAR-2010-0682-0309,https://downloads.regulations.gov/EPA-HQ-OAR-2010-0682-0309/attachment_1.pdf,ok,pdf,4063,"{'n_pages': 2, 'n_pages_with_text': 2}"
EPA-HQ-OAR-2010-0682-0313,https://downloads.regulations.gov/EPA-HQ-OAR-2010-0682-0313/attachment_1.pdf,ok,pdf,3622,"{'n_pages': 2, 'n_pages_with_text': 2}"
EPA-HQ-OAR-2010-0682-0343,https://downloads.regulations.gov/EPA-HQ-OAR-2010-0682-0343/attachment_1.pdf,ok,pdf,818,"{'n_pages': 1, 'n_pages_with_text': 1}"
EPA-HQ-OAR-2010-0682-0382,https://downloads.regulations.gov/EPA-HQ-OAR-2010-0682-0382/attachment_1.pdf,ok,pdf,1899,"{'n_pages': 1, 'n_pages_with_text': 1}"
EPA-HQ-OAR-2010-0682-0398,https://downloads.regulations.gov/EPA-HQ-OAR-2010-0682-0398/attachment_1.pdf,ok,pdf,1488,"{'n_pages': 1, 'n_pages_with_text': 1}"
EPA-HQ-OAR-2010-0682-0620,https://downloads.regulations.gov/EPA-HQ-OAR-2010-0682-0620/attachment_1.docx,ok,docx,5199,{'n_paragraphs': 27}
EPA-HQ-OAR-2010-0682-0447,https://downloads.regulations.gov/EPA-HQ-OAR-2010-0682-0447/attachment_1.pdf,ok,pdf,781,"{'n_pages': 1, 'n_pages_with_text': 1}"
EPA-HQ-OAR-2010-0682-0449,https://downloads.regulations.gov/EPA-HQ-OAR-2010-0682-0449/attachment_1.pdf,ok,pdf,588,"{'n_pages': 1, 'n_pages_with_text': 1}"
EPA-HQ-OAR-2010-0682-0464,https://downloads.regulations.gov/EPA-HQ-OAR-2010-0682-0464/attachment_1.pdf,ok,pdf,1364,"{'n_pages': 1, 'n_pages_with_text': 1}"
EPA-HQ-OAR-2010-0682-0651,https://downloads.regulations.gov/EPA-HQ-OAR-2010-0682-0651/attachment_1.pdf,ok,pdf,834,"{'n_pages': 1, 'n_pages_with_text': 1}"
EPA-HQ-OAR-2010-0682-0305,https://downloads.regulations.gov/EPA-HQ-OAR-2010-0682-0305/attachment_1.pdf,ok,pdf,2702,"{'n_pages': 2, 'n_pages_with_text': 2}"
EPA-HQ-OAR-2010-0682-0483,https://downloads.regulations.gov/EPA-HQ-OAR-2010-0682-0483/attachment_1.pdf,ok,pdf,1286,"{'n_pages': 1, 'n_pages_with_text': 1}"
EPA-HQ-OAR-2010-0682-0685,https://downloads.regulations.gov/EPA-HQ-OAR-2010-0682-0685/attachment_1.pdf,ok,pdf,1557,"{'n_pages': 1, 'n_pages_with_text': 1}"
EPA-HQ-OAR-2010-0682-0686,https://downloads.regulations.gov/EPA-HQ-OAR-2010-0682-0686/attachment_1.pdf,ok,pdf,690,"{'n_pages': 1, 'n_pages_with_text': 1}"
EPA-HQ-OAR-2010-0682-0631,https://downloads.regulations.gov/EPA-HQ-OAR-2010-0682-0631/attachment_2.pdf,ok,pdf,129265,"{'n_pages': 51, 'n_pages_with_text': 51}"
EPA-HQ-OAR-2010-0682-0652,https://downloads.regulations.gov/EPA-HQ-OAR-2010-0682-0652/attachment_1.pdf,ok,pdf,1123,"{'n_pages': 1, 'n_pages_with_text': 1}"
EPA-HQ-OAR-2010-0682-0368,https://downloads.regulations.gov/EPA-HQ-OAR-2010-0682-0368/attachment_1.pdf,ok,pdf,4379,"{'n_pages': 2, 'n_pages_with_text': 2}"
EPA-HQ-OAR-2010-0682-0597,https://downloads.regulations.gov/EPA-HQ-OAR-2010-0682-0597/attachment_1.pdf,ok,pdf,752,"{'n_pages': 1, 'n_pages_with_text': 1}"
EPA-HQ-OAR-2010-0682-0360,https://downloads.regulations.gov/EPA-HQ-OAR-2010-0682-0360/attachment_1.pdf,ok,pdf,1672,"{'n_pages': 1, 'n_pages_with_text': 1}"
EPA-HQ-OAR-2010-0682-0403,https://downloads.regulations.gov/EPA-HQ-OAR-2010-0682-0403/attachment_1.pdf,ok,pdf,774,"{'n_pages': 1, 'n_pages_with_text': 1}"
EPA-HQ-OAR-2011-0044-4289,https://downloads.regulations.gov/EPA-HQ-OAR-2011-0044-4289/attachment_1.pdf,ok,pdf,3131,"{'n_pages': 2, 'n_pages_with_text': 2}"
EPA-HQ-OAR-2011-0044-4697,https://downloads.regulations.gov/EPA-HQ-OAR-2011-0044-4697/attachment_1.pdf,ok,pdf,608,"{'n_pages': 1, 'n_pages_with_text': 1}"
EPA-HQ-OAR-2011-0044-5755,https://downloads.regulations.gov/EPA-HQ-OAR-2011-0044-5755/attachment_6.pdf,ok,pytesseract,95300,method=pytesseract n_pages=37 quality=ok
EPA-HQ-OAR-2011-0044-5843,https://downloads.regulations.gov/EPA-HQ-OAR-2011-0044-5843/attachment_2.pdf,ok,pdf,40339,"{'n_pages': 10, 'n_pages_with_text': 10}"
EPA-HQ-OAR-2011-0044-4304,https://downloads.regulations.gov/EPA-HQ-OAR-2011-0044-4304/attachment_1.pdf,ok,pdf,4039,"{'n_pages': 3, 'n_pages_with_text': 3}"
EPA-HQ-OAR-2011-0044-4635,https://downloads.regulations.gov/EPA-HQ-OAR-2011-0044-4635/attachment_2.pdf,ok,pdf,183966,"{'n_pages': 66, 'n_pages_with_text': 66}"
EPA-HQ-OAR-2011-0044-4015,https://downloads.regulations.gov/EPA-HQ-OAR-2011-0044-4015/attachment_1.pdf,ok,pytesseract,10254,method=pytesseract n_pages=3 quality=ok
EPA-HQ-OAR-2011-0044-4530,https://downloads.regulations.gov/EPA-HQ-OAR-2011-0044-4530/attachment_1.pdf,ok,pytesseract,28433,method=pytesseract n_pages=10 quality=ok
EPA-HQ-OAR-2011-0044-5797,https://downloads.regulations.gov/EPA-HQ-OAR-2011-0044-5797/attachment_2.pdf,ok,pdf,9075,"{'n_pages': 4, 'n_pages_with_text': 4}"
EPA-HQ-OAR-2011-0044-5795,https://downloads.regulations.gov/EPA-HQ-OAR-2011-0044-5795/attachment_2.pdf,ok,pytesseract,78701,method=pytesseract n_pages=47 quality=ok
EPA-HQ-OAR-2011-0044-4261,https://downloads.regulations.gov/EPA-HQ-OAR-2011-0044-4261/attachment_1.pdf,ok,pytesseract,7623,method=pytesseract n_pages=5 quality=ok
EPA-HQ-OAR-2011-0044-4762,https://downloads.regulations.gov/EPA-HQ-OAR-2011-0044-4762/attachment_2.pdf,ok,pdf,8280,"{'n_pages': 3, 'n_pages_with_text': 3}"
EPA-HQ-OAR-2011-0044-4717,https://downloads.regulations.gov/EPA-HQ-OAR-2011-0044-4717/attachment_2.pdf,ok,pdf,3769,"{'n_pages': 2, 'n_pages_with_text': 2}"
EPA-HQ-OAR-2011-0044-5209,https://downloads.regulations.gov/EPA-HQ-OAR-2011-0044-5209/attachment_8.pdf,ok,pdf,4008,"{'n_pages': 2, 'n_pages_with_text': 2}"
EPA-HQ-OAR-2011-0044-3268,https://downloads.regulations.gov/EPA-HQ-OAR-2011-0044-3268/attachment_2.pdf,ok,pdf,1024,"{'n_pages': 1, 'n_pages_with_text': 1}"
EPA-HQ-OAR-2011-0044-4841,https://downloads.regulations.gov/EPA-HQ-OAR-2011-0044-4841/attachment_1.pdf,ok,pdf,44577,"{'n_pages': 20, 'n_pages_with_text': 20}"
EPA-HQ-OAR-2011-0044-5073,https://downloads.regulations.gov/EPA-HQ-OAR-2011-0044-5073/attachment_2.pdf,ok,pdf,11036,"{'n_pages': 4, 'n_pages_with_text': 4}"
EPA-HQ-OAR-2011-0044-5172,https://downloads.regulations.gov/EPA-HQ-OAR-2011-0044-5172/attachment_2.pdf,ok,pdf,3452,"{'n_pages': 2, 'n_pages_with_text': 2}"
EPA-HQ-OAR-2011-0044-5814,https://downloads.regulations.gov/EPA-HQ-OAR-2011-0044-5814/attachment_2.pdf,ok,pdf,4969,"{'n_pages': 3, 'n_pages_with_text': 3}"
EPA-HQ-OAR-2011-0044-4761,https://downloads.regulations.gov/EPA-HQ-OAR-2011-0044-4761/attachment_2.pdf,ok,pdf,28177,"{'n_pages': 9, 'n_pages_with_text': 9}"
EPA-HQ-OAR-2011-0044-5506,https://downloads.regulations.gov/EPA-HQ-OAR-2011-0044-5506/attachment_1.pdf,ok,pdf,1917,"{'n_pages': 1, 'n_pages_with_text': 1}"
EPA-HQ-OAR-2011-0044-5785,https://downloads.regulations.gov/EPA-HQ-OAR-2011-0044-5785/attachment_1.pdf,ok,pytesseract,5252,method=pytesseract n_pages=2 quality=ok
EPA-HQ-OAR-2011-0044-4378,https://downloads.regulations.gov/EPA-HQ-OAR-2011-0044-4378/attachment_1.pdf,ok,pdf,1071,"{'n_pages': 1, 'n_pages_with_text': 1}"
EPA-HQ-OAR-2011-0044-3396,https://downloads.regulations.gov/EPA-HQ-OAR-2011-0044-3396/attachment_1.pdf,ok,pdf,1429,"{'n_pages': 1, 'n_pages_with_text': 1}"
EPA-HQ-OAR-2011-0044-4543,https://downloads.regulations.gov/EPA-HQ-OAR-2011-0044-4543/attachment_1.pdf,ok,pdf,1335,"{'n_pages': 1, 'n_pages_with_text': 1}"
EPA-HQ-OAR-2011-0044-3406,https://downloads.regulations.gov/EPA-HQ-OAR-2011-0044-3406/attachment_1.pdf,ok,pdf,2086,"{'n_pages': 2, 'n_pages_with_text': 2}"
EPA-HQ-OAR-2011-0044-4563,https://downloads.regulations.gov/EPA-HQ-OAR-2011-0044-4563/attachment_1.pdf,ok,pdf,1788,"{'n_pages': 1, 'n_pages_with_text': 1}"
EPA-HQ-OAR-2011-0044-3438,https://downloads.regulations.gov/EPA-HQ-OAR-2011-0044-3438/attachment_1.pdf,ok,pdf,1723,"{'n_pages': 1, 'n_pages_with_text': 1}"
EPA-HQ-OAR-2011-0044-2974,https://downloads.regulations.gov/EPA-HQ-OAR-2011-0044-2974/attachment_1.pdf,ok,pdf,2016,"{'n_pages': 1, 'n_pages_with_text': 1}"
EPA-HQ-OAR-2011-0044-4660,https://downloads.regulations.gov/EPA-HQ-OAR-2011-0044-4660/attachment_1.pdf,ok,pdf,2179,"{'n_pages': 2, 'n_pages_with_text': 2}"
EPA-HQ-OAR-2011-0044-4132,https://downloads.regulations.gov/EPA-HQ-OAR-2011-0044-4132/attachment_1.pdf,ok,pdf,2513,"{'n_pages': 2, 'n_pages_with_text': 2}"
EPA-HQ-OAR-2011-0044-3030,https://downloads.regulations.gov/EPA-HQ-OAR-2011-0044-3030/attachment_1.pdf,ok,pdf,2533,"{'n_pages': 2, 'n_pages_with_text': 2}"
EPA-HQ-OAR-2011-0044-2924,https://downloads.regulations.gov/EPA-HQ-OAR-2011-0044-2924/attachment_1.pdf,ok,pdf,2415,"{'n_pages': 2, 'n_pages_with_text': 2}"
EPA-HQ-OAR-2011-0044-5230,https://downloads.regulations.gov/EPA-HQ-OAR-2011-0044-5230/attachment_1.pdf,ok,pdf,1978,"{'n_pages': 2, 'n_pages_with_text': 2}"
EPA-HQ-OAR-2011-0044-3707,https://downloads.regulations.gov/EPA-HQ-OAR-2011-0044-3707/attachment_1.pdf,ok,pdf,1381,"{'n_pages': 1, 'n_pages_with_text': 1}"
EPA-HQ-OAR-2011-0044-4444,https://downloads.regulations.gov/EPA-HQ-OAR-2011-0044-4444/attachment_1.pdf,ok,pdf,2218,"{'n_pages': 2, 'n_pages_with_text': 2}"
EPA-HQ-OAR-2011-0044-3172,https://downloads.regulations.gov/EPA-HQ-OAR-2011-0044-3172/attachment_1.pdf,ok,pdf,829,"{'n_pages': 1, 'n_pages_with_text': 1}"
EPA-HQ-OAR-2011-0044-5281,https://downloads.regulations.gov/EPA-HQ-OAR-2011-0044-5281/attachment_1.pdf,ok,pdf,2069,"{'n_pages': 2, 'n_pages_with_text': 2}"
EPA-HQ-OAR-2011-0044-3702,https://downloads.regulations.gov/EPA-HQ-OAR-2011-0044-3702/attachment_1.pdf,ok,pdf,1891,"{'n_pages': 1, 'n_pages_with_text': 1}"
EPA-HQ-OAR-2011-0044-5048,https://downloads.regulations.gov/EPA-HQ-OAR-2011-0044-5048/attachment_1.pdf,ok,pdf,901,"{'n_pages': 1, 'n_pages_with_text': 1}"
EPA-HQ-OAR-2011-0044-1914,https://downloads.regulations.gov/EPA-HQ-OAR-2011-0044-1914/attachment_1.pdf,ok,pdf,1626,"{'n_pages': 1, 'n_pages_with_text': 1}"
EPA-HQ-OAR-2011-0044-2710,https://downloads.regulations.gov/EPA-HQ-OAR-2011-0044-2710/attachment_1.pdf,ok,pdf,1358,"{'n_pages': 1, 'n_pages_with_text': 1}"
EPA-HQ-OAR-2011-0044-0795,https://downloads.regulations.gov/EPA-HQ-OAR-2011-0044-0795/attachment_1.pdf,ok,pdf,2310,"{'n_pages': 2, 'n_pages_with_text': 2}"
EPA-HQ-OAR-2011-0044-2810,https://downloads.regulations.gov/EPA-HQ-OAR-2011-0044-2810/attachment_1.pdf,ok,pdf,1464,"{'n_pages': 1, 'n_pages_with_text': 1}"
EPA-HQ-OAR-2011-0044-1237,https://downloads.regulations.gov/EPA-HQ-OAR-2011-0044-1237/attachment_1.pdf,ok,pdf,1454,"{'n_pages': 1, 'n_pages_with_text': 1}"
EPA-HQ-OAR-2011-0044-5656,https://downloads.regulations.gov/EPA-HQ-OAR-2011-0044-5656/attachment_1.pdf,ok,pdf,1371,"{'n_pages': 1, 'n_pages_with_text': 1}"
EPA-HQ-OAR-2011-0044-2707,https://downloads.regulations.gov/EPA-HQ-OAR-2011-0044-2707/attachment_1.pdf,ok,pdf,1699,"{'n_pages': 1, 'n_pages_with_text': 1}"
EPA-HQ-OAR-2011-0044-0198,https://downloads.regulations.gov/EPA-HQ-OAR-2011-0044-0198/attachment_1.pdf,ok,pdf,2033,"{'n_pages': 2, 'n_pages_with_text': 2}"
EPA-HQ-OAR-2011-0044-0429,https://downloads.regulations.gov/EPA-HQ-OAR-2011-0044-0429/attachment_1.pdf,ok,pdf,988,"{'n_pages': 1, 'n_pages_with_text': 1}"
EPA-HQ-OAR-2011-0044-1327,https://downloads.regulations.gov/EPA-HQ-OAR-2011-0044-1327/attachment_1.pdf,ok,pdf,1442,"{'n_pages': 1, 'n_pages_with_text': 1}"
EPA-HQ-OAR-2011-0817-0430,https://downloads.regulations.gov/EPA-HQ-OAR-2011-0817-0430/attachment_1.pdf,ok,pytesseract,2059,method=pytesseract n_pages=1 quality=ok
EPA-HQ-OAR-2011-0817-0473,https://downloads.regulations.gov/EPA-HQ-OAR-2011-0817-0473/attachment_1.pdf,ok,pdf,2058,"{'n_pages': 1, 'n_pages_with_text': 1}"
EPA-HQ-OAR-2011-0817-0525,https://downloads.regulations.gov/EPA-HQ-OAR-2011-0817-0525/attachment_2.pdf,ok,pdf,5781,"{'n_pages': 3, 'n_pages_with_text': 3}"
EPA-HQ-OAR-2011-0817-0523,https://downloads.regulations.gov/EPA-HQ-OAR-2011-0817-0523/attachment_1.pdf,ok,pdf,27893,"{'n_pages': 11, 'n_pages_with_text': 11}"
EPA-HQ-OAR-2011-0817-0474,https://downloads.regulations.gov/EPA-HQ-OAR-2011-0817-0474/attachment_1.pdf,ok,pytesseract,11285,method=pytesseract n_pages=4 quality=ok
EPA-HQ-OAR-2011-0817-0261,https://downloads.regulations.gov/EPA-HQ-OAR-2011-0817-0261/attachment_2.pdf,ok,pytesseract,3621,method=pytesseract n_pages=2 quality=ok
EPA-HQ-OAR-2011-0817-0864,https://downloads.regulations.gov/EPA-HQ-OAR-2011-0817-0864/attachment_2.pdf,ok,pdf,3035,"{'n_pages': 2, 'n_pages_with_text': 2}"
EPA-HQ-OAR-2011-0817-0478,https://downloads.regulations.gov/EPA-HQ-OAR-2011-0817-0478/attachment_2.pdf,ok,pdf,2313,"{'n_pages': 2, 'n_pages_with_text': 2}"
EPA-HQ-OAR-2011-0817-0254,https://downloads.regulations.gov/EPA-HQ-OAR-2011-0817-0254/attachment_1.pdf,ok,pdf,569,"{'n_pages': 1, 'n_pages_with_text': 1}"
EPA-HQ-OAR-2011-0817-0511,https://downloads.regulations.gov/EPA-HQ-OAR-2011-0817-0511/attachment_1.pdf,ok,pdf,24243,"{'n_pages': 9, 'n_pages_with_text': 9}"
EPA-HQ-OAR-2011-0817-0519,https://downloads.regulations.gov/EPA-HQ-OAR-2011-0817-0519/attachment_2.pdf,ok,pdf,18385,"{'n_pages': 6, 'n_pages_with_text': 6}"
EPA-HQ-OAR-2011-0817-0829,https://downloads.regulations.gov/EPA-HQ-OAR-2011-0817-0829/attachment_1.pdf,ok,pdf,8552,"{'n_pages': 3, 'n_pages_with_text': 3}"
EPA-HQ-OAR-2011-0817-0250,https://downloads.regulations.gov/EPA-HQ-OAR-2011-0817-0250/attachment_2.pdf,ok,pytesseract,4352,method=pytesseract n_pages=2 quality=ok
EPA-HQ-OAR-2011-0817-0517,https://downloads.regulations.gov/EPA-HQ-OAR-2011-0817-0517/attachment_1.pdf,ok,pdf,31071,"{'n_pages': 13, 'n_pages_with_text': 13}"
EPA-HQ-OAR-2011-0817-0494,https://downloads.regulations.gov/EPA-HQ-OAR-2011-0817-0494/attachment_2.pdf,ok,pytesseract,14790,method=pytesseract n_pages=6 quality=ok
EPA-HQ-OAR-2011-0817-0320,https://downloads.regulations.gov/EPA-HQ-OAR-2011-0817-0320/attachment_1.pdf,ok,pytesseract,2542,method=pytesseract n_pages=2 quality=ok
EPA-HQ-OAR-2011-0817-0556,https://downloads.regulations.gov/EPA-HQ-OAR-2011-0817-0556/attachment_1.pdf,ok,pdf,1608,"{'n_pages': 1, 'n_pages_with_text': 1}"
EPA-HQ-OAR-2011-0817-0495,https://downloads.regulations.gov/EPA-HQ-OAR-2011-0817-0495/attachment_1.pdf,ok,pdf,12069,"{'n_pages': 4, 'n_pages_with_text': 4}"
EPA-HQ-OAR-2011-0817-0513,https://downloads.regulations.gov/EPA-HQ-OAR-2011-0817-0513/attachment_2.pdf,ok,pytesseract,1524,method=pytesseract n_pages=1 quality=ok
EPA-HQ-OAR-2011-0817-0861,https://downloads.regulations.gov/EPA-HQ-OAR-2011-0817-0861/attachment_1.pdf,ok,pdf,58989,"{'n_pages': 20, 'n_pages_with_text': 20}"
EPA-HQ-OAR-2011-0817-0568,https://downloads.regulations.gov/EPA-HQ-OAR-2011-0817-0568/attachment_1.pdf,ok,pdf,1060,"{'n_pages': 1, 'n_pages_with_text': 1}"
EPA-HQ-OAR-2011-0817-0324,https://downloads.regulations.gov/EPA-HQ-OAR-2011-0817-0324/attachment_1.pdf,ok,pdf,1667,"{'n_pages': 1, 'n_pages_with_text': 1}"
EPA-HQ-OAR-2011-0817-0270,https://downloads.regulations.gov/EPA-HQ-OAR-2011-0817-0270/attachment_1.pdf,ok,pdf,2736,"{'n_pages': 2, 'n_pages_with_text': 2}"
EPA-HQ-OAR-2011-0817-0688,https://downloads.regulations.gov/EPA-HQ-OAR-2011-0817-0688/attachment_1.pdf,ok,pdf,1363,"{'n_pages': 1, 'n_pages_with_text': 1}"
EPA-HQ-OAR-2011-0817-0390,https://downloads.regulations.gov/EPA-HQ-OAR-2011-0817-0390/attachment_1.pdf,ok,pdf,1552,"{'n_pages': 1, 'n_pages_with_text': 1}"
EPA-HQ-OAR-2011-0817-0614,https://downloads.regulations.gov/EPA-HQ-OAR-2011-0817-0614/attachment_1.pdf,ok,pdf,1012,"{'n_pages': 1, 'n_pages_with_text': 1}"
EPA-HQ-OAR-2011-0817-0408,https://downloads.regulations.gov/EPA-HQ-OAR-2011-0817-0408/attachment_1.pdf,ok,pdf,1832,"{'n_pages': 1, 'n_pages_with_text': 1}"
EPA-HQ-OAR-2011-0817-0393,https://downloads.regulations.gov/EPA-HQ-OAR-2011-0817-0393/attachment_1.pdf,ok,pdf,559,"{'n_pages': 1, 'n_pages_with_text': 1}"
EPA-HQ-OAR-2011-0817-0706,https://downloads.regulations.gov/EPA-HQ-OAR-2011-0817-0706/attachment_1.pdf,ok,pdf,2741,"{'n_pages': 2, 'n_pages_with_text': 2}"
EPA-HQ-OAR-2011-0817-0714,https://downloads.regulations.gov/EPA-HQ-OAR-2011-0817-0714/attachment_1.pdf,ok,pdf,2136,"{'n_pages': 1, 'n_pages_with_text': 1}"
EPA-HQ-OAR-2011-0817-0280,https://downloads.regulations.gov/EPA-HQ-OAR-2011-0817-0280/attachment_1.pdf,ok,pdf,1575,"{'n_pages': 1, 'n_pages_with_text': 1}"
EPA-HQ-OAR-2011-0817-0681,https://downloads.regulations.gov/EPA-HQ-OAR-2011-0817-0681/attachment_1.pdf,ok,pdf,895,"{'n_pages': 1, 'n_pages_with_text': 1}"
EPA-HQ-OAR-2011-0817-0703,https://downloads.regulations.gov/EPA-HQ-OAR-2011-0817-0703/attachment_1.pdf,ok,pdf,2470,"{'n_pages': 2, 'n_pages_with_text': 2}"
EPA-HQ-OAR-2011-0817-0333,https://downloads.regulations.gov/EPA-HQ-OAR-2011-0817-0333/attachment_1.pdf,ok,pdf,2267,"{'n_pages': 2, 'n_pages_with_text': 2}"
EPA-HQ-OAR-2011-0817-0326,https://downloads.regulations.gov/EPA-HQ-OAR-2011-0817-0326/attachment_1.pdf,ok,pdf,2851,"{'n_pages': 2, 'n_pages_with_text': 2}"
EPA-HQ-OAR-2011-0817-0269,https://downloads.regulations.gov/EPA-HQ-OAR-2011-0817-0269/attachment_1.pdf,ok,pdf,1104,"{'n_pages': 1, 'n_pages_with_text': 1}"
EPA-HQ-OAR-2011-0817-0652,https://downloads.regulations.gov/EPA-HQ-OAR-2011-0817-0652/attachment_1.pdf,ok,pdf,1124,"{'n_pages': 1, 'n_pages_with_text': 1}"
EPA-HQ-OAR-2011-0817-0404,https://downloads.regulations.gov/EPA-HQ-OAR-2011-0817-0404/attachment_1.pdf,ok,pdf,3234,"{'n_pages': 2, 'n_pages_with_text': 2}"
EPA-HQ-OAR-2011-0817-0676,https://downloads.regulations.gov/EPA-HQ-OAR-2011-0817-0676/attachment_1.pdf,ok,pdf,616,"{'n_pages': 1, 'n_pages_with_text': 1}"
EPA-HQ-OAR-2011-0817-0455,https://downloads.regulations.gov/EPA-HQ-OAR-2011-0817-0455/attachment_1.pdf,ok,pdf,1833,"{'n_pages': 1, 'n_pages_with_text': 1}"
EPA-HQ-OAR-2011-0817-0643,https://downloads.regulations.gov/EPA-HQ-OAR-2011-0817-0643/attachment_1.pdf,ok,pdf,1494,"{'n_pages': 2, 'n_pages_with_text': 2}"
EPA-HQ-OAR-2011-0817-0368,https://downloads.regulations.gov/EPA-HQ-OAR-2011-0817-0368/attachment_1.pdf,ok,pdf,2044,"{'n_pages': 1, 'n_pages_with_text': 1}"
EPA-HQ-OAR-2011-0817-0555,https://downloads.regulations.gov/EPA-HQ-OAR-2011-0817-0555/attachment_1.pdf,ok,pdf,1793,"{'n_pages': 1, 'n_pages_with_text': 1}"
EPA-HQ-OAR-2011-0817-0832,,no_url_nan,,0,attachment_files was NaN
EPA-HQ-OAR-2011-0817-0805,https://downloads.regulations.gov/EPA-HQ-OAR-2011-0817-0805/attachment_1.pdf,ok,pdf,2569,"{'n_pages': 2, 'n_pages_with_text': 2}"
EPA-HQ-OAR-2011-0817-0557,https://downloads.regulations.gov/EPA-HQ-OAR-2011-0817-0557/attachment_1.pdf,ok,pytesseract,1497,method=pytesseract n_pages=1 quality=ok
EPA-HQ-OAR-2011-0817-0580,https://downloads.regulations.gov/EPA-HQ-OAR-2011-0817-0580/attachment_1.pdf,ok,pdf,1545,"{'n_pages': 1, 'n_pages_with_text': 1}"
EPA-HQ-OAR-2011-0817-0571,https://downloads.regulations.gov/EPA-HQ-OAR-2011-0817-0571/attachment_2.pdf,ok,pdf,4945,"{'n_pages': 3, 'n_pages_with_text': 2}"
EPA-HQ-OAR-2011-0817-0824,https://downloads.regulations.gov/EPA-HQ-OAR-2011-0817-0824/attachment_1.pdf,ok,pdf,1075,"{'n_pages': 2, 'n_pages_with_text': 2}"
EPA-HQ-OAR-2011-0817-0619,https://downloads.regulations.gov/EPA-HQ-OAR-2011-0817-0619/attachment_1.pdf,ok,pdf,327,"{'n_pages': 1, 'n_pages_with_text': 1}"
EPA-HQ-OAR-2013-0495-10501,https://downloads.regulations.gov/EPA-HQ-OAR-2013-0495-10501/attachment_1.pdf,ok,pdf,2765,"{'n_pages': 2, 'n_pages_with_text': 2}"
EPA-HQ-OAR-2013-0495-12713,https://downloads.regulations.gov/EPA-HQ-OAR-2013-0495-12713/attachment_1.pdf,ok,pdf,73232,"{'n_pages': 24, 'n_pages_with_text': 24}"
EPA-HQ-OAR-2013-0495-12623,https://downloads.regulations.gov/EPA-HQ-OAR-2013-0495-12623/attachment_1.pdf,ok,pdf,11757,"{'n_pages': 4, 'n_pages_with_text': 4}"
EPA-HQ-OAR-2013-0495-10055,https://downloads.regulations.gov/EPA-HQ-OAR-2013-0495-10055/attachment_1.pdf,ok,pdf,1981,"{'n_pages': 2, 'n_pages_with_text': 2}"
EPA-HQ-OAR-2013-0495-9596,https://downloads.regulations.gov/EPA-HQ-OAR-2013-0495-9596/attachment_1.pdf,ok,pdf,91786,"{'n_pages': 37, 'n_pages_with_text': 36}"
EPA-HQ-OAR-2013-0495-10023,https://downloads.regulations.gov/EPA-HQ-OAR-2013-0495-10023/attachment_2.pdf,ok,pdf,33690,"{'n_pages': 15, 'n_pages_with_text': 15}"
EPA-HQ-OAR-2013-0495-10660,https://downloads.regulations.gov/EPA-HQ-OAR-2013-0495-10660/attachment_1.pdf,ok,pdf,50374,"{'n_pages': 24, 'n_pages_with_text': 24}"
EPA-HQ-OAR-2013-0495-1529,https://downloads.regulations.gov/EPA-HQ-OAR-2013-0495-1529/attachment_2.pdf,ok,pdf,7802,"{'n_pages': 4, 'n_pages_with_text': 4}"
EPA-HQ-OAR-2013-0495-12685,https://downloads.regulations.gov/EPA-HQ-OAR-2013-0495-12685/attachment_1.pdf,ok,pdf,2194,"{'n_pages': 1, 'n_pages_with_text': 1}"
EPA-HQ-OAR-2013-0495-9498,https://downloads.regulations.gov/EPA-HQ-OAR-2013-0495-9498/attachment_1.pdf,ok,pytesseract,44936,method=pytesseract n_pages=13 quality=ok
EPA-HQ-OAR-2013-0495-5537,https://downloads.regulations.gov/EPA-HQ-OAR-2013-0495-5537/attachment_2.pdf,ok,pdf,11268,"{'n_pages': 4, 'n_pages_with_text': 4}"
EPA-HQ-OAR-2013-0495-12646,https://downloads.regulations.gov/EPA-HQ-OAR-2013-0495-12646/attachment_2.pdf,ok,pdf,10637,"{'n_pages': 4, 'n_pages_with_text': 4}"
EPA-HQ-OAR-2013-0495-12588,https://downloads.regulations.gov/EPA-HQ-OAR-2013-0495-12588/attachment_1.pdf,ok,pdf,10819,"{'n_pages': 4, 'n_pages_with_text': 4}"
EPA-HQ-OAR-2013-0495-7180,https://downloads.regulations.gov/EPA-HQ-OAR-2013-0495-7180/attachment_1.pdf,ok,pdf,1381,"{'n_pages': 1, 'n_pages_with_text': 1}"
EPA-HQ-OAR-2013-0495-10669,https://downloads.regulations.gov/EPA-HQ-OAR-2013-0495-10669/attachment_2.pdf,ok,pdf,589428,"{'n_pages': 25, 'n_pages_with_text': 24}"
EPA-HQ-OAR-2013-0495-5143,https://downloads.regulations.gov/EPA-HQ-OAR-2013-0495-5143/attachment_1.pdf,ok,pdf,1087,"{'n_pages': 1, 'n_pages_with_text': 1}"
EPA-HQ-OAR-2013-0495-6962,https://downloads.regulations.gov/EPA-HQ-OAR-2013-0495-6962/attachment_2.pdf,ok,pdf,3772,"{'n_pages': 2, 'n_pages_with_text': 2}"
EPA-HQ-OAR-2013-0495-12381,https://downloads.regulations.gov/EPA-HQ-OAR-2013-0495-12381/attachment_1.pdf,ok,pdf,14061,"{'n_pages': 5, 'n_pages_with_text': 5}"
EPA-HQ-OAR-2013-0495-5605,https://downloads.regulations.gov/EPA-HQ-OAR-2013-0495-5605/attachment_2.pdf,ok,pdf,141571,"{'n_pages': 81, 'n_pages_with_text': 81}"
EPA-HQ-OAR-2013-0495-9723,https://downloads.regulations.gov/EPA-HQ-OAR-2013-0495-9723/attachment_1.pdf,ok,pytesseract,18154,method=pytesseract n_pages=6 quality=ok
EPA-HQ-OAR-2013-0495-1202,https://downloads.regulations.gov/EPA-HQ-OAR-2013-0495-1202/attachment_1.pdf,ok,pdf,930,"{'n_pages': 1, 'n_pages_with_text': 1}"
EPA-HQ-OAR-2013-0495-4715,https://downloads.regulations.gov/EPA-HQ-OAR-2013-0495-4715/attachment_1.pdf,ok,pdf,1840,"{'n_pages': 1, 'n_pages_with_text': 1}"
EPA-HQ-OAR-2013-0495-7991,https://downloads.regulations.gov/EPA-HQ-OAR-2013-0495-7991/attachment_1.pdf,ok,pdf,1376,"{'n_pages': 1, 'n_pages_with_text': 1}"
EPA-HQ-OAR-2013-0495-1011,https://downloads.regulations.gov/EPA-HQ-OAR-2013-0495-1011/attachment_1.pdf,ok,pdf,803,"{'n_pages': 1, 'n_pages_with_text': 1}"
EPA-HQ-OAR-2013-0495-2033,https://downloads.regulations.gov/EPA-HQ-OAR-2013-0495-2033/attachment_1.pdf,ok,pdf,838,"{'n_pages': 1, 'n_pages_with_text': 1}"
EPA-HQ-OAR-2013-0495-4556,https://downloads.regulations.gov/EPA-HQ-OAR-2013-0495-4556/attachment_1.pdf,ok,pdf,1881,"{'n_pages': 1, 'n_pages_with_text': 1}"
EPA-HQ-OAR-2013-0495-8773,https://downloads.regulations.gov/EPA-HQ-OAR-2013-0495-8773/attachment_1.pdf,ok,pdf,3066,"{'n_pages': 2, 'n_pages_with_text': 2}"
EPA-HQ-OAR-2013-0495-6341,https://downloads.regulations.gov/EPA-HQ-OAR-2013-0495-6341/attachment_1.pdf,ok,pdf,792,"{'n_pages': 1, 'n_pages_with_text': 1}"
EPA-HQ-OAR-2013-0495-10856,https://downloads.regulations.gov/EPA-HQ-OAR-2013-0495-10856/attachment_1.pdf,ok,pdf,1406,"{'n_pages': 1, 'n_pages_with_text': 1}"
EPA-HQ-OAR-2013-0495-9728,https://downloads.regulations.gov/EPA-HQ-OAR-2013-0495-9728/attachment_1.pdf,ok,pdf,1389,"{'n_pages': 1, 'n_pages_with_text': 1}"
EPA-HQ-OAR-2013-0495-7826,https://downloads.regulations.gov/EPA-HQ-OAR-2013-0495-7826/attachment_1.pdf,ok,pdf,2040,"{'n_pages': 1, 'n_pages_with_text': 1}"
EPA-HQ-OAR-2013-0495-8240,https://downloads.regulations.gov/EPA-HQ-OAR-2013-0495-8240/attachment_1.pdf,ok,pdf,3555,"{'n_pages': 2, 'n_pages_with_text': 2}"
EPA-HQ-OAR-2013-0495-8346,https://downloads.regulations.gov/EPA-HQ-OAR-2013-0495-8346/attachment_1.pdf,ok,pdf,3232,"{'n_pages': 2, 'n_pages_with_text': 2}"
EPA-HQ-OAR-2013-0495-4965,https://downloads.regulations.gov/EPA-HQ-OAR-2013-0495-4965/attachment_1.pdf,ok,pdf,1144,"{'n_pages': 1, 'n_pages_with_text': 1}"
EPA-HQ-OAR-2013-0495-6061,https://downloads.regulations.gov/EPA-HQ-OAR-2013-0495-6061/attachment_1.pdf,ok,pdf,3086,"{'n_pages': 2, 'n_pages_with_text': 2}"
EPA-HQ-OAR-2013-0495-7460,https://downloads.regulations.gov/EPA-HQ-OAR-2013-0495-7460/attachment_1.pdf,ok,pdf,1194,"{'n_pages': 1, 'n_pages_with_text': 1}"
EPA-HQ-OAR-2013-0495-2035,https://downloads.regulations.gov/EPA-HQ-OAR-2013-0495-2035/attachment_1.pdf,ok,pdf,754,"{'n_pages': 1, 'n_pages_with_text': 1}"
EPA-HQ-OAR-2013-0495-7827,https://downloads.regulations.gov/EPA-HQ-OAR-2013-0495-7827/attachment_1.pdf,ok,pdf,1787,"{'n_pages': 1, 'n_pages_with_text': 1}"
EPA-HQ-OAR-2013-0495-3423,https://downloads.regulations.gov/EPA-HQ-OAR-2013-0495-3423/attachment_1.pdf,ok,pdf,1513,"{'n_pages': 1, 'n_pages_with_text': 1}"
EPA-HQ-OAR-2013-0495-5928,https://downloads.regulations.gov/EPA-HQ-OAR-2013-0495-5928/attachment_1.pdf,ok,pdf,3081,"{'n_pages': 2, 'n_pages_with_text': 2}"
EPA-HQ-OAR-2013-0495-11026,https://downloads.regulations.gov/EPA-HQ-OAR-2013-0495-11026/attachment_1.pdf,ok,pdf,1151,"{'n_pages': 1, 'n_pages_with_text': 1}"
EPA-HQ-OAR-2013-0495-0226,https://downloads.regulations.gov/EPA-HQ-OAR-2013-0495-0226/attachment_1.pdf,ok,pdf,2048,"{'n_pages': 1, 'n_pages_with_text': 1}"
EPA-HQ-OAR-2013-0495-8016,https://downloads.regulations.gov/EPA-HQ-OAR-2013-0495-8016/attachment_1.pdf,ok,pdf,2249,"{'n_pages': 2, 'n_pages_with_text': 2}"
EPA-HQ-OAR-2013-0495-5140,https://downloads.regulations.gov/EPA-HQ-OAR-2013-0495-5140/attachment_1.pdf,ok,pdf,1296,"{'n_pages': 1, 'n_pages_with_text': 1}"
EPA-HQ-OAR-2013-0495-11015,https://downloads.regulations.gov/EPA-HQ-OAR-2013-0495-11015/attachment_1.pdf,ok,pdf,164686,"{'n_pages': 178, 'n_pages_with_text': 178}"
EPA-HQ-OAR-2013-0495-9740,https://downloads.regulations.gov/EPA-HQ-OAR-2013-0495-9740/attachment_2.pdf,ok,pdf,2281131,"{'n_pages': 1056, 'n_pages_with_text': 1056}"
EPA-HQ-OAR-2013-0495-10959,https://downloads.regulations.gov/EPA-HQ-OAR-2013-0495-10959/attachment_1.pdf,ok,pdf,1211,"{'n_pages': 2, 'n_pages_with_text': 2}"
EPA-HQ-OAR-2013-0495-0206,https://downloads.regulations.gov/EPA-HQ-OAR-2013-0495-0206/attachment_1.pdf,ok,pdf,767,"{'n_pages': 1, 'n_pages_with_text': 1}"
EPA-HQ-OAR-2013-0495-8017,https://downloads.regulations.gov/EPA-HQ-OAR-2013-0495-8017/attachment_1.pdf,ok,pdf,1120,"{'n_pages': 1, 'n_pages_with_text': 1}"
EPA-HQ-OAR-2013-0495-5147,https://downloads.regulations.gov/EPA-HQ-OAR-2013-0495-5147/attachment_1.pdf,ok,pdf,757,"{'n_pages': 1, 'n_pages_with_text': 1}"
EPA-HQ-OAR-2013-0602-24112,https://downloads.regulations.gov/EPA-HQ-OAR-2013-0602-24112/attachment_2.pdf,ok,pytesseract,4491,method=pytesseract n_pages=2 quality=ok
EPA-HQ-OAR-2013-0602-25400,https://downloads.regulations.gov/EPA-HQ-OAR-2013-0602-25400/attachment_1.pdf,ok,pdf,2937,"{'n_pages': 2, 'n_pages_with_text': 2}"
EPA-HQ-OAR-2013-0602-35479,https://downloads.regulations.gov/EPA-HQ-OAR-2013-0602-35479/attachment_1.pdf,ok,pdf,35881,"{'n_pages': 15, 'n_pages_with_text': 15}"
EPA-HQ-OAR-2013-0602-20511,https://downloads.regulations.gov/EPA-HQ-OAR-2013-0602-20511/attachment_1.pdf,ok,pdf,798,"{'n_pages': 1, 'n_pages_with_text': 1}"
EPA-HQ-OAR-2013-0602-22774,https://downloads.regulations.gov/EPA-HQ-OAR-2013-0602-22774/attachment_2.pdf,ok,pdf,4599,"{'n_pages': 2, 'n_pages_with_text': 2}"
EPA-HQ-OAR-2013-0602-19707,https://downloads.regulations.gov/EPA-HQ-OAR-2013-0602-19707/attachment_1.pdf,ok,pdf,2789,"{'n_pages': 1, 'n_pages_with_text': 1}"
EPA-HQ-OAR-2013-0602-23372,https://downloads.regulations.gov/EPA-HQ-OAR-2013-0602-23372/attachment_1.pdf,ok,pdf,8090,"{'n_pages': 4, 'n_pages_with_text': 4}"
EPA-HQ-OAR-2013-0602-23826,https://downloads.regulations.gov/EPA-HQ-OAR-2013-0602-23826/attachment_2.pdf,ok,pdf,19535,"{'n_pages': 7, 'n_pages_with_text': 7}"
EPA-HQ-OAR-2013-0602-7688,https://downloads.regulations.gov/EPA-HQ-OAR-2013-0602-7688/attachment_1.pdf,ok,pdf,2344,"{'n_pages': 2, 'n_pages_with_text': 2}"
EPA-HQ-OAR-2013-0602-25051,https://downloads.regulations.gov/EPA-HQ-OAR-2013-0602-25051/attachment_1.pdf,ok,pdf,4967,"{'n_pages': 2, 'n_pages_with_text': 2}"
EPA-HQ-OAR-2013-0602-24075,https://downloads.regulations.gov/EPA-HQ-OAR-2013-0602-24075/attachment_1.pdf,ok,pdf,840,"{'n_pages': 1, 'n_pages_with_text': 1}"
EPA-HQ-OAR-2013-0602-23869,https://downloads.regulations.gov/EPA-HQ-OAR-2013-0602-23869/attachment_2.pdf,ok,pdf,26475,"{'n_pages': 7, 'n_pages_with_text': 7}"
EPA-HQ-OAR-2013-0602-4019,https://downloads.regulations.gov/EPA-HQ-OAR-2013-0602-4019/attachment_2.pdf,ok,pdf,3651,"{'n_pages': 2, 'n_pages_with_text': 2}"
EPA-HQ-OAR-2013-0602-23919,https://downloads.regulations.gov/EPA-HQ-OAR-2013-0602-23919/attachment_1.pdf,ok,pdf,2945,"{'n_pages': 2, 'n_pages_with_text': 2}"
EPA-HQ-OAR-2013-0602-22810,https://downloads.regulations.gov/EPA-HQ-OAR-2013-0602-22810/attachment_1.pdf,ok,pdf,119303,"{'n_pages': 47, 'n_pages_with_text': 47}"
EPA-HQ-OAR-2013-0602-0952,https://downloads.regulations.gov/EPA-HQ-OAR-2013-0602-0952/attachment_2.pdf,ok,pdf,19014,"{'n_pages': 8, 'n_pages_with_text': 8}"
EPA-HQ-OAR-2013-0602-23150,https://downloads.regulations.gov/EPA-HQ-OAR-2013-0602-23150/attachment_2.pdf,ok,pdf,37200,"{'n_pages': 19, 'n_pages_with_text': 19}"
EPA-HQ-OAR-2013-0602-25467,https://downloads.regulations.gov/EPA-HQ-OAR-2013-0602-25467/attachment_1.pdf,ok,pdf,2941,"{'n_pages': 2, 'n_pages_with_text': 2}"
EPA-HQ-OAR-2013-0602-23543,https://downloads.regulations.gov/EPA-HQ-OAR-2013-0602-23543/attachment_1.pdf,ok,pdf,35098,"{'n_pages': 12, 'n_pages_with_text': 12}"
EPA-HQ-OAR-2013-0602-32223,https://downloads.regulations.gov/EPA-HQ-OAR-2013-0602-32223/attachment_1.pdf,ok,pdf,4247,"{'n_pages': 2, 'n_pages_with_text': 2}"
EPA-HQ-OAR-2013-0602-9050,https://downloads.regulations.gov/EPA-HQ-OAR-2013-0602-9050/attachment_1.pdf,ok,pdf,1098,"{'n_pages': 1, 'n_pages_with_text': 1}"
EPA-HQ-OAR-2013-0602-5993,https://downloads.regulations.gov/EPA-HQ-OAR-2013-0602-5993/attachment_1.pdf,ok,pdf,1056,"{'n_pages': 1, 'n_pages_with_text': 1}"
EPA-HQ-OAR-2013-0602-7926,https://downloads.regulations.gov/EPA-HQ-OAR-2013-0602-7926/attachment_1.pdf,ok,pdf,654,"{'n_pages': 1, 'n_pages_with_text': 1}"
EPA-HQ-OAR-2013-0602-15164,https://downloads.regulations.gov/EPA-HQ-OAR-2013-0602-15164/attachment_1.pdf,ok,pdf,1357,"{'n_pages': 1, 'n_pages_with_text': 1}"
EPA-HQ-OAR-2013-0602-7571,https://downloads.regulations.gov/EPA-HQ-OAR-2013-0602-7571/attachment_1.pdf,ok,pdf,394,"{'n_pages': 1, 'n_pages_with_text': 1}"
EPA-HQ-OAR-2013-0602-5873,https://downloads.regulations.gov/EPA-HQ-OAR-2013-0602-5873/attachment_1.pdf,ok,pdf,1098,"{'n_pages': 1, 'n_pages_with_text': 1}"
EPA-HQ-OAR-2013-0602-33796,https://downloads.regulations.gov/EPA-HQ-OAR-2013-0602-33796/attachment_1.pdf,ok,pdf,1398,"{'n_pages': 1, 'n_pages_with_text': 1}"
EPA-HQ-OAR-2013-0602-10261,https://downloads.regulations.gov/EPA-HQ-OAR-2013-0602-10261/attachment_1.pdf,ok,pdf,475,"{'n_pages': 1, 'n_pages_with_text': 1}"
EPA-HQ-OAR-2013-0602-32840,https://downloads.regulations.gov/EPA-HQ-OAR-2013-0602-32840/attachment_1.pdf,ok,pdf,351,"{'n_pages': 1, 'n_pages_with_text': 1}"
EPA-HQ-OAR-2013-0602-35768,https://downloads.regulations.gov/EPA-HQ-OAR-2013-0602-35768/attachment_1.pdf,ok,pdf,2099,"{'n_pages': 1, 'n_pages_with_text': 1}"
EPA-HQ-OAR-2013-0602-30771,https://downloads.regulations.gov/EPA-HQ-OAR-2013-0602-30771/attachment_1.pdf,ok,pdf,1512,"{'n_pages': 1, 'n_pages_with_text': 1}"
EPA-HQ-OAR-2013-0602-26578,https://downloads.regulations.gov/EPA-HQ-OAR-2013-0602-26578/attachment_1.pdf,ok,pdf,1364,"{'n_pages': 1, 'n_pages_with_text': 1}"
EPA-HQ-OAR-2013-0602-9259,https://downloads.regulations.gov/EPA-HQ-OAR-2013-0602-9259/attachment_1.pdf,ok,pdf,391,"{'n_pages': 1, 'n_pages_with_text': 1}"
EPA-HQ-OAR-2013-0602-29128,https://downloads.regulations.gov/EPA-HQ-OAR-2013-0602-29128/attachment_1.pdf,ok,pdf,1746,"{'n_pages': 1, 'n_pages_with_text': 1}"
EPA-HQ-OAR-2013-0602-11899,https://downloads.regulations.gov/EPA-HQ-OAR-2013-0602-11899/attachment_1.pdf,ok,pdf,1162,"{'n_pages': 1, 'n_pages_with_text': 1}"
EPA-HQ-OAR-2013-0602-3487,https://downloads.regulations.gov/EPA-HQ-OAR-2013-0602-3487/attachment_1.pdf,ok,pdf,637,"{'n_pages': 1, 'n_pages_with_text': 1}"
EPA-HQ-OAR-2013-0602-11593,https://downloads.regulations.gov/EPA-HQ-OAR-2013-0602-11593/attachment_1.pdf,ok,pdf,1265,"{'n_pages': 1, 'n_pages_with_text': 1}"
EPA-HQ-OAR-2013-0602-29593,https://downloads.regulations.gov/EPA-HQ-OAR-2013-0602-29593/attachment_1.pdf,ok,pdf,816,"{'n_pages': 1, 'n_pages_with_text': 1}"
EPA-HQ-OAR-2013-0602-12774,https://downloads.regulations.gov/EPA-HQ-OAR-2013-0602-12774/attachment_1.pdf,ok,pdf,457,"{'n_pages': 1, 'n_pages_with_text': 1}"
EPA-HQ-OAR-2013-0602-32662,https://downloads.regulations.gov/EPA-HQ-OAR-2013-0602-32662/attachment_1.pdf,ok,pdf,1932,"{'n_pages': 1, 'n_pages_with_text': 1}"
EPA-HQ-OAR-2013-0602-32984,https://downloads.regulations.gov/EPA-HQ-OAR-2013-0602-32984/attachment_1.pdf,ok,vision_llm,294,method=vision_llm n_pages=1 model=claude-sonnet-4-5
EPA-HQ-OAR-2013-0602-33318,https://downloads.regulations.gov/EPA-HQ-OAR-2013-0602-33318/attachment_2.pdf,ok,pdf,9803,"{'n_pages': 7, 'n_pages_with_text': 7}"
EPA-HQ-OAR-2013-0602-37224,https://downloads.regulations.gov/EPA-HQ-OAR-2013-0602-37224/attachment_1.pdf,ok,pdf,10705,"{'n_pages': 5, 'n_pages_with_text': 5}"
EPA-HQ-OAR-2013-0602-21801,https://downloads.regulations.gov/EPA-HQ-OAR-2013-0602-21801/attachment_1.pdf,ok,pdf,2487,"{'n_pages': 2, 'n_pages_with_text': 2}"
EPA-HQ-OAR-2013-0602-37167,https://downloads.regulations.gov/EPA-HQ-OAR-2013-0602-37167/attachment_1.pdf,ok,pdf,4318,"{'n_pages': 2, 'n_pages_with_text': 2}"
EPA-HQ-OAR-2013-0602-19466,https://downloads.regulations.gov/EPA-HQ-OAR-2013-0602-19466/attachment_1.pdf,ok,pdf,3030,"{'n_pages': 1, 'n_pages_with_text': 1}"
EPA-HQ-OAR-2013-0602-33304,https://downloads.regulations.gov/EPA-HQ-OAR-2013-0602-33304/attachment_1.pdf,ok,pdf,1804,"{'n_pages': 1, 'n_pages_with_text': 1}"
EPA-HQ-OAR-2013-0602-5533,https://downloads.regulations.gov/EPA-HQ-OAR-2013-0602-5533/attachment_1.pdf,ok,pdf,2087,"{'n_pages': 1, 'n_pages_with_text': 1}"
EPA-HQ-OAR-2013-0602-21798,https://downloads.regulations.gov/EPA-HQ-OAR-2013-0602-21798/attachment_1.pdf,ok,pdf,3250,"{'n_pages': 2, 'n_pages_with_text': 2}"
EPA-HQ-OAR-2013-0602-33389,https://downloads.regulations.gov/EPA-HQ-OAR-2013-0602-33389/attachment_1.pdf,ok,pdf,994,"{'n_pages': 1, 'n_pages_with_text': 1}"
EPA-HQ-OAR-2014-0828-0362,https://downloads.regulations.gov/EPA-HQ-OAR-2014-0828-0362/attachment_2.pdf,ok,pdf,14107,"{'n_pages': 5, 'n_pages_with_text': 5}"
EPA-HQ-OAR-2014-0828-0526,https://downloads.regulations.gov/EPA-HQ-OAR-2014-0828-0526/attachment_1.pdf,ok,pdf,4573,"{'n_pages': 2, 'n_pages_with_text': 2}"
EPA-HQ-OAR-2014-0828-0548,https://downloads.regulations.gov/EPA-HQ-OAR-2014-0828-0548/attachment_1.pdf,ok,pdf,9981,"{'n_pages': 4, 'n_pages_with_text': 4}"
EPA-HQ-OAR-2014-0828-0567,https://downloads.regulations.gov/EPA-HQ-OAR-2014-0828-0567/attachment_1.pdf,ok,pdf,7085,"{'n_pages': 3, 'n_pages_with_text': 3}"
EPA-HQ-OAR-2014-0828-0732,https://downloads.regulations.gov/EPA-HQ-OAR-2014-0828-0732/attachment_1.pdf,ok,pdf,12654,"{'n_pages': 8, 'n_pages_with_text': 8}"
EPA-HQ-OAR-2014-0828-0754,https://downloads.regulations.gov/EPA-HQ-OAR-2014-0828-0754/attachment_1.pdf,ok,pdf,17496,"{'n_pages': 6, 'n_pages_with_text': 6}"
EPA-HQ-OAR-2014-0828-0791,https://downloads.regulations.gov/EPA-HQ-OAR-2014-0828-0791/attachment_2.pdf,ok,pdf,21099,"{'n_pages': 9, 'n_pages_with_text': 9}"
EPA-HQ-OAR-2014-0828-0793,https://downloads.regulations.gov/EPA-HQ-OAR-2014-0828-0793/attachment_1.pdf,ok,pdf,1576,"{'n_pages': 1, 'n_pages_with_text': 1}"
EPA-HQ-OAR-2014-0828-0794,https://downloads.regulations.gov/EPA-HQ-OAR-2014-0828-0794/attachment_2.pdf,ok,pdf,18414,"{'n_pages': 7, 'n_pages_with_text': 7}"
EPA-HQ-OAR-2014-0828-0797,https://downloads.regulations.gov/EPA-HQ-OAR-2014-0828-0797/attachment_2.pdf,ok,pdf,28282,"{'n_pages': 11, 'n_pages_with_text': 11}"
EPA-HQ-OAR-2014-0828-0857,https://downloads.regulations.gov/EPA-HQ-OAR-2014-0828-0857/attachment_1.pdf,ok,pdf,627,"{'n_pages': 1, 'n_pages_with_text': 1}"
EPA-HQ-OAR-2014-0828-0858,https://downloads.regulations.gov/EPA-HQ-OAR-2014-0828-0858/attachment_2.pdf,ok,pdf,4257,"{'n_pages': 2, 'n_pages_with_text': 2}"
EPA-HQ-OAR-2014-0828-0859,https://downloads.regulations.gov/EPA-HQ-OAR-2014-0828-0859/attachment_2.pdf,ok,pytesseract,71772,method=pytesseract n_pages=18 quality=ok
EPA-HQ-OAR-2014-0828-0860,https://downloads.regulations.gov/EPA-HQ-OAR-2014-0828-0860/attachment_2.pdf,ok,pdf,44898,"{'n_pages': 16, 'n_pages_with_text': 16}"
EPA-HQ-OAR-2014-0828-0861,https://downloads.regulations.gov/EPA-HQ-OAR-2014-0828-0861/attachment_2.pdf,ok,pdf,26307,"{'n_pages': 10, 'n_pages_with_text': 10}"
EPA-HQ-OAR-2014-0828-0428,https://downloads.regulations.gov/EPA-HQ-OAR-2014-0828-0428/attachment_1.pdf,ok,pdf,312,"{'n_pages': 1, 'n_pages_with_text': 1}"
EPA-HQ-OAR-2014-0828-0899,https://downloads.regulations.gov/EPA-HQ-OAR-2014-0828-0899/attachment_1.pdf,ok,pdf,367,"{'n_pages': 1, 'n_pages_with_text': 1}"
EPA-HQ-OAR-2014-0828-0276,https://downloads.regulations.gov/EPA-HQ-OAR-2014-0828-0276/attachment_1.pdf,ok,pdf,1243,"{'n_pages': 1, 'n_pages_with_text': 1}"
EPA-HQ-OAR-2014-0828-0881,https://downloads.regulations.gov/EPA-HQ-OAR-2014-0828-0881/attachment_1.pdf,ok,pdf,1450,"{'n_pages': 1, 'n_pages_with_text': 1}"
EPA-HQ-OAR-2014-0828-0466,https://downloads.regulations.gov/EPA-HQ-OAR-2014-0828-0466/attachment_1.pdf,ok,pdf,2143,"{'n_pages': 1, 'n_pages_with_text': 1}"
EPA-HQ-OAR-2014-0828-0894,https://downloads.regulations.gov/EPA-HQ-OAR-2014-0828-0894/attachment_1.pdf,ok,pdf,1364,"{'n_pages': 1, 'n_pages_with_text': 1}"
EPA-HQ-OAR-2014-0828-0673,https://downloads.regulations.gov/EPA-HQ-OAR-2014-0828-0673/attachment_1.pdf,ok,pdf,8434,"{'n_pages': 3, 'n_pages_with_text': 3}"
EPA-HQ-OAR-2014-0828-0877,https://downloads.regulations.gov/EPA-HQ-OAR-2014-0828-0877/attachment_1.pdf,ok,pdf,795,"{'n_pages': 1, 'n_pages_with_text': 1}"
EPA-HQ-OAR-2014-0828-0470,https://downloads.regulations.gov/EPA-HQ-OAR-2014-0828-0470/attachment_1.pdf,ok,pdf,1804,"{'n_pages': 1, 'n_pages_with_text': 1}"
EPA-HQ-OAR-2014-0828-0882,https://downloads.regulations.gov/EPA-HQ-OAR-2014-0828-0882/attachment_1.pdf,ok,pdf,1932,"{'n_pages': 1, 'n_pages_with_text': 1}"
EPA-HQ-OAR-2014-0828-0459,https://downloads.regulations.gov/EPA-HQ-OAR-2014-0828-0459/attachment_1.pdf,ok,pdf,1087,"{'n_pages': 1, 'n_pages_with_text': 1}"
EPA-HQ-OAR-2014-0828-0441,https://downloads.regulations.gov/EPA-HQ-OAR-2014-0828-0441/attachment_1.pdf,ok,pdf,1575,"{'n_pages': 1, 'n_pages_with_text': 1}"
EPA-HQ-OAR-2014-0828-0920,https://downloads.regulations.gov/EPA-HQ-OAR-2014-0828-0920/attachment_1.pdf,ok,pdf,6241,"{'n_pages': 3, 'n_pages_with_text': 3}"
EPA-HQ-OAR-2014-0828-0886,https://downloads.regulations.gov/EPA-HQ-OAR-2014-0828-0886/attachment_1.pdf,ok,pdf,15232,"{'n_pages': 4, 'n_pages_with_text': 4}"
EPA-HQ-OAR-2014-0828-0467,https://downloads.regulations.gov/EPA-HQ-OAR-2014-0828-0467/attachment_1.pdf,ok,pdf,1943,"{'n_pages': 1, 'n_pages_with_text': 1}"
EPA-HQ-OAR-2014-0828-0414,https://downloads.regulations.gov/EPA-HQ-OAR-2014-0828-0414/attachment_1.pdf,ok,pdf,1870,"{'n_pages': 1, 'n_pages_with_text': 1}"
EPA-HQ-OAR-2014-0828-0925,https://downloads.regulations.gov/EPA-HQ-OAR-2014-0828-0925/attachment_1.pdf,ok,pdf,8965,"{'n_pages': 5, 'n_pages_with_text': 5}"
EPA-HQ-OAR-2014-0828-0928,https://downloads.regulations.gov/EPA-HQ-OAR-2014-0828-0928/attachment_1.pdf,ok,pdf,917,"{'n_pages': 1, 'n_pages_with_text': 1}"
EPA-HQ-OAR-2014-0828-0902,https://downloads.regulations.gov/EPA-HQ-OAR-2014-0828-0902/attachment_1.pdf,ok,pdf,429,"{'n_pages': 1, 'n_pages_with_text': 1}"
EPA-HQ-OAR-2014-0828-0401,https://downloads.regulations.gov/EPA-HQ-OAR-2014-0828-0401/attachment_1.pdf,ok,pdf,2480,"{'n_pages': 1, 'n_pages_with_text': 1}"
EPA-HQ-OAR-2014-0828-0361,https://downloads.regulations.gov/EPA-HQ-OAR-2014-0828-0361/attachment_1.pdf,ok,pdf,1415,"{'n_pages': 1, 'n_pages_with_text': 1}"
EPA-HQ-OAR-2014-0828-0940,https://downloads.regulations.gov/EPA-HQ-OAR-2014-0828-0940/attachment_3.pdf,ok,pdf,11705,"{'n_pages': 8, 'n_pages_with_text': 8}"
EPA-HQ-OAR-2014-0828-0795,https://downloads.regulations.gov/EPA-HQ-OAR-2014-0828-0795/attachment_2.pdf,ok,pdf,3127,"{'n_pages': 2, 'n_pages_with_text': 2}"
EPA-HQ-OAR-2014-0828-0433,https://downloads.regulations.gov/EPA-HQ-OAR-2014-0828-0433/attachment_1.pdf,ok,pdf,959,"{'n_pages': 1, 'n_pages_with_text': 1}"
EPA-HQ-OAR-2014-0828-0423,https://downloads.regulations.gov/EPA-HQ-OAR-2014-0828-0423/attachment_1.pdf,ok,pdf,1807,"{'n_pages': 1, 'n_pages_with_text': 1}"
EPA-HQ-OAR-2014-0828-1033,https://downloads.regulations.gov/EPA-HQ-OAR-2014-0828-1033/attachment_1.pdf,ok,pdf,1467,"{'n_pages': 1, 'n_pages_with_text': 1}"
EPA-HQ-OAR-2014-0828-0439,https://downloads.regulations.gov/EPA-HQ-OAR-2014-0828-0439/attachment_1.pdf,ok,pdf,783,"{'n_pages': 1, 'n_pages_with_text': 1}"
EPA-HQ-OAR-2014-0828-0923,https://downloads.regulations.gov/EPA-HQ-OAR-2014-0828-0923/attachment_1.pdf,ok,pdf,286,"{'n_pages': 1, 'n_pages_with_text': 1}"
EPA-HQ-OAR-2014-0828-0442,https://downloads.regulations.gov/EPA-HQ-OAR-2014-0828-0442/attachment_1.pdf,ok,pdf,887,"{'n_pages': 1, 'n_pages_with_text': 1}"
EPA-HQ-OAR-2014-0828-0144,https://downloads.regulations.gov/EPA-HQ-OAR-2014-0828-0144/attachment_1.pdf,ok,pdf,4753,"{'n_pages': 2, 'n_pages_with_text': 2}"
EPA-HQ-OAR-2014-0828-1032,https://downloads.regulations.gov/EPA-HQ-OAR-2014-0828-1032/attachment_1.pdf,ok,pdf,1533,"{'n_pages': 1, 'n_pages_with_text': 1}"
EPA-HQ-OAR-2014-0828-0404,https://downloads.regulations.gov/EPA-HQ-OAR-2014-0828-0404/attachment_1.pdf,ok,pdf,2185,"{'n_pages': 1, 'n_pages_with_text': 1}"
EPA-HQ-OAR-2014-0828-0885,https://downloads.regulations.gov/EPA-HQ-OAR-2014-0828-0885/attachment_1.pdf,ok,pdf,321,"{'n_pages': 1, 'n_pages_with_text': 1}"
EPA-HQ-OAR-2014-0828-0449,https://downloads.regulations.gov/EPA-HQ-OAR-2014-0828-0449/attachment_1.pdf,ok,pdf,1129,"{'n_pages': 1, 'n_pages_with_text': 1}"
EPA-HQ-OAR-2014-0828-0454,https://downloads.regulations.gov/EPA-HQ-OAR-2014-0828-0454/attachment_1.pdf,ok,pdf,1647,"{'n_pages': 1, 'n_pages_with_text': 1}"
EPA-HQ-OAR-2015-0072-1064,https://downloads.regulations.gov/EPA-HQ-OAR-2015-0072-1064/attachment_2.pdf,ok,pdf,5006,"{'n_pages': 3, 'n_pages_with_text': 3}"
EPA-HQ-OAR-2015-0072-0321,https://downloads.regulations.gov/EPA-HQ-OAR-2015-0072-0321/attachment_1.pdf,ok,pdf,4522,"{'n_pages': 2, 'n_pages_with_text': 2}"
EPA-HQ-OAR-2015-0072-0609,https://downloads.regulations.gov/EPA-HQ-OAR-2015-0072-0609/attachment_1.pdf,ok,pdf,1961,"{'n_pages': 1, 'n_pages_with_text': 1}"
EPA-HQ-OAR-2015-0072-0695,https://downloads.regulations.gov/EPA-HQ-OAR-2015-0072-0695/attachment_1.pdf,ok,pdf,10144,"{'n_pages': 4, 'n_pages_with_text': 4}"
EPA-HQ-OAR-2015-0072-0773,https://downloads.regulations.gov/EPA-HQ-OAR-2015-0072-0773/attachment_1.pdf,ok,pdf,23177,"{'n_pages': 9, 'n_pages_with_text': 9}"
EPA-HQ-OAR-2015-0072-1521,https://downloads.regulations.gov/EPA-HQ-OAR-2015-0072-1521/attachment_2.pdf,ok,pdf,27379,"{'n_pages': 16, 'n_pages_with_text': 16}"
EPA-HQ-OAR-2015-0072-0758,https://downloads.regulations.gov/EPA-HQ-OAR-2015-0072-0758/attachment_1.pdf,ok,pdf,5283,"{'n_pages': 2, 'n_pages_with_text': 2}"
EPA-HQ-OAR-2015-0072-0010,https://downloads.regulations.gov/EPA-HQ-OAR-2015-0072-0010/attachment_1.pdf,ok,pdf,14384,"{'n_pages': 7, 'n_pages_with_text': 7}"
EPA-HQ-OAR-2015-0072-1013,https://downloads.regulations.gov/EPA-HQ-OAR-2015-0072-1013/attachment_1.pdf,ok,pdf,464,"{'n_pages': 1, 'n_pages_with_text': 1}"
EPA-HQ-OAR-2015-0072-0732,https://downloads.regulations.gov/EPA-HQ-OAR-2015-0072-0732/attachment_1.pdf,ok,pdf,1467,"{'n_pages': 1, 'n_pages_with_text': 1}"
EPA-HQ-OAR-2015-0072-0063,https://downloads.regulations.gov/EPA-HQ-OAR-2015-0072-0063/attachment_2.pdf,ok,pytesseract,23041,method=pytesseract n_pages=10 quality=ok
EPA-HQ-OAR-2015-0072-0623,https://downloads.regulations.gov/EPA-HQ-OAR-2015-0072-0623/attachment_1.pdf,ok,pdf,1382,"{'n_pages': 1, 'n_pages_with_text': 1}"
EPA-HQ-OAR-2015-0072-0756,https://downloads.regulations.gov/EPA-HQ-OAR-2015-0072-0756/attachment_1.pdf,ok,pdf,44158,"{'n_pages': 22, 'n_pages_with_text': 22}"
EPA-HQ-OAR-2015-0072-1012,https://downloads.regulations.gov/EPA-HQ-OAR-2015-0072-1012/attachment_2.pdf,ok,pdf,6128,"{'n_pages': 2, 'n_pages_with_text': 2}"
EPA-HQ-OAR-2015-0072-0663,https://downloads.regulations.gov/EPA-HQ-OAR-2015-0072-0663/attachment_1.pdf,ok,pdf,9315,"{'n_pages': 3, 'n_pages_with_text': 3}"
EPA-HQ-OAR-2015-0072-0726,https://downloads.regulations.gov/EPA-HQ-OAR-2015-0072-0726/attachment_1.pdf,ok,pdf,5480,"{'n_pages': 2, 'n_pages_with_text': 2}"
EPA-HQ-OAR-2015-0072-0052,https://downloads.regulations.gov/EPA-HQ-OAR-2015-0072-0052/attachment_1.pdf,ok,pdf,21751,"{'n_pages': 10, 'n_pages_with_text': 10}"
EPA-HQ-OAR-2015-0072-1014,https://downloads.regulations.gov/EPA-HQ-OAR-2015-0072-1014/attachment_1.pdf,ok,pdf,615,"{'n_pages': 1, 'n_pages_with_text': 1}"
EPA-HQ-OAR-2015-0072-0727,https://downloads.regulations.gov/EPA-HQ-OAR-2015-0072-0727/attachment_1.pdf,ok,pdf,5128,"{'n_pages': 2, 'n_pages_with_text': 2}"
EPA-HQ-OAR-2015-0072-0684,https://downloads.regulations.gov/EPA-HQ-OAR-2015-0072-0684/attachment_1.pdf,ok,pdf,6458,"{'n_pages': 3, 'n_pages_with_text': 3}"
EPA-HQ-OAR-2015-0072-0408,https://downloads.regulations.gov/EPA-HQ-OAR-2015-0072-0408/attachment_1.pdf,ok,pdf,701,"{'n_pages': 1, 'n_pages_with_text': 1}"
EPA-HQ-OAR-2015-0072-0466,https://downloads.regulations.gov/EPA-HQ-OAR-2015-0072-0466/attachment_1.pdf,ok,pdf,1333,"{'n_pages': 1, 'n_pages_with_text': 1}"
EPA-HQ-OAR-2015-0072-1134,https://downloads.regulations.gov/EPA-HQ-OAR-2015-0072-1134/attachment_1.pdf,ok,pdf,1899,"{'n_pages': 1, 'n_pages_with_text': 1}"
EPA-HQ-OAR-2015-0072-0780,https://downloads.regulations.gov/EPA-HQ-OAR-2015-0072-0780/attachment_2.pdf,ok,pdf,1932,"{'n_pages': 1, 'n_pages_with_text': 1}"
EPA-HQ-OAR-2015-0072-0403,https://downloads.regulations.gov/EPA-HQ-OAR-2015-0072-0403/attachment_1.pdf,ok,pdf,792,"{'n_pages': 1, 'n_pages_with_text': 1}"
EPA-HQ-OAR-2015-0072-0556,https://downloads.regulations.gov/EPA-HQ-OAR-2015-0072-0556/attachment_1.pdf,ok,pdf,999,"{'n_pages': 1, 'n_pages_with_text': 1}"
EPA-HQ-OAR-2015-0072-0493,https://downloads.regulations.gov/EPA-HQ-OAR-2015-0072-0493/attachment_1.pdf,ok,pdf,1406,"{'n_pages': 1, 'n_pages_with_text': 1}"
EPA-HQ-OAR-2015-0072-1095,https://downloads.regulations.gov/EPA-HQ-OAR-2015-0072-1095/attachment_1.pdf,ok,pdf,1189,"{'n_pages': 1, 'n_pages_with_text': 1}"
EPA-HQ-OAR-2015-0072-0632,https://downloads.regulations.gov/EPA-HQ-OAR-2015-0072-0632/attachment_1.pdf,ok,pdf,1425,"{'n_pages': 1, 'n_pages_with_text': 1}"
EPA-HQ-OAR-2015-0072-0355,https://downloads.regulations.gov/EPA-HQ-OAR-2015-0072-0355/attachment_1.pdf,ok,pdf,954,"{'n_pages': 1, 'n_pages_with_text': 1}"
EPA-HQ-OAR-2015-0072-0495,https://downloads.regulations.gov/EPA-HQ-OAR-2015-0072-0495/attachment_1.pdf,ok,pdf,1818,"{'n_pages': 1, 'n_pages_with_text': 1}"
EPA-HQ-OAR-2015-0072-1057,https://downloads.regulations.gov/EPA-HQ-OAR-2015-0072-1057/attachment_1.pdf,ok,pdf,2276,"{'n_pages': 1, 'n_pages_with_text': 1}"
EPA-HQ-OAR-2015-0072-1094,https://downloads.regulations.gov/EPA-HQ-OAR-2015-0072-1094/attachment_1.pdf,ok,pdf,1420,"{'n_pages': 1, 'n_pages_with_text': 1}"
EPA-HQ-OAR-2015-0072-0524,https://downloads.regulations.gov/EPA-HQ-OAR-2015-0072-0524/attachment_1.pdf,ok,pdf,1225,"{'n_pages': 1, 'n_pages_with_text': 1}"
EPA-HQ-OAR-2015-0072-0598,https://downloads.regulations.gov/EPA-HQ-OAR-2015-0072-0598/attachment_1.pdf,ok,pdf,3814,"{'n_pages': 2, 'n_pages_with_text': 2}"
EPA-HQ-OAR-2015-0072-0539,https://downloads.regulations.gov/EPA-HQ-OAR-2015-0072-0539/attachment_1.pdf,ok,pdf,1238,"{'n_pages': 1, 'n_pages_with_text': 1}"
EPA-HQ-OAR-2015-0072-0439,https://downloads.regulations.gov/EPA-HQ-OAR-2015-0072-0439/attachment_1.pdf,ok,pdf,1457,"{'n_pages': 1, 'n_pages_with_text': 1}"
EPA-HQ-OAR-2015-0072-1107,https://downloads.regulations.gov/EPA-HQ-OAR-2015-0072-1107/attachment_1.pdf,ok,pdf,863,"{'n_pages': 1, 'n_pages_with_text': 1}"
EPA-HQ-OAR-2015-0072-0424,https://downloads.regulations.gov/EPA-HQ-OAR-2015-0072-0424/attachment_1.pdf,ok,pdf,1422,"{'n_pages': 1, 'n_pages_with_text': 1}"
EPA-HQ-OAR-2015-0072-1071,https://downloads.regulations.gov/EPA-HQ-OAR-2015-0072-1071/attachment_1.pdf,ok,pdf,4433,"{'n_pages': 2, 'n_pages_with_text': 2}"
EPA-HQ-OAR-2015-0072-0357,https://downloads.regulations.gov/EPA-HQ-OAR-2015-0072-0357/attachment_1.pdf,ok,pdf,2612,"{'n_pages': 2, 'n_pages_with_text': 2}"
EPA-HQ-OAR-2015-0072-0358,https://downloads.regulations.gov/EPA-HQ-OAR-2015-0072-0358/attachment_1.pdf,ok,pdf,1062,"{'n_pages': 1, 'n_pages_with_text': 1}"
EPA-HQ-OAR-2015-0072-0382,https://downloads.regulations.gov/EPA-HQ-OAR-2015-0072-0382/attachment_1.pdf,ok,pdf,1415,"{'n_pages': 1, 'n_pages_with_text': 1}"
EPA-HQ-OAR-2015-0072-1121,https://downloads.regulations.gov/EPA-HQ-OAR-2015-0072-1121/attachment_1.pdf,ok,pdf,1444,"{'n_pages': 1, 'n_pages_with_text': 1}"
EPA-HQ-OAR-2015-0072-1157,https://downloads.regulations.gov/EPA-HQ-OAR-2015-0072-1157/attachment_1.pdf,ok,pdf,940,"{'n_pages': 1, 'n_pages_with_text': 1}"
EPA-HQ-OAR-2015-0072-1158,https://downloads.regulations.gov/EPA-HQ-OAR-2015-0072-1158/attachment_1.pdf,ok,pdf,2824,"{'n_pages': 1, 'n_pages_with_text': 1}"
EPA-HQ-OAR-2015-0072-1240,https://downloads.regulations.gov/EPA-HQ-OAR-2015-0072-1240/attachment_2.pdf,ok,pdf,13072,"{'n_pages': 7, 'n_pages_with_text': 7}"
EPA-HQ-OAR-2015-0072-1241,https://downloads.regulations.gov/EPA-HQ-OAR-2015-0072-1241/attachment_2.pdf,ok,pdf,310638,"{'n_pages': 134, 'n_pages_with_text': 134}"
EPA-HQ-OAR-2015-0072-1242,https://downloads.regulations.gov/EPA-HQ-OAR-2015-0072-1242/attachment_1.pdf,ok,pdf,1311,"{'n_pages': 1, 'n_pages_with_text': 1}"
EPA-HQ-OAR-2015-0072-0547,https://downloads.regulations.gov/EPA-HQ-OAR-2015-0072-0547/attachment_1.pdf,ok,pdf,2688,"{'n_pages': 1, 'n_pages_with_text': 1}"
EPA-HQ-OAR-2015-0531-0335,https://downloads.regulations.gov/EPA-HQ-OAR-2015-0531-0335/attachment_1.pdf,ok,pdf,7253,"{'n_pages': 10, 'n_pages_with_text': 10}"
EPA-HQ-OAR-2015-0531-0481,https://downloads.regulations.gov/EPA-HQ-OAR-2015-0531-0481/attachment_2.pdf,ok,pdf,2997,"{'n_pages': 1, 'n_pages_with_text': 1}"
EPA-HQ-OAR-2015-0531-0322,https://downloads.regulations.gov/EPA-HQ-OAR-2015-0531-0322/attachment_1.pdf,ok,pytesseract,4336,method=pytesseract n_pages=2 quality=ok
EPA-HQ-OAR-2015-0531-0323,https://downloads.regulations.gov/EPA-HQ-OAR-2015-0531-0323/attachment_1.pdf,ok,pytesseract,4678,method=pytesseract n_pages=2 quality=ok
EPA-HQ-OAR-2015-0531-0107,https://downloads.regulations.gov/EPA-HQ-OAR-2015-0531-0107/attachment_1.pdf,ok,pdf,2182,"{'n_pages': 2, 'n_pages_with_text': 2}"
EPA-HQ-OAR-2015-0531-0435,https://downloads.regulations.gov/EPA-HQ-OAR-2015-0531-0435/attachment_1.pdf,ok,pdf,22173,"{'n_pages': 8, 'n_pages_with_text': 8}"
EPA-HQ-OAR-2015-0531-0399,https://downloads.regulations.gov/EPA-HQ-OAR-2015-0531-0399/attachment_1.pdf,ok,pdf,10217,"{'n_pages': 6, 'n_pages_with_text': 6}"
EPA-HQ-OAR-2015-0531-0571,https://downloads.regulations.gov/EPA-HQ-OAR-2015-0531-0571/attachment_1.pdf,ok,pdf,30905,"{'n_pages': 28, 'n_pages_with_text': 28}"
EPA-HQ-OAR-2015-0531-0432,https://downloads.regulations.gov/EPA-HQ-OAR-2015-0531-0432/attachment_1.pdf,ok,pdf,12563,"{'n_pages': 7, 'n_pages_with_text': 6}"
EPA-HQ-OAR-2015-0531-0202,https://downloads.regulations.gov/EPA-HQ-OAR-2015-0531-0202/attachment_1.pdf,ok,pdf,5415,"{'n_pages': 2, 'n_pages_with_text': 2}"
EPA-HQ-OAR-2015-0531-0382,https://downloads.regulations.gov/EPA-HQ-OAR-2015-0531-0382/attachment_2.pdf,ok,pdf,29986,"{'n_pages': 14, 'n_pages_with_text': 14}"
EPA-HQ-OAR-2015-0531-0193,https://downloads.regulations.gov/EPA-HQ-OAR-2015-0531-0193/attachment_1.pdf,ok,pdf,2124,"{'n_pages': 1, 'n_pages_with_text': 1}"
EPA-HQ-OAR-2015-0531-0321,https://downloads.regulations.gov/EPA-HQ-OAR-2015-0531-0321/attachment_1.pdf,ok,pytesseract,16338,method=pytesseract n_pages=7 quality=ok
EPA-HQ-OAR-2015-0531-0419,https://downloads.regulations.gov/EPA-HQ-OAR-2015-0531-0419/attachment_1.pdf,ok,pdf,7551,"{'n_pages': 3, 'n_pages_with_text': 3}"
EPA-HQ-OAR-2015-0531-0332,https://downloads.regulations.gov/EPA-HQ-OAR-2015-0531-0332/attachment_1.pdf,ok,pdf,8347,"{'n_pages': 3, 'n_pages_with_text': 3}"
EPA-HQ-OAR-2015-0531-0164,https://downloads.regulations.gov/EPA-HQ-OAR-2015-0531-0164/attachment_1.pdf,ok,pdf,12513,"{'n_pages': 4, 'n_pages_with_text': 4}"
EPA-HQ-OAR-2015-0531-0207,https://downloads.regulations.gov/EPA-HQ-OAR-2015-0531-0207/attachment_1.pdf,ok,pdf,5921,"{'n_pages': 4, 'n_pages_with_text': 4}"
EPA-HQ-OAR-2015-0531-0402,https://downloads.regulations.gov/EPA-HQ-OAR-2015-0531-0402/attachment_1.pdf,ok,pdf,7619,"{'n_pages': 3, 'n_pages_with_text': 3}"
EPA-HQ-OAR-2015-0531-0324,https://downloads.regulations.gov/EPA-HQ-OAR-2015-0531-0324/attachment_1.pdf,ok,pytesseract,5356,method=pytesseract n_pages=2 quality=ok
EPA-HQ-OAR-2015-0531-0476,https://downloads.regulations.gov/EPA-HQ-OAR-2015-0531-0476/attachment_3.pdf,ok,pdf,4191,"{'n_pages': 2, 'n_pages_with_text': 2}"
EPA-HQ-OAR-2015-0531-0087,https://downloads.regulations.gov/EPA-HQ-OAR-2015-0531-0087/attachment_1.pdf,ok,pdf,2424,"{'n_pages': 2, 'n_pages_with_text': 2}"
EPA-HQ-OAR-2015-0531-0304,https://downloads.regulations.gov/EPA-HQ-OAR-2015-0531-0304/attachment_1.pdf,ok,pdf,1506,"{'n_pages': 1, 'n_pages_with_text': 1}"
EPA-HQ-OAR-2015-0531-0093,https://downloads.regulations.gov/EPA-HQ-OAR-2015-0531-0093/attachment_1.pdf,ok,pdf,2808,"{'n_pages': 2, 'n_pages_with_text': 2}"
EPA-HQ-OAR-2015-0531-0526,https://downloads.regulations.gov/EPA-HQ-OAR-2015-0531-0526/attachment_1.pdf,ok,pdf,2000,"{'n_pages': 2, 'n_pages_with_text': 2}"
EPA-HQ-OAR-2015-0531-0516,https://downloads.regulations.gov/EPA-HQ-OAR-2015-0531-0516/attachment_1.pdf,ok,pdf,1975,"{'n_pages': 2, 'n_pages_with_text': 2}"
EPA-HQ-OAR-2015-0531-0388,https://downloads.regulations.gov/EPA-HQ-OAR-2015-0531-0388/attachment_1.pdf,ok,pdf,2551,"{'n_pages': 2, 'n_pages_with_text': 2}"
EPA-HQ-OAR-2015-0531-0062,https://downloads.regulations.gov/EPA-HQ-OAR-2015-0531-0062/attachment_1.pdf,ok,pdf,4674,"{'n_pages': 2, 'n_pages_with_text': 2}"
EPA-HQ-OAR-2015-0531-0088,https://downloads.regulations.gov/EPA-HQ-OAR-2015-0531-0088/attachment_1.pdf,ok,pdf,2253,"{'n_pages': 2, 'n_pages_with_text': 2}"
EPA-HQ-OAR-2015-0531-0558,https://downloads.regulations.gov/EPA-HQ-OAR-2015-0531-0558/attachment_1.pdf,ok,pdf,432,"{'n_pages': 1, 'n_pages_with_text': 1}"
EPA-HQ-OAR-2015-0531-0608,https://downloads.regulations.gov/EPA-HQ-OAR-2015-0531-0608/attachment_1.pdf,ok,pdf,1155,"{'n_pages': 1, 'n_pages_with_text': 1}"
EPA-HQ-OAR-2015-0531-0448,https://downloads.regulations.gov/EPA-HQ-OAR-2015-0531-0448/attachment_1.pdf,ok,pdf,1917,"{'n_pages': 1, 'n_pages_with_text': 1}"
EPA-HQ-OAR-2015-0531-0264,https://downloads.regulations.gov/EPA-HQ-OAR-2015-0531-0264/attachment_1.pdf,ok,pdf,785,"{'n_pages': 1, 'n_pages_with_text': 1}"
EPA-HQ-OAR-2015-0531-0071,https://downloads.regulations.gov/EPA-HQ-OAR-2015-0531-0071/attachment_1.pdf,ok,pdf,2607,"{'n_pages': 2, 'n_pages_with_text': 2}"
EPA-HQ-OAR-2015-0531-0546,https://downloads.regulations.gov/EPA-HQ-OAR-2015-0531-0546/attachment_1.pdf,ok,pdf,387,"{'n_pages': 1, 'n_pages_with_text': 1}"
EPA-HQ-OAR-2015-0531-0069,https://downloads.regulations.gov/EPA-HQ-OAR-2015-0531-0069/attachment_1.pdf,ok,pdf,2085,"{'n_pages': 1, 'n_pages_with_text': 1}"
EPA-HQ-OAR-2015-0531-0365,https://downloads.regulations.gov/EPA-HQ-OAR-2015-0531-0365/attachment_1.pdf,ok,pdf,522,"{'n_pages': 1, 'n_pages_with_text': 1}"
EPA-HQ-OAR-2015-0531-0147,https://downloads.regulations.gov/EPA-HQ-OAR-2015-0531-0147/attachment_1.pdf,ok,pdf,873,"{'n_pages': 1, 'n_pages_with_text': 1}"
EPA-HQ-OAR-2015-0531-0281,https://downloads.regulations.gov/EPA-HQ-OAR-2015-0531-0281/attachment_1.pdf,ok,pdf,4348,"{'n_pages': 2, 'n_pages_with_text': 2}"
EPA-HQ-OAR-2015-0531-0076,https://downloads.regulations.gov/EPA-HQ-OAR-2015-0531-0076/attachment_1.pdf,ok,pdf,2010,"{'n_pages': 2, 'n_pages_with_text': 2}"
EPA-HQ-OAR-2015-0531-0389,https://downloads.regulations.gov/EPA-HQ-OAR-2015-0531-0389/attachment_1.pdf,ok,pdf,1925,"{'n_pages': 2, 'n_pages_with_text': 2}"
EPA-HQ-OAR-2015-0531-0317,https://downloads.regulations.gov/EPA-HQ-OAR-2015-0531-0317/attachment_1.pdf,ok,pytesseract,2803,method=pytesseract n_pages=1 quality=ok
EPA-HQ-OAR-2015-0531-0320,https://downloads.regulations.gov/EPA-HQ-OAR-2015-0531-0320/attachment_1.pdf,ok,pytesseract,6444,method=pytesseract n_pages=2 quality=ok
EPA-HQ-OAR-2015-0531-0328,https://downloads.regulations.gov/EPA-HQ-OAR-2015-0531-0328/attachment_1.pdf,ok,pytesseract,4707,method=pytesseract n_pages=2 quality=ok
EPA-HQ-OAR-2015-0531-0313,https://downloads.regulations.gov/EPA-HQ-OAR-2015-0531-0313/attachment_1.pdf,ok,pdf,4383,"{'n_pages': 2, 'n_pages_with_text': 2}"
EPA-HQ-OAR-2015-0531-0595,https://downloads.regulations.gov/EPA-HQ-OAR-2015-0531-0595/attachment_1.pdf,ok,pdf,2023,"{'n_pages': 1, 'n_pages_with_text': 1}"
EPA-HQ-OAR-2015-0531-0221,https://downloads.regulations.gov/EPA-HQ-OAR-2015-0531-0221/attachment_1.pdf,ok,pdf,2729,"{'n_pages': 1, 'n_pages_with_text': 1}"
EPA-HQ-OAR-2015-0531-0056,https://downloads.regulations.gov/EPA-HQ-OAR-2015-0531-0056/attachment_1.pdf,ok,pdf,2247,"{'n_pages': 1, 'n_pages_with_text': 1}"
EPA-HQ-OAR-2015-0531-0316,https://downloads.regulations.gov/EPA-HQ-OAR-2015-0531-0316/attachment_1.pdf,ok,pytesseract,2281,method=pytesseract n_pages=2 quality=ok
EPA-HQ-OAR-2015-0531-0312,https://downloads.regulations.gov/EPA-HQ-OAR-2015-0531-0312/attachment_1.pdf,ok,pytesseract,7672,method=pytesseract n_pages=3 quality=ok
EPA-HQ-OAR-2015-0531-0219,https://downloads.regulations.gov/EPA-HQ-OAR-2015-0531-0219/attachment_1.pdf,ok,pdf,2101,"{'n_pages': 1, 'n_pages_with_text': 1}"
EPA-HQ-OAR-2017-0355-23783,https://downloads.regulations.gov/EPA-HQ-OAR-2017-0355-23783/attachment_2.pdf,ok,pdf,9213,"{'n_pages': 4, 'n_pages_with_text': 4}"
EPA-HQ-OAR-2017-0355-22144,https://downloads.regulations.gov/EPA-HQ-OAR-2017-0355-22144/attachment_1.pdf,ok,pdf,5591,"{'n_pages': 2, 'n_pages_with_text': 2}"
EPA-HQ-OAR-2017-0355-23633,https://downloads.regulations.gov/EPA-HQ-OAR-2017-0355-23633/attachment_1.pdf,ok,pdf,2097,"{'n_pages': 1, 'n_pages_with_text': 1}"
EPA-HQ-OAR-2017-0355-21901,https://downloads.regulations.gov/EPA-HQ-OAR-2017-0355-21901/attachment_1.pdf,ok,pdf,2962,"{'n_pages': 2, 'n_pages_with_text': 2}"
EPA-HQ-OAR-2017-0355-24040,https://downloads.regulations.gov/EPA-HQ-OAR-2017-0355-24040/attachment_1.pdf,ok,pdf,114533,"{'n_pages': 32, 'n_pages_with_text': 32}"
EPA-HQ-OAR-2017-0355-11267,https://downloads.regulations.gov/EPA-HQ-OAR-2017-0355-11267/attachment_1.pdf,ok,pdf,15495,"{'n_pages': 6, 'n_pages_with_text': 6}"
EPA-HQ-OAR-2017-0355-4930,https://downloads.regulations.gov/EPA-HQ-OAR-2017-0355-4930/attachment_1.pdf,ok,pdf,2202,"{'n_pages': 1, 'n_pages_with_text': 1}"
EPA-HQ-OAR-2017-0355-23719,https://downloads.regulations.gov/EPA-HQ-OAR-2017-0355-23719/attachment_1.pdf,ok,pdf,9427,"{'n_pages': 3, 'n_pages_with_text': 3}"
EPA-HQ-OAR-2017-0355-24253,https://downloads.regulations.gov/EPA-HQ-OAR-2017-0355-24253/attachment_1.pdf,ok,pdf,36921,"{'n_pages': 12, 'n_pages_with_text': 12}"
EPA-HQ-OAR-2017-0355-24072,https://downloads.regulations.gov/EPA-HQ-OAR-2017-0355-24072/attachment_1.pdf,ok,pdf,1071,"{'n_pages': 1, 'n_pages_with_text': 1}"
EPA-HQ-OAR-2017-0355-17653,https://downloads.regulations.gov/EPA-HQ-OAR-2017-0355-17653/attachment_1.pdf,ok,pdf,920,"{'n_pages': 1, 'n_pages_with_text': 1}"
EPA-HQ-OAR-2017-0355-24079,https://downloads.regulations.gov/EPA-HQ-OAR-2017-0355-24079/attachment_1.pdf,ok,pdf,3605,"{'n_pages': 2, 'n_pages_with_text': 2}"
EPA-HQ-OAR-2017-0355-8329,https://downloads.regulations.gov/EPA-HQ-OAR-2017-0355-8329/attachment_1.pdf,ok,pdf,6508,"{'n_pages': 3, 'n_pages_with_text': 3}"
EPA-HQ-OAR-2017-0355-20996,https://downloads.regulations.gov/EPA-HQ-OAR-2017-0355-20996/attachment_1.pdf,ok,pdf,199344,"{'n_pages': 66, 'n_pages_with_text': 64}"
EPA-HQ-OAR-2017-0355-22174,https://downloads.regulations.gov/EPA-HQ-OAR-2017-0355-22174/attachment_1.pdf,ok,pdf,5798,"{'n_pages': 2, 'n_pages_with_text': 2}"
EPA-HQ-OAR-2017-0355-26581,https://downloads.regulations.gov/EPA-HQ-OAR-2017-0355-26581/attachment_9.pdf,ok,pdf,68606,"{'n_pages': 25, 'n_pages_with_text': 25}"
EPA-HQ-OAR-2017-0355-24073,https://downloads.regulations.gov/EPA-HQ-OAR-2017-0355-24073/attachment_1.pdf,ok,pdf,621,"{'n_pages': 1, 'n_pages_with_text': 1}"
EPA-HQ-OAR-2017-0355-21012,https://downloads.regulations.gov/EPA-HQ-OAR-2017-0355-21012/attachment_4.pdf,ok,pdf,15836,"{'n_pages': 6, 'n_pages_with_text': 6}"
EPA-HQ-OAR-2017-0355-20999,https://downloads.regulations.gov/EPA-HQ-OAR-2017-0355-20999/attachment_1.pdf,ok,pdf,13573,"{'n_pages': 6, 'n_pages_with_text': 6}"
EPA-HQ-OAR-2017-0355-19814,https://downloads.regulations.gov/EPA-HQ-OAR-2017-0355-19814/attachment_1.pdf,ok,pdf,7182,"{'n_pages': 3, 'n_pages_with_text': 3}"
EPA-HQ-OAR-2017-0355-5292,https://downloads.regulations.gov/EPA-HQ-OAR-2017-0355-5292/attachment_1.pdf,ok,pdf,564,"{'n_pages': 1, 'n_pages_with_text': 1}"
EPA-HQ-OAR-2017-0355-16922,https://downloads.regulations.gov/EPA-HQ-OAR-2017-0355-16922/attachment_1.pdf,ok,pdf,1483,"{'n_pages': 1, 'n_pages_with_text': 1}"
EPA-HQ-OAR-2017-0355-21557,https://downloads.regulations.gov/EPA-HQ-OAR-2017-0355-21557/attachment_1.pdf,ok,pdf,858,"{'n_pages': 1, 'n_pages_with_text': 1}"
EPA-HQ-OAR-2017-0355-23490,https://downloads.regulations.gov/EPA-HQ-OAR-2017-0355-23490/attachment_3.pdf,ok,pdf,54052,"{'n_pages': 38, 'n_pages_with_text': 38}"
EPA-HQ-OAR-2017-0355-6509,https://downloads.regulations.gov/EPA-HQ-OAR-2017-0355-6509/attachment_1.pdf,ok,pdf,1018,"{'n_pages': 1, 'n_pages_with_text': 1}"
EPA-HQ-OAR-2017-0355-24843,https://downloads.regulations.gov/EPA-HQ-OAR-2017-0355-24843/attachment_1.pdf,ok,pdf,901,"{'n_pages': 1, 'n_pages_with_text': 1}"
EPA-HQ-OAR-2017-0355-17705,https://downloads.regulations.gov/EPA-HQ-OAR-2017-0355-17705/attachment_1.pdf,ok,pdf,1909,"{'n_pages': 1, 'n_pages_with_text': 1}"
EPA-HQ-OAR-2017-0355-16718,https://downloads.regulations.gov/EPA-HQ-OAR-2017-0355-16718/attachment_1.pdf,ok,pdf,842,"{'n_pages': 1, 'n_pages_with_text': 1}"
EPA-HQ-OAR-2017-0355-21639,https://downloads.regulations.gov/EPA-HQ-OAR-2017-0355-21639/attachment_1.pdf,ok,pdf,925,"{'n_pages': 1, 'n_pages_with_text': 1}"
EPA-HQ-OAR-2017-0355-6211,https://downloads.regulations.gov/EPA-HQ-OAR-2017-0355-6211/attachment_1.pdf,ok,pdf,304,"{'n_pages': 1, 'n_pages_with_text': 1}"
EPA-HQ-OAR-2017-0355-20826,https://downloads.regulations.gov/EPA-HQ-OAR-2017-0355-20826/attachment_1.pdf,ok,pdf,653,"{'n_pages': 1, 'n_pages_with_text': 1}"
EPA-HQ-OAR-2017-0355-17217,https://downloads.regulations.gov/EPA-HQ-OAR-2017-0355-17217/attachment_1.pdf,ok,pdf,2104,"{'n_pages': 1, 'n_pages_with_text': 1}"
EPA-HQ-OAR-2017-0355-15968,https://downloads.regulations.gov/EPA-HQ-OAR-2017-0355-15968/attachment_1.pdf,ok,pdf,1665,"{'n_pages': 1, 'n_pages_with_text': 1}"
EPA-HQ-OAR-2017-0355-19646,https://downloads.regulations.gov/EPA-HQ-OAR-2017-0355-19646/attachment_1.pdf,ok,pdf,1085,"{'n_pages': 1, 'n_pages_with_text': 1}"
EPA-HQ-OAR-2017-0355-4125,https://downloads.regulations.gov/EPA-HQ-OAR-2017-0355-4125/attachment_1.pdf,ok,pdf,1580,"{'n_pages': 1, 'n_pages_with_text': 1}"
EPA-HQ-OAR-2017-0355-5606,https://downloads.regulations.gov/EPA-HQ-OAR-2017-0355-5606/attachment_1.pdf,ok,pdf,1078,"{'n_pages': 1, 'n_pages_with_text': 1}"
EPA-HQ-OAR-2017-0355-21442,https://downloads.regulations.gov/EPA-HQ-OAR-2017-0355-21442/attachment_1.pdf,ok,pdf,2586,"{'n_pages': 1, 'n_pages_with_text': 1}"
EPA-HQ-OAR-2017-0355-18159,https://downloads.regulations.gov/EPA-HQ-OAR-2017-0355-18159/attachment_1.pdf,ok,pdf,1254,"{'n_pages': 1, 'n_pages_with_text': 1}"
EPA-HQ-OAR-2017-0355-5354,https://downloads.regulations.gov/EPA-HQ-OAR-2017-0355-5354/attachment_1.pdf,ok,pdf,1648,"{'n_pages': 1, 'n_pages_with_text': 1}"
EPA-HQ-OAR-2017-0355-25976,https://downloads.regulations.gov/EPA-HQ-OAR-2017-0355-25976/attachment_1.pdf,ok,pdf,715,"{'n_pages': 1, 'n_pages_with_text': 1}"
EPA-HQ-OAR-2017-0355-21029,https://downloads.regulations.gov/EPA-HQ-OAR-2017-0355-21029/attachment_1.pdf,ok,pdf,2283,"{'n_pages': 2, 'n_pages_with_text': 2}"
EPA-HQ-OAR-2017-0355-2822,https://downloads.regulations.gov/EPA-HQ-OAR-2017-0355-2822/attachment_1.pdf,ok,pdf,842,"{'n_pages': 1, 'n_pages_with_text': 1}"
EPA-HQ-OAR-2017-0355-5778,https://downloads.regulations.gov/EPA-HQ-OAR-2017-0355-5778/attachment_1.pdf,ok,pdf,160,"{'n_pages': 1, 'n_pages_with_text': 1}"
EPA-HQ-OAR-2017-0355-21033,https://downloads.regulations.gov/EPA-HQ-OAR-2017-0355-21033/attachment_1.pdf,ok,pdf,1146,"{'n_pages': 1, 'n_pages_with_text': 1}"
EPA-HQ-OAR-2017-0355-8778,https://downloads.regulations.gov/EPA-HQ-OAR-2017-0355-8778/attachment_1.pdf,ok,pdf,1682,"{'n_pages': 1, 'n_pages_with_text': 1}"
EPA-HQ-OAR-2017-0355-20693,https://downloads.regulations.gov/EPA-HQ-OAR-2017-0355-20693/attachment_1.pdf,ok,pdf,2092,"{'n_pages': 1, 'n_pages_with_text': 1}"
EPA-HQ-OAR-2017-0355-21113,https://downloads.regulations.gov/EPA-HQ-OAR-2017-0355-21113/attachment_1.pdf,ok,pdf,29001,"{'n_pages': 19, 'n_pages_with_text': 19}"
EPA-HQ-OAR-2017-0355-16438,https://downloads.regulations.gov/EPA-HQ-OAR-2017-0355-16438/attachment_1.pdf,ok,pdf,2616,"{'n_pages': 2, 'n_pages_with_text': 2}"
EPA-HQ-OAR-2017-0355-26771,https://downloads.regulations.gov/EPA-HQ-OAR-2017-0355-26771/attachment_1.pdf,ok,pdf,1553,"{'n_pages': 2, 'n_pages_with_text': 2}"
EPA-HQ-OAR-2017-0355-17654,https://downloads.regulations.gov/EPA-HQ-OAR-2017-0355-17654/attachment_1.pdf,ok,pdf,1414,"{'n_pages': 1, 'n_pages_with_text': 1}"
EPA-HQ-OAR-2017-0483-0812,https://downloads.regulations.gov/EPA-HQ-OAR-2017-0483-0812/attachment_2.pdf,ok,pdf,30927,"{'n_pages': 24, 'n_pages_with_text': 24}"
EPA-HQ-OAR-2017-0483-2234,https://downloads.regulations.gov/EPA-HQ-OAR-2017-0483-2234/attachment_1.pdf,ok,pdf,9558,"{'n_pages': 8, 'n_pages_with_text': 7}"
EPA-HQ-OAR-2017-0483-2244,https://downloads.regulations.gov/EPA-HQ-OAR-2017-0483-2244/attachment_3.pdf,ok,pdf,191653,"{'n_pages': 57, 'n_pages_with_text': 57}"
EPA-HQ-OAR-2017-0483-1002,https://downloads.regulations.gov/EPA-HQ-OAR-2017-0483-1002/attachment_2.pdf,ok,pdf,111399,"{'n_pages': 36, 'n_pages_with_text': 36}"
EPA-HQ-OAR-2017-0483-1011,https://downloads.regulations.gov/EPA-HQ-OAR-2017-0483-1011/attachment_2.pdf,ok,pdf,14348,"{'n_pages': 4, 'n_pages_with_text': 4}"
EPA-HQ-OAR-2017-0483-0739,https://downloads.regulations.gov/EPA-HQ-OAR-2017-0483-0739/attachment_1.pdf,ok,pdf,3267,"{'n_pages': 2, 'n_pages_with_text': 2}"
EPA-HQ-OAR-2017-0483-1252,https://downloads.regulations.gov/EPA-HQ-OAR-2017-0483-1252/attachment_1.pdf,ok,pdf,12194,"{'n_pages': 5, 'n_pages_with_text': 5}"
EPA-HQ-OAR-2017-0483-0223,https://downloads.regulations.gov/EPA-HQ-OAR-2017-0483-0223/attachment_2.pdf,ok,pdf,13551,"{'n_pages': 4, 'n_pages_with_text': 4}"
EPA-HQ-OAR-2017-0483-1278,https://downloads.regulations.gov/EPA-HQ-OAR-2017-0483-1278/attachment_1.pdf,ok,pdf,10765,"{'n_pages': 4, 'n_pages_with_text': 4}"
EPA-HQ-OAR-2017-0483-1811,https://downloads.regulations.gov/EPA-HQ-OAR-2017-0483-1811/attachment_1.pdf,ok,pdf,9309,"{'n_pages': 3, 'n_pages_with_text': 3}"
EPA-HQ-OAR-2017-0483-0735,https://downloads.regulations.gov/EPA-HQ-OAR-2017-0483-0735/attachment_1.pdf,ok,pdf,9667,"{'n_pages': 3, 'n_pages_with_text': 3}"
EPA-HQ-OAR-2017-0483-0791,https://downloads.regulations.gov/EPA-HQ-OAR-2017-0483-0791/attachment_1.pdf,ok,pdf,3703,"{'n_pages': 2, 'n_pages_with_text': 2}"
EPA-HQ-OAR-2017-0483-0800,https://downloads.regulations.gov/EPA-HQ-OAR-2017-0483-0800/attachment_1.pdf,ok,pytesseract,20196,method=pytesseract n_pages=7 quality=ok
EPA-HQ-OAR-2017-0483-2232,https://downloads.regulations.gov/EPA-HQ-OAR-2017-0483-2232/attachment_1.pdf,ok,pdf,527,"{'n_pages': 1, 'n_pages_with_text': 1}"
EPA-HQ-OAR-2017-0483-0806,https://downloads.regulations.gov/EPA-HQ-OAR-2017-0483-0806/attachment_2.pdf,ok,pdf,2929,"{'n_pages': 2, 'n_pages_with_text': 2}"
EPA-HQ-OAR-2017-0483-0798,https://downloads.regulations.gov/EPA-HQ-OAR-2017-0483-0798/attachment_1.pdf,ok,pdf,30583,"{'n_pages': 10, 'n_pages_with_text': 10}"
EPA-HQ-OAR-2017-0483-0811,https://downloads.regulations.gov/EPA-HQ-OAR-2017-0483-0811/attachment_2.pdf,"extract_fail:MalformedPDFException: Bounding box contains non-number coordinate(s): [1.52587891, /b'e-005', 0, 612, 792]",pdf,0,"{'reason': ""MalformedPDFException: Bounding box contains non-number coordinate(s): [1.52587891, /b'e-005', 0, 612, 792]""}"
EPA-HQ-OAR-2017-0483-0776,https://downloads.regulations.gov/EPA-HQ-OAR-2017-0483-0776/attachment_2.pdf,ok,pdf,2937,"{'n_pages': 2, 'n_pages_with_text': 2}"
EPA-HQ-OAR-2017-0483-0719,https://downloads.regulations.gov/EPA-HQ-OAR-2017-0483-0719/attachment_1.pdf,ok,pdf,2306,"{'n_pages': 1, 'n_pages_with_text': 1}"
EPA-HQ-OAR-2017-0483-0773,https://downloads.regulations.gov/EPA-HQ-OAR-2017-0483-0773/attachment_1.pdf,ok,pdf,16735,"{'n_pages': 6, 'n_pages_with_text': 6}"
EPA-HQ-OAR-2017-0483-1876,https://downloads.regulations.gov/EPA-HQ-OAR-2017-0483-1876/attachment_1.pdf,ok,pdf,2026,"{'n_pages': 1, 'n_pages_with_text': 1}"
EPA-HQ-OAR-2017-0483-1332,https://downloads.regulations.gov/EPA-HQ-OAR-2017-0483-1332/attachment_1.pdf,ok,pdf,2729,"{'n_pages': 1, 'n_pages_with_text': 1}"
EPA-HQ-OAR-2017-0483-1992,https://downloads.regulations.gov/EPA-HQ-OAR-2017-0483-1992/attachment_1.pdf,ok,pdf,2640,"{'n_pages': 1, 'n_pages_with_text': 1}"
EPA-HQ-OAR-2017-0483-0713,https://downloads.regulations.gov/EPA-HQ-OAR-2017-0483-0713/attachment_1.pdf,ok,pdf,3636,"{'n_pages': 2, 'n_pages_with_text': 2}"
EPA-HQ-OAR-2017-0483-1624,https://downloads.regulations.gov/EPA-HQ-OAR-2017-0483-1624/attachment_1.pdf,ok,pdf,455,"{'n_pages': 1, 'n_pages_with_text': 1}"
EPA-HQ-OAR-2017-0483-0379,https://downloads.regulations.gov/EPA-HQ-OAR-2017-0483-0379/attachment_1.pdf,ok,pdf,1189,"{'n_pages': 1, 'n_pages_with_text': 1}"
EPA-HQ-OAR-2017-0483-0694,https://downloads.regulations.gov/EPA-HQ-OAR-2017-0483-0694/attachment_1.pdf,ok,pdf,1932,"{'n_pages': 1, 'n_pages_with_text': 1}"
EPA-HQ-OAR-2017-0483-1628,https://downloads.regulations.gov/EPA-HQ-OAR-2017-0483-1628/attachment_1.pdf,ok,pdf,3160,"{'n_pages': 1, 'n_pages_with_text': 1}"
EPA-HQ-OAR-2017-0483-0604,https://downloads.regulations.gov/EPA-HQ-OAR-2017-0483-0604/attachment_1.pdf,ok,pdf,1746,"{'n_pages': 1, 'n_pages_with_text': 1}"
EPA-HQ-OAR-2017-0483-2133,https://downloads.regulations.gov/EPA-HQ-OAR-2017-0483-2133/attachment_1.pdf,ok,pdf,1614,"{'n_pages': 2, 'n_pages_with_text': 2}"
EPA-HQ-OAR-2017-0483-2173,https://downloads.regulations.gov/EPA-HQ-OAR-2017-0483-2173/attachment_1.pdf,ok,pdf,1393,"{'n_pages': 2, 'n_pages_with_text': 2}"
EPA-HQ-OAR-2017-0483-0702,https://downloads.regulations.gov/EPA-HQ-OAR-2017-0483-0702/attachment_1.pdf,ok,pdf,2000,"{'n_pages': 1, 'n_pages_with_text': 1}"
EPA-HQ-OAR-2017-0483-2101,https://downloads.regulations.gov/EPA-HQ-OAR-2017-0483-2101/attachment_1.pdf,ok,pdf,1337,"{'n_pages': 2, 'n_pages_with_text': 2}"
EPA-HQ-OAR-2017-0483-1860,https://downloads.regulations.gov/EPA-HQ-OAR-2017-0483-1860/attachment_1.pdf,ok,pdf,1577,"{'n_pages': 1, 'n_pages_with_text': 1}"
EPA-HQ-OAR-2017-0483-2065,https://downloads.regulations.gov/EPA-HQ-OAR-2017-0483-2065/attachment_1.pdf,ok,pdf,2876,"{'n_pages': 1, 'n_pages_with_text': 1}"
EPA-HQ-OAR-2017-0483-0180,https://downloads.regulations.gov/EPA-HQ-OAR-2017-0483-0180/attachment_1.pdf,ok,pdf,1242,"{'n_pages': 1, 'n_pages_with_text': 1}"
EPA-HQ-OAR-2017-0483-0326,https://downloads.regulations.gov/EPA-HQ-OAR-2017-0483-0326/attachment_1.pdf,ok,pdf,3049,"{'n_pages': 1, 'n_pages_with_text': 1}"
EPA-HQ-OAR-2017-0483-0571,https://downloads.regulations.gov/EPA-HQ-OAR-2017-0483-0571/attachment_1.pdf,ok,pdf,1346,"{'n_pages': 1, 'n_pages_with_text': 1}"
EPA-HQ-OAR-2017-0483-1852,https://downloads.regulations.gov/EPA-HQ-OAR-2017-0483-1852/attachment_1.pdf,ok,pdf,1063,"{'n_pages': 1, 'n_pages_with_text': 1}"
EPA-HQ-OAR-2017-0483-0591,https://downloads.regulations.gov/EPA-HQ-OAR-2017-0483-0591/attachment_1.pdf,ok,pdf,2006,"{'n_pages': 1, 'n_pages_with_text': 1}"
EPA-HQ-OAR-2017-0483-2298,https://downloads.regulations.gov/EPA-HQ-OAR-2017-0483-2298/attachment_1.pdf,ok,pytesseract,2211,method=pytesseract n_pages=2 quality=ok
EPA-HQ-OAR-2017-0483-1679,https://downloads.regulations.gov/EPA-HQ-OAR-2017-0483-1679/attachment_1.pdf,ok,pdf,1451,"{'n_pages': 1, 'n_pages_with_text': 1}"
EPA-HQ-OAR-2017-0483-1019,https://downloads.regulations.gov/EPA-HQ-OAR-2017-0483-1019/attachment_1.pdf,ok,pdf,905,"{'n_pages': 1, 'n_pages_with_text': 1}"
EPA-HQ-OAR-2017-0483-2299,https://downloads.regulations.gov/EPA-HQ-OAR-2017-0483-2299/attachment_1.pdf,ok,pdf,3165,"{'n_pages': 3, 'n_pages_with_text': 3}"
EPA-HQ-OAR-2017-0483-2301,https://downloads.regulations.gov/EPA-HQ-OAR-2017-0483-2301/attachment_2.pdf,ok,pdf,26517,"{'n_pages': 20, 'n_pages_with_text': 20}"
EPA-HQ-OAR-2017-0483-1676,https://downloads.regulations.gov/EPA-HQ-OAR-2017-0483-1676/attachment_1.pdf,ok,pdf,1373,"{'n_pages': 1, 'n_pages_with_text': 1}"
EPA-HQ-OAR-2017-0483-1682,https://downloads.regulations.gov/EPA-HQ-OAR-2017-0483-1682/attachment_1.pdf,ok,pdf,11985,"{'n_pages': 6, 'n_pages_with_text': 6}"
EPA-HQ-OAR-2017-0483-1949,https://downloads.regulations.gov/EPA-HQ-OAR-2017-0483-1949/attachment_1.pdf,ok,pdf,2660,"{'n_pages': 2, 'n_pages_with_text': 2}"
EPA-HQ-OAR-2017-0483-0677,https://downloads.regulations.gov/EPA-HQ-OAR-2017-0483-0677/attachment_1.pdf,ok,pdf,47922,"{'n_pages': 18, 'n_pages_with_text': 18}"
EPA-HQ-OAR-2017-0483-2300,https://downloads.regulations.gov/EPA-HQ-OAR-2017-0483-2300/attachment_2.pdf,ok,pdf,36986,"{'n_pages': 12, 'n_pages_with_text': 12}"
EPA-HQ-OAR-2018-0794-0167,https://downloads.regulations.gov/EPA-HQ-OAR-2018-0794-0167/attachment_1.pdf,ok,pdf,612,"{'n_pages': 1, 'n_pages_with_text': 1}"
EPA-HQ-OAR-2018-0794-0557,https://downloads.regulations.gov/EPA-HQ-OAR-2018-0794-0557/attachment_1.pdf,ok,pdf,7589,"{'n_pages': 4, 'n_pages_with_text': 4}"
EPA-HQ-OAR-2018-0794-1629,https://downloads.regulations.gov/EPA-HQ-OAR-2018-0794-1629/attachment_1.pdf,ok,pdf,17824,"{'n_pages': 6, 'n_pages_with_text': 6}"
EPA-HQ-OAR-2018-0794-1194,https://downloads.regulations.gov/EPA-HQ-OAR-2018-0794-1194/attachment_1.pdf,ok,pdf,9094,"{'n_pages': 4, 'n_pages_with_text': 4}"
EPA-HQ-OAR-2018-0794-1158,https://downloads.regulations.gov/EPA-HQ-OAR-2018-0794-1158/attachment_1.pdf,ok,pdf,217744,"{'n_pages': 114, 'n_pages_with_text': 113}"
EPA-HQ-OAR-2018-0794-4573,https://downloads.regulations.gov/EPA-HQ-OAR-2018-0794-4573/attachment_1.pdf,ok,pdf,1166,"{'n_pages': 1, 'n_pages_with_text': 1}"
EPA-HQ-OAR-2018-0794-0534,https://downloads.regulations.gov/EPA-HQ-OAR-2018-0794-0534/attachment_1.pdf,ok,pdf,9477,"{'n_pages': 4, 'n_pages_with_text': 4}"
EPA-HQ-OAR-2018-0794-4506,https://downloads.regulations.gov/EPA-HQ-OAR-2018-0794-4506/attachment_2.pdf,ok,pdf,1958,"{'n_pages': 1, 'n_pages_with_text': 1}"
EPA-HQ-OAR-2018-0794-0539,https://downloads.regulations.gov/EPA-HQ-OAR-2018-0794-0539/attachment_1.pdf,ok,pdf,3717,"{'n_pages': 2, 'n_pages_with_text': 2}"
EPA-HQ-OAR-2018-0794-1661,https://downloads.regulations.gov/EPA-HQ-OAR-2018-0794-1661/attachment_1.pdf,ok,pdf,27997,"{'n_pages': 16, 'n_pages_with_text': 16}"
EPA-HQ-OAR-2018-0794-1177,https://downloads.regulations.gov/EPA-HQ-OAR-2018-0794-1177/attachment_1.pdf,ok,pdf,39117,"{'n_pages': 10, 'n_pages_with_text': 10}"
EPA-HQ-OAR-2018-0794-0523,https://downloads.regulations.gov/EPA-HQ-OAR-2018-0794-0523/attachment_1.pdf,ok,pdf,5020,"{'n_pages': 2, 'n_pages_with_text': 2}"
EPA-HQ-OAR-2018-0794-0572,https://downloads.regulations.gov/EPA-HQ-OAR-2018-0794-0572/attachment_1.pdf,ok,pdf,4620,"{'n_pages': 2, 'n_pages_with_text': 2}"
EPA-HQ-OAR-2018-0794-0560,https://downloads.regulations.gov/EPA-HQ-OAR-2018-0794-0560/attachment_1.pdf,ok,pdf,3119,"{'n_pages': 1, 'n_pages_with_text': 1}"
EPA-HQ-OAR-2018-0794-1126,https://downloads.regulations.gov/EPA-HQ-OAR-2018-0794-1126/attachment_1.pdf,ok,pdf,5846,"{'n_pages': 3, 'n_pages_with_text': 3}"
EPA-HQ-OAR-2018-0794-0575,https://downloads.regulations.gov/EPA-HQ-OAR-2018-0794-0575/attachment_1.pdf,ok,pdf,4575,"{'n_pages': 3, 'n_pages_with_text': 3}"
EPA-HQ-OAR-2018-0794-4411,https://downloads.regulations.gov/EPA-HQ-OAR-2018-0794-4411/attachment_3.pdf,ok,pdf,62226,"{'n_pages': 20, 'n_pages_with_text': 20}"
EPA-HQ-OAR-2018-0794-0559,https://downloads.regulations.gov/EPA-HQ-OAR-2018-0794-0559/attachment_1.pdf,ok,pdf,9408,"{'n_pages': 5, 'n_pages_with_text': 5}"
EPA-HQ-OAR-2018-0794-4937,https://downloads.regulations.gov/EPA-HQ-OAR-2018-0794-4937/attachment_1.pdf,ok,pdf,20935,"{'n_pages': 8, 'n_pages_with_text': 8}"
EPA-HQ-OAR-2018-0794-1668,https://downloads.regulations.gov/EPA-HQ-OAR-2018-0794-1668/attachment_1.pdf,ok,pdf,11109,"{'n_pages': 5, 'n_pages_with_text': 5}"
EPA-HQ-OAR-2018-0794-5315,https://downloads.regulations.gov/EPA-HQ-OAR-2018-0794-5315/attachment_1.pdf,ok,pdf,2319,"{'n_pages': 1, 'n_pages_with_text': 1}"
EPA-HQ-OAR-2018-0794-2557,https://downloads.regulations.gov/EPA-HQ-OAR-2018-0794-2557/attachment_1.pdf,ok,pdf,587,"{'n_pages': 1, 'n_pages_with_text': 1}"
EPA-HQ-OAR-2018-0794-3512,https://downloads.regulations.gov/EPA-HQ-OAR-2018-0794-3512/attachment_1.pdf,ok,pdf,966,"{'n_pages': 1, 'n_pages_with_text': 1}"
EPA-HQ-OAR-2018-0794-2347,https://downloads.regulations.gov/EPA-HQ-OAR-2018-0794-2347/attachment_1.pdf,ok,pdf,660,"{'n_pages': 1, 'n_pages_with_text': 1}"
EPA-HQ-OAR-2018-0794-3587,https://downloads.regulations.gov/EPA-HQ-OAR-2018-0794-3587/attachment_1.pdf,ok,pdf,802,"{'n_pages': 1, 'n_pages_with_text': 1}"
EPA-HQ-OAR-2018-0794-3497,https://downloads.regulations.gov/EPA-HQ-OAR-2018-0794-3497/attachment_1.pdf,ok,pdf,479,"{'n_pages': 1, 'n_pages_with_text': 1}"
EPA-HQ-OAR-2018-0794-4054,https://downloads.regulations.gov/EPA-HQ-OAR-2018-0794-4054/attachment_1.pdf,ok,pdf,2086,"{'n_pages': 1, 'n_pages_with_text': 1}"
EPA-HQ-OAR-2018-0794-5349,https://downloads.regulations.gov/EPA-HQ-OAR-2018-0794-5349/attachment_1.pdf,ok,pdf,2455,"{'n_pages': 1, 'n_pages_with_text': 1}"
EPA-HQ-OAR-2018-0794-3975,https://downloads.regulations.gov/EPA-HQ-OAR-2018-0794-3975/attachment_1.pdf,ok,pdf,759,"{'n_pages': 1, 'n_pages_with_text': 1}"
EPA-HQ-OAR-2018-0794-4067,https://downloads.regulations.gov/EPA-HQ-OAR-2018-0794-4067/attachment_1.pdf,ok,pdf,1245,"{'n_pages': 1, 'n_pages_with_text': 1}"
EPA-HQ-OAR-2018-0794-5413,https://downloads.regulations.gov/EPA-HQ-OAR-2018-0794-5413/attachment_1.pdf,ok,pdf,2274,"{'n_pages': 1, 'n_pages_with_text': 1}"
EPA-HQ-OAR-2018-0794-2327,https://downloads.regulations.gov/EPA-HQ-OAR-2018-0794-2327/attachment_1.pdf,ok,pdf,456,"{'n_pages': 1, 'n_pages_with_text': 1}"
EPA-HQ-OAR-2018-0794-0513,https://downloads.regulations.gov/EPA-HQ-OAR-2018-0794-0513/attachment_1.pdf,ok,pdf,4733,"{'n_pages': 2, 'n_pages_with_text': 2}"
EPA-HQ-OAR-2018-0794-4380,https://downloads.regulations.gov/EPA-HQ-OAR-2018-0794-4380/attachment_1.pdf,ok,pdf,995,"{'n_pages': 1, 'n_pages_with_text': 1}"
EPA-HQ-OAR-2018-0794-2939,https://downloads.regulations.gov/EPA-HQ-OAR-2018-0794-2939/attachment_1.pdf,ok,pdf,356,"{'n_pages': 1, 'n_pages_with_text': 1}"
EPA-HQ-OAR-2018-0794-3649,https://downloads.regulations.gov/EPA-HQ-OAR-2018-0794-3649/attachment_1.pdf,ok,pdf,850,"{'n_pages': 1, 'n_pages_with_text': 1}"
EPA-HQ-OAR-2018-0794-2333,https://downloads.regulations.gov/EPA-HQ-OAR-2018-0794-2333/attachment_1.pdf,ok,pdf,456,"{'n_pages': 1, 'n_pages_with_text': 1}"
EPA-HQ-OAR-2018-0794-3830,https://downloads.regulations.gov/EPA-HQ-OAR-2018-0794-3830/attachment_1.pdf,ok,pdf,692,"{'n_pages': 1, 'n_pages_with_text': 1}"
EPA-HQ-OAR-2018-0794-2331,https://downloads.regulations.gov/EPA-HQ-OAR-2018-0794-2331/attachment_1.pdf,ok,pdf,530,"{'n_pages': 1, 'n_pages_with_text': 1}"
EPA-HQ-OAR-2018-0794-3384,https://downloads.regulations.gov/EPA-HQ-OAR-2018-0794-3384/attachment_1.pdf,ok,pdf,607,"{'n_pages': 1, 'n_pages_with_text': 1}"
EPA-HQ-OAR-2018-0794-2116,https://downloads.regulations.gov/EPA-HQ-OAR-2018-0794-2116/attachment_1.pdf,ok,pdf,1394,"{'n_pages': 1, 'n_pages_with_text': 1}"
EPA-HQ-OAR-2018-0794-4415,https://downloads.regulations.gov/EPA-HQ-OAR-2018-0794-4415/attachment_1.pdf,ok,pdf,6767,"{'n_pages': 3, 'n_pages_with_text': 3}"
EPA-HQ-OAR-2018-0794-3379,https://downloads.regulations.gov/EPA-HQ-OAR-2018-0794-3379/attachment_1.pdf,ok,pdf,608,"{'n_pages': 1, 'n_pages_with_text': 1}"
EPA-HQ-OAR-2018-0794-5320,https://downloads.regulations.gov/EPA-HQ-OAR-2018-0794-5320/attachment_1.pdf,ok,pdf,2152,"{'n_pages': 1, 'n_pages_with_text': 1}"
EPA-HQ-OAR-2018-0794-2112,https://downloads.regulations.gov/EPA-HQ-OAR-2018-0794-2112/attachment_1.pdf,ok,pdf,675,"{'n_pages': 1, 'n_pages_with_text': 1}"
EPA-HQ-OAR-2018-0794-5286,https://downloads.regulations.gov/EPA-HQ-OAR-2018-0794-5286/attachment_1.pdf,ok,pdf,1352,"{'n_pages': 1, 'n_pages_with_text': 1}"
EPA-HQ-OAR-2018-0794-2118,https://downloads.regulations.gov/EPA-HQ-OAR-2018-0794-2118/attachment_1.pdf,ok,pdf,6886,"{'n_pages': 2, 'n_pages_with_text': 2}"
EPA-HQ-OAR-2018-0794-2117,https://downloads.regulations.gov/EPA-HQ-OAR-2018-0794-2117/attachment_1.pdf,ok,pdf,1560,"{'n_pages': 1, 'n_pages_with_text': 1}"
EPA-HQ-OAR-2018-0794-4069,https://downloads.regulations.gov/EPA-HQ-OAR-2018-0794-4069/attachment_1.pdf,ok,pdf,1133,"{'n_pages': 1, 'n_pages_with_text': 1}"
EPA-HQ-OAR-2018-0794-2115,https://downloads.regulations.gov/EPA-HQ-OAR-2018-0794-2115/attachment_1.pdf,ok,pdf,2240,"{'n_pages': 1, 'n_pages_with_text': 1}"
EPA-HQ-OAR-2020-0044-0130,https://downloads.regulations.gov/EPA-HQ-OAR-2020-0044-0130/attachment_1.pdf,ok,pdf,8715,"{'n_pages': 4, 'n_pages_with_text': 4}"
EPA-HQ-OAR-2020-0044-0480,https://downloads.regulations.gov/EPA-HQ-OAR-2020-0044-0480/attachment_1.pdf,ok,pdf,82073,"{'n_pages': 27, 'n_pages_with_text': 27}"
EPA-HQ-OAR-2020-0044-0711,https://downloads.regulations.gov/EPA-HQ-OAR-2020-0044-0711/attachment_1.pdf,ok,pdf,6574,"{'n_pages': 3, 'n_pages_with_text': 3}"
EPA-HQ-OAR-2020-0044-0164,https://downloads.regulations.gov/EPA-HQ-OAR-2020-0044-0164/attachment_1.pdf,ok,pdf,82073,"{'n_pages': 27, 'n_pages_with_text': 27}"
EPA-HQ-OAR-2020-0044-0167,https://downloads.regulations.gov/EPA-HQ-OAR-2020-0044-0167/attachment_1.pdf,ok,pytesseract,4407,method=pytesseract n_pages=2 quality=ok
EPA-HQ-OAR-2020-0044-0097,https://downloads.regulations.gov/EPA-HQ-OAR-2020-0044-0097/attachment_1.pdf,ok,pdf,21944,"{'n_pages': 7, 'n_pages_with_text': 7}"
EPA-HQ-OAR-2020-0044-0731,https://downloads.regulations.gov/EPA-HQ-OAR-2020-0044-0731/attachment_1.pdf,ok,pdf,5665,"{'n_pages': 2, 'n_pages_with_text': 2}"
EPA-HQ-OAR-2020-0044-0151,https://downloads.regulations.gov/EPA-HQ-OAR-2020-0044-0151/attachment_1.pdf,ok,pdf,24502,"{'n_pages': 7, 'n_pages_with_text': 7}"
EPA-HQ-OAR-2020-0044-0160,https://downloads.regulations.gov/EPA-HQ-OAR-2020-0044-0160/attachment_1.pdf,ok,pdf,17913,"{'n_pages': 6, 'n_pages_with_text': 6}"
EPA-HQ-OAR-2020-0044-0685,https://downloads.regulations.gov/EPA-HQ-OAR-2020-0044-0685/attachment_1.docx,ok,docx,168256,{'n_paragraphs': 969}
EPA-HQ-OAR-2020-0044-0725,https://downloads.regulations.gov/EPA-HQ-OAR-2020-0044-0725/attachment_1.pdf,ok,pdf,4258,"{'n_pages': 2, 'n_pages_with_text': 2}"
EPA-HQ-OAR-2020-0044-0510,https://downloads.regulations.gov/EPA-HQ-OAR-2020-0044-0510/attachment_1.pdf,ok,pdf,5607,"{'n_pages': 3, 'n_pages_with_text': 3}"
EPA-HQ-OAR-2020-0044-0115,https://downloads.regulations.gov/EPA-HQ-OAR-2020-0044-0115/attachment_1.pdf,ok,pdf,3112,"{'n_pages': 2, 'n_pages_with_text': 2}"
EPA-HQ-OAR-2020-0044-0147,https://downloads.regulations.gov/EPA-HQ-OAR-2020-0044-0147/attachment_1.pdf,ok,pdf,23870,"{'n_pages': 7, 'n_pages_with_text': 7}"
EPA-HQ-OAR-2020-0044-0158,https://downloads.regulations.gov/EPA-HQ-OAR-2020-0044-0158/attachment_1.pdf,ok,pdf,1751,"{'n_pages': 1, 'n_pages_with_text': 1}"
EPA-HQ-OAR-2020-0044-0730,https://downloads.regulations.gov/EPA-HQ-OAR-2020-0044-0730/attachment_1.pdf,ok,pdf,5908,"{'n_pages': 2, 'n_pages_with_text': 2}"
EPA-HQ-OAR-2020-0044-0119,https://downloads.regulations.gov/EPA-HQ-OAR-2020-0044-0119/attachment_1.pdf,ok,pdf,12560,"{'n_pages': 4, 'n_pages_with_text': 4}"
EPA-HQ-OAR-2020-0044-0120,https://downloads.regulations.gov/EPA-HQ-OAR-2020-0044-0120/attachment_1.pdf,ok,pdf,10895,"{'n_pages': 5, 'n_pages_with_text': 5}"
EPA-HQ-OAR-2020-0044-0726,https://downloads.regulations.gov/EPA-HQ-OAR-2020-0044-0726/attachment_1.pdf,ok,pdf,63995,"{'n_pages': 18, 'n_pages_with_text': 18}"
EPA-HQ-OAR-2020-0044-0083,https://downloads.regulations.gov/EPA-HQ-OAR-2020-0044-0083/attachment_1.pdf,ok,pdf,4192,"{'n_pages': 2, 'n_pages_with_text': 2}"
EPA-HQ-OAR-2020-0044-0719,https://downloads.regulations.gov/EPA-HQ-OAR-2020-0044-0719/attachment_1.pdf,ok,pdf,25449,"{'n_pages': 12, 'n_pages_with_text': 12}"
EPA-HQ-OAR-2020-0044-0682,https://downloads.regulations.gov/EPA-HQ-OAR-2020-0044-0682/attachment_1.pdf,ok,pdf,3350,"{'n_pages': 2, 'n_pages_with_text': 2}"
EPA-HQ-OAR-2020-0044-0080,https://downloads.regulations.gov/EPA-HQ-OAR-2020-0044-0080/attachment_1.pdf,ok,pdf,8918,"{'n_pages': 3, 'n_pages_with_text': 3}"
EPA-HQ-OAR-2020-0044-0110,https://downloads.regulations.gov/EPA-HQ-OAR-2020-0044-0110/attachment_1.pdf,ok,pdf,1041,"{'n_pages': 1, 'n_pages_with_text': 1}"
EPA-HQ-OAR-2020-0044-0092,https://downloads.regulations.gov/EPA-HQ-OAR-2020-0044-0092/attachment_1.pdf,ok,pdf,6057,"{'n_pages': 3, 'n_pages_with_text': 3}"
EPA-HQ-OAR-2020-0044-0065,https://downloads.regulations.gov/EPA-HQ-OAR-2020-0044-0065/attachment_1.pdf,ok,pdf,1599,"{'n_pages': 1, 'n_pages_with_text': 1}"
EPA-HQ-OAR-2020-0044-0055,https://downloads.regulations.gov/EPA-HQ-OAR-2020-0044-0055/attachment_1.pdf,ok,pdf,8232,"{'n_pages': 3, 'n_pages_with_text': 3}"
EPA-HQ-OAR-2020-0044-0732,https://downloads.regulations.gov/EPA-HQ-OAR-2020-0044-0732/attachment_1.pdf,ok,pdf,4593,"{'n_pages': 2, 'n_pages_with_text': 2}"
EPA-HQ-OAR-2020-0044-0111,https://downloads.regulations.gov/EPA-HQ-OAR-2020-0044-0111/attachment_1.pdf,ok,pdf,2043,"{'n_pages': 2, 'n_pages_with_text': 2}"
EPA-HQ-OAR-2020-0044-0128,https://downloads.regulations.gov/EPA-HQ-OAR-2020-0044-0128/attachment_1.pdf,ok,pdf,40955,"{'n_pages': 13, 'n_pages_with_text': 13}"
EPA-HQ-OAR-2020-0044-0123,https://downloads.regulations.gov/EPA-HQ-OAR-2020-0044-0123/attachment_1.pdf,ok,pdf,260747,"{'n_pages': 79, 'n_pages_with_text': 79}"
EPA-HQ-OAR-2020-0044-0089,https://downloads.regulations.gov/EPA-HQ-OAR-2020-0044-0089/attachment_1.pdf,ok,pdf,25850,"{'n_pages': 12, 'n_pages_with_text': 12}"
EPA-HQ-OAR-2020-0044-0356,https://downloads.regulations.gov/EPA-HQ-OAR-2020-0044-0356/attachment_1.pdf,ok,pdf,12104,"{'n_pages': 5, 'n_pages_with_text': 5}"
EPA-HQ-OAR-2020-0044-0140,https://downloads.regulations.gov/EPA-HQ-OAR-2020-0044-0140/attachment_1.pdf,ok,pytesseract,4767,method=pytesseract n_pages=2 quality=ok
EPA-HQ-OAR-2020-0044-0078,https://downloads.regulations.gov/EPA-HQ-OAR-2020-0044-0078/attachment_1.pdf,ok,pdf,5626,"{'n_pages': 4, 'n_pages_with_text': 4}"
EPA-HQ-OAR-2020-0044-0471,https://downloads.regulations.gov/EPA-HQ-OAR-2020-0044-0471/attachment_1.pdf,ok,pdf,9062,"{'n_pages': 3, 'n_pages_with_text': 3}"
EPA-HQ-OAR-2020-0044-0735,https://downloads.regulations.gov/EPA-HQ-OAR-2020-0044-0735/attachment_1.pdf,ok,pdf,26105,"{'n_pages': 9, 'n_pages_with_text': 9}"
EPA-HQ-OAR-2020-0044-0135,https://downloads.regulations.gov/EPA-HQ-OAR-2020-0044-0135/attachment_1.pdf,ok,pdf,4369,"{'n_pages': 2, 'n_pages_with_text': 2}"
EPA-HQ-OAR-2020-0044-0146,https://downloads.regulations.gov/EPA-HQ-OAR-2020-0044-0146/attachment_1.pdf,ok,pdf,7462,"{'n_pages': 4, 'n_pages_with_text': 4}"
EPA-HQ-OAR-2020-0044-0117,https://downloads.regulations.gov/EPA-HQ-OAR-2020-0044-0117/attachment_1.pdf,ok,pdf,95197,"{'n_pages': 31, 'n_pages_with_text': 31}"
EPA-HQ-OAR-2020-0044-0093,https://downloads.regulations.gov/EPA-HQ-OAR-2020-0044-0093/attachment_1.pdf,ok,pdf,4769,"{'n_pages': 2, 'n_pages_with_text': 2}"
EPA-HQ-OAR-2020-0044-0129,https://downloads.regulations.gov/EPA-HQ-OAR-2020-0044-0129/attachment_1.pdf,ok,pdf,25531,"{'n_pages': 9, 'n_pages_with_text': 9}"
EPA-HQ-OAR-2020-0044-0138,https://downloads.regulations.gov/EPA-HQ-OAR-2020-0044-0138/attachment_1.pdf,ok,pdf,5529,"{'n_pages': 3, 'n_pages_with_text': 3}"
EPA-HQ-OAR-2020-0044-0683,https://downloads.regulations.gov/EPA-HQ-OAR-2020-0044-0683/attachment_2.pdf,ok,pdf,32596,"{'n_pages': 10, 'n_pages_with_text': 10}"
EPA-HQ-OAR-2020-0044-0166,https://downloads.regulations.gov/EPA-HQ-OAR-2020-0044-0166/attachment_1.pdf,ok,pdf,34328,"{'n_pages': 12, 'n_pages_with_text': 12}"
EPA-HQ-OAR-2020-0044-0149,https://downloads.regulations.gov/EPA-HQ-OAR-2020-0044-0149/attachment_1.pdf,ok,pdf,17858,"{'n_pages': 6, 'n_pages_with_text': 6}"
EPA-HQ-OAR-2020-0044-0143,https://downloads.regulations.gov/EPA-HQ-OAR-2020-0044-0143/attachment_1.pdf,ok,pdf,15244,"{'n_pages': 6, 'n_pages_with_text': 6}"
EPA-HQ-OAR-2020-0044-0375,https://downloads.regulations.gov/EPA-HQ-OAR-2020-0044-0375/attachment_1.pdf,ok,pdf,42362,"{'n_pages': 17, 'n_pages_with_text': 17}"
EPA-HQ-OAR-2020-0044-0200,https://downloads.regulations.gov/EPA-HQ-OAR-2020-0044-0200/attachment_2.pdf,ok,pdf,99573,"{'n_pages': 47, 'n_pages_with_text': 46}"
EPA-HQ-OAR-2020-0044-0720,https://downloads.regulations.gov/EPA-HQ-OAR-2020-0044-0720/attachment_1.pdf,ok,pdf,6992,"{'n_pages': 3, 'n_pages_with_text': 3}"
EPA-HQ-OAR-2021-0668-0276,https://downloads.regulations.gov/EPA-HQ-OAR-2021-0668-0276/attachment_1.pdf,ok,pdf,2982,"{'n_pages': 1, 'n_pages_with_text': 1}"
EPA-HQ-OAR-2021-0668-0354,https://downloads.regulations.gov/EPA-HQ-OAR-2021-0668-0354/attachment_1.pdf,ok,pdf,19241,"{'n_pages': 6, 'n_pages_with_text': 6}"
EPA-HQ-OAR-2021-0668-0324,https://downloads.regulations.gov/EPA-HQ-OAR-2021-0668-0324/attachment_1.pdf,ok,pdf,49619,"{'n_pages': 14, 'n_pages_with_text': 14}"
EPA-HQ-OAR-2021-0668-0239,https://downloads.regulations.gov/EPA-HQ-OAR-2021-0668-0239/attachment_1.pdf,ok,pdf,5195,"{'n_pages': 3, 'n_pages_with_text': 3}"
EPA-HQ-OAR-2021-0668-0434,https://downloads.regulations.gov/EPA-HQ-OAR-2021-0668-0434/attachment_1.pdf,ok,pdf,26333,"{'n_pages': 10, 'n_pages_with_text': 10}"
EPA-HQ-OAR-2021-0668-0363,https://downloads.regulations.gov/EPA-HQ-OAR-2021-0668-0363/attachment_1.pdf,ok,pdf,12285,"{'n_pages': 4, 'n_pages_with_text': 4}"
EPA-HQ-OAR-2021-0668-0006,https://downloads.regulations.gov/EPA-HQ-OAR-2021-0668-0006/attachment_1.pdf,ok,pdf,7750,"{'n_pages': 3, 'n_pages_with_text': 3}"
EPA-HQ-OAR-2021-0668-0245,https://downloads.regulations.gov/EPA-HQ-OAR-2021-0668-0245/attachment_1.pdf,ok,pdf,5074,"{'n_pages': 2, 'n_pages_with_text': 2}"
EPA-HQ-OAR-2021-0668-0289,https://downloads.regulations.gov/EPA-HQ-OAR-2021-0668-0289/attachment_1.pdf,ok,pdf,99084,"{'n_pages': 35, 'n_pages_with_text': 35}"
EPA-HQ-OAR-2021-0668-0506,https://downloads.regulations.gov/EPA-HQ-OAR-2021-0668-0506/attachment_1.pdf,ok,pdf,38812,"{'n_pages': 14, 'n_pages_with_text': 14}"
EPA-HQ-OAR-2021-0668-0248,https://downloads.regulations.gov/EPA-HQ-OAR-2021-0668-0248/attachment_1.pdf,ok,pdf,3781,"{'n_pages': 2, 'n_pages_with_text': 2}"
EPA-HQ-OAR-2021-0668-0764,https://downloads.regulations.gov/EPA-HQ-OAR-2021-0668-0764/attachment_2.pdf,ok,pdf,41668,"{'n_pages': 18, 'n_pages_with_text': 18}"
EPA-HQ-OAR-2021-0668-0555,https://downloads.regulations.gov/EPA-HQ-OAR-2021-0668-0555/attachment_1.pdf,ok,pdf,41668,"{'n_pages': 18, 'n_pages_with_text': 18}"
EPA-HQ-OAR-2021-0668-0762,https://downloads.regulations.gov/EPA-HQ-OAR-2021-0668-0762/attachment_2.pdf,ok,pdf,6410,"{'n_pages': 3, 'n_pages_with_text': 3}"
EPA-HQ-OAR-2021-0668-0502,https://downloads.regulations.gov/EPA-HQ-OAR-2021-0668-0502/attachment_1.pdf,ok,pdf,22915,"{'n_pages': 8, 'n_pages_with_text': 8}"
EPA-HQ-OAR-2021-0668-0420,https://downloads.regulations.gov/EPA-HQ-OAR-2021-0668-0420/attachment_1.pdf,ok,pdf,11724,"{'n_pages': 4, 'n_pages_with_text': 4}"
EPA-HQ-OAR-2021-0668-0365,https://downloads.regulations.gov/EPA-HQ-OAR-2021-0668-0365/attachment_1.pdf,ok,pdf,21591,"{'n_pages': 16, 'n_pages_with_text': 11}"
EPA-HQ-OAR-2021-0668-0302,https://downloads.regulations.gov/EPA-HQ-OAR-2021-0668-0302/attachment_1.pdf,ok,pdf,20859,"{'n_pages': 13, 'n_pages_with_text': 13}"
EPA-HQ-OAR-2021-0668-0431,https://downloads.regulations.gov/EPA-HQ-OAR-2021-0668-0431/attachment_1.pdf,ok,pdf,28260,"{'n_pages': 11, 'n_pages_with_text': 11}"
EPA-HQ-OAR-2021-0668-0309,https://downloads.regulations.gov/EPA-HQ-OAR-2021-0668-0309/attachment_1.pdf,ok,pdf,28093,"{'n_pages': 17, 'n_pages_with_text': 17}"
EPA-HQ-OAR-2021-0668-0200,https://downloads.regulations.gov/EPA-HQ-OAR-2021-0668-0200/attachment_1.pdf,ok,pdf,2092,"{'n_pages': 1, 'n_pages_with_text': 1}"
EPA-HQ-OAR-2021-0668-0904,https://downloads.regulations.gov/EPA-HQ-OAR-2021-0668-0904/attachment_1.pdf,ok,pdf,1428,"{'n_pages': 1, 'n_pages_with_text': 1}"
EPA-HQ-OAR-2021-0668-0290,https://downloads.regulations.gov/EPA-HQ-OAR-2021-0668-0290/attachment_1.pdf,ok,pdf,35935,"{'n_pages': 14, 'n_pages_with_text': 14}"
EPA-HQ-OAR-2021-0668-0896,https://downloads.regulations.gov/EPA-HQ-OAR-2021-0668-0896/attachment_1.pdf,ok,pdf,1034,"{'n_pages': 1, 'n_pages_with_text': 1}"
EPA-HQ-OAR-2021-0668-0873,https://downloads.regulations.gov/EPA-HQ-OAR-2021-0668-0873/attachment_2.pdf,ok,pdf,3920,"{'n_pages': 2, 'n_pages_with_text': 2}"
EPA-HQ-OAR-2021-0668-0910,https://downloads.regulations.gov/EPA-HQ-OAR-2021-0668-0910/attachment_1.pdf,ok,pdf,1774,"{'n_pages': 1, 'n_pages_with_text': 1}"
EPA-HQ-OAR-2021-0668-0906,https://downloads.regulations.gov/EPA-HQ-OAR-2021-0668-0906/attachment_1.pdf,ok,pdf,2213,"{'n_pages': 1, 'n_pages_with_text': 1}"
EPA-HQ-OAR-2021-0668-0900,https://downloads.regulations.gov/EPA-HQ-OAR-2021-0668-0900/attachment_1.pdf,ok,pdf,1514,"{'n_pages': 1, 'n_pages_with_text': 1}"
EPA-HQ-OAR-2021-0668-0907,https://downloads.regulations.gov/EPA-HQ-OAR-2021-0668-0907/attachment_1.pdf,ok,pdf,1544,"{'n_pages': 1, 'n_pages_with_text': 1}"
EPA-HQ-OAR-2021-0668-0355,https://downloads.regulations.gov/EPA-HQ-OAR-2021-0668-0355/attachment_1.pdf,ok,pdf,35548,"{'n_pages': 21, 'n_pages_with_text': 21}"
EPA-HQ-OAR-2021-0668-0893,https://downloads.regulations.gov/EPA-HQ-OAR-2021-0668-0893/attachment_1.pdf,ok,pdf,888,"{'n_pages': 1, 'n_pages_with_text': 1}"
EPA-HQ-OAR-2021-0668-0198,https://downloads.regulations.gov/EPA-HQ-OAR-2021-0668-0198/attachment_1.pdf,ok,pdf,5354,"{'n_pages': 2, 'n_pages_with_text': 2}"
EPA-HQ-OAR-2021-0668-0380,https://downloads.regulations.gov/EPA-HQ-OAR-2021-0668-0380/attachment_1.pdf,ok,pdf,59157,"{'n_pages': 16, 'n_pages_with_text': 16}"
EPA-HQ-OAR-2021-0668-0891,https://downloads.regulations.gov/EPA-HQ-OAR-2021-0668-0891/attachment_1.pdf,ok,pdf,998,"{'n_pages': 1, 'n_pages_with_text': 1}"
EPA-HQ-OAR-2021-0668-0903,https://downloads.regulations.gov/EPA-HQ-OAR-2021-0668-0903/attachment_1.pdf,ok,pdf,1534,"{'n_pages': 1, 'n_pages_with_text': 1}"
EPA-HQ-OAR-2021-0668-0325,https://downloads.regulations.gov/EPA-HQ-OAR-2021-0668-0325/attachment_1.pdf,ok,pdf,1722,"{'n_pages': 1, 'n_pages_with_text': 1}"
EPA-HQ-OAR-2021-0668-0894,https://downloads.regulations.gov/EPA-HQ-OAR-2021-0668-0894/attachment_1.pdf,ok,pdf,706,"{'n_pages': 1, 'n_pages_with_text': 1}"
EPA-HQ-OAR-2021-0668-0887,https://downloads.regulations.gov/EPA-HQ-OAR-2021-0668-0887/attachment_1.pdf,ok,pdf,1128,"{'n_pages': 1, 'n_pages_with_text': 1}"
EPA-HQ-OAR-2021-0668-0388,https://downloads.regulations.gov/EPA-HQ-OAR-2021-0668-0388/attachment_1.pdf,ok,pdf,4149,"{'n_pages': 2, 'n_pages_with_text': 2}"
EPA-HQ-OAR-2021-0668-0908,https://downloads.regulations.gov/EPA-HQ-OAR-2021-0668-0908/attachment_1.pdf,ok,pdf,1757,"{'n_pages': 1, 'n_pages_with_text': 1}"
EPA-HQ-OAR-2021-0668-0654,https://downloads.regulations.gov/EPA-HQ-OAR-2021-0668-0654/attachment_1.pdf,ok,pdf,182461,"{'n_pages': 230, 'n_pages_with_text': 230}"
EPA-HQ-OAR-2021-0668-0874,https://downloads.regulations.gov/EPA-HQ-OAR-2021-0668-0874/attachment_1.pdf,ok,pdf,2981,"{'n_pages': 2, 'n_pages_with_text': 2}"
EPA-HQ-OAR-2021-0668-0875,https://downloads.regulations.gov/EPA-HQ-OAR-2021-0668-0875/attachment_1.pdf,ok,pdf,1161,"{'n_pages': 1, 'n_pages_with_text': 1}"
EPA-HQ-OAR-2021-0668-0923,https://downloads.regulations.gov/EPA-HQ-OAR-2021-0668-0923/attachment_1.pdf,ok,pdf,1180,"{'n_pages': 1, 'n_pages_with_text': 1}"
EPA-HQ-OAR-2021-0668-0924,https://downloads.regulations.gov/EPA-HQ-OAR-2021-0668-0924/attachment_1.pdf,ok,pdf,2986,"{'n_pages': 2, 'n_pages_with_text': 2}"
EPA-HQ-OAR-2021-0668-0422,https://downloads.regulations.gov/EPA-HQ-OAR-2021-0668-0422/attachment_1.pdf,ok,pdf,6940,"{'n_pages': 4, 'n_pages_with_text': 4}"
EPA-HQ-OAR-2021-0668-0368,https://downloads.regulations.gov/EPA-HQ-OAR-2021-0668-0368/attachment_1.pdf,ok,pdf,4067,"{'n_pages': 2, 'n_pages_with_text': 2}"
EPA-HQ-OAR-2021-0668-0243,https://downloads.regulations.gov/EPA-HQ-OAR-2021-0668-0243/attachment_1.pdf,ok,pdf,9173,"{'n_pages': 5, 'n_pages_with_text': 5}"
EPA-HQ-OAR-2021-0668-0218,https://downloads.regulations.gov/EPA-HQ-OAR-2021-0668-0218/attachment_1.pdf,ok,pdf,3447,"{'n_pages': 3, 'n_pages_with_text': 3}"
EPA-HQ-OAR-2021-0668-0333,https://downloads.regulations.gov/EPA-HQ-OAR-2021-0668-0333/attachment_1.pdf,ok,pdf,68270,"{'n_pages': 29, 'n_pages_with_text': 28}"
EPA-HQ-OLEM-2017-0286-2392,https://downloads.regulations.gov/EPA-HQ-OLEM-2017-0286-2392/attachment_1.pdf,ok,pdf,1034,"{'n_pages': 1, 'n_pages_with_text': 1}"
EPA-HQ-OLEM-2017-0286-1315,https://downloads.regulations.gov/EPA-HQ-OLEM-2017-0286-1315/attachment_1.pdf,ok,pdf,6215,"{'n_pages': 3, 'n_pages_with_text': 3}"
EPA-HQ-OLEM-2017-0286-0532,https://downloads.regulations.gov/EPA-HQ-OLEM-2017-0286-0532/attachment_2.pdf,ok,pdf,16001,"{'n_pages': 6, 'n_pages_with_text': 6}"
EPA-HQ-OLEM-2017-0286-1320,https://downloads.regulations.gov/EPA-HQ-OLEM-2017-0286-1320/attachment_1.pdf,ok,pdf,3370,"{'n_pages': 2, 'n_pages_with_text': 2}"
EPA-HQ-OLEM-2017-0286-1694,https://downloads.regulations.gov/EPA-HQ-OLEM-2017-0286-1694/attachment_1.pdf,ok,pytesseract,7297,method=pytesseract n_pages=5 quality=ok
EPA-HQ-OLEM-2017-0286-0917,https://downloads.regulations.gov/EPA-HQ-OLEM-2017-0286-0917/attachment_1.pdf,ok,pdf,3795,"{'n_pages': 2, 'n_pages_with_text': 2}"
EPA-HQ-OLEM-2017-0286-0927,https://downloads.regulations.gov/EPA-HQ-OLEM-2017-0286-0927/attachment_1.pdf,ok,pdf,9985,"{'n_pages': 4, 'n_pages_with_text': 4}"
EPA-HQ-OLEM-2017-0286-0492,https://downloads.regulations.gov/EPA-HQ-OLEM-2017-0286-0492/attachment_1.pdf,ok,pytesseract,4186,method=pytesseract n_pages=2 quality=ok
EPA-HQ-OLEM-2017-0286-0916,https://downloads.regulations.gov/EPA-HQ-OLEM-2017-0286-0916/attachment_1.pdf,ok,pdf,2267,"{'n_pages': 1, 'n_pages_with_text': 1}"
EPA-HQ-OLEM-2017-0286-1807,https://downloads.regulations.gov/EPA-HQ-OLEM-2017-0286-1807/attachment_1.pdf,ok,pdf,31860,"{'n_pages': 12, 'n_pages_with_text': 12}"
EPA-HQ-OLEM-2017-0286-2029,https://downloads.regulations.gov/EPA-HQ-OLEM-2017-0286-2029/attachment_2.pdf,ok,pytesseract,9546,method=pytesseract n_pages=4 quality=ok
EPA-HQ-OLEM-2017-0286-0923,https://downloads.regulations.gov/EPA-HQ-OLEM-2017-0286-0923/attachment_2.pdf,ok,pytesseract,3428,method=pytesseract n_pages=2 quality=ok
EPA-HQ-OLEM-2017-0286-2225,https://downloads.regulations.gov/EPA-HQ-OLEM-2017-0286-2225/attachment_4.pdf,ok,pdf,2915,"{'n_pages': 1, 'n_pages_with_text': 1}"
EPA-HQ-OLEM-2017-0286-1362,https://downloads.regulations.gov/EPA-HQ-OLEM-2017-0286-1362/attachment_1.pdf,ok,pytesseract,9171,method=pytesseract n_pages=4 quality=ok
EPA-HQ-OLEM-2017-0286-1401,https://downloads.regulations.gov/EPA-HQ-OLEM-2017-0286-1401/attachment_1.pdf,ok,pdf,52209,"{'n_pages': 29, 'n_pages_with_text': 28}"
EPA-HQ-OLEM-2017-0286-1361,https://downloads.regulations.gov/EPA-HQ-OLEM-2017-0286-1361/attachment_1.pdf,ok,pdf,5592,"{'n_pages': 2, 'n_pages_with_text': 2}"
EPA-HQ-OLEM-2017-0286-1407,https://downloads.regulations.gov/EPA-HQ-OLEM-2017-0286-1407/attachment_1.pdf,ok,pdf,40780,"{'n_pages': 21, 'n_pages_with_text': 21}"
EPA-HQ-OLEM-2017-0286-1397,https://downloads.regulations.gov/EPA-HQ-OLEM-2017-0286-1397/attachment_1.pdf,ok,pdf,10580,"{'n_pages': 5, 'n_pages_with_text': 5}"
EPA-HQ-OLEM-2017-0286-0550,https://downloads.regulations.gov/EPA-HQ-OLEM-2017-0286-0550/attachment_2.pdf,ok,pdf,4441,"{'n_pages': 3, 'n_pages_with_text': 3}"
EPA-HQ-OLEM-2017-0286-1907,https://downloads.regulations.gov/EPA-HQ-OLEM-2017-0286-1907/attachment_1.pdf,ok,pdf,49359,"{'n_pages': 36, 'n_pages_with_text': 36}"
EPA-HQ-OLEM-2017-0286-2160,https://downloads.regulations.gov/EPA-HQ-OLEM-2017-0286-2160/attachment_1.pdf,ok,pdf,1539,"{'n_pages': 1, 'n_pages_with_text': 1}"
EPA-HQ-OLEM-2017-0286-2200,https://downloads.regulations.gov/EPA-HQ-OLEM-2017-0286-2200/attachment_1.pdf,ok,pdf,911,"{'n_pages': 1, 'n_pages_with_text': 1}"
EPA-HQ-OLEM-2017-0286-2411,https://downloads.regulations.gov/EPA-HQ-OLEM-2017-0286-2411/attachment_1.pdf,ok,pdf,1161,"{'n_pages': 2, 'n_pages_with_text': 2}"
EPA-HQ-OLEM-2017-0286-1612,https://downloads.regulations.gov/EPA-HQ-OLEM-2017-0286-1612/attachment_1.pdf,ok,pdf,1607,"{'n_pages': 1, 'n_pages_with_text': 1}"
EPA-HQ-OLEM-2017-0286-1543,https://downloads.regulations.gov/EPA-HQ-OLEM-2017-0286-1543/attachment_1.pdf,ok,pdf,1289,"{'n_pages': 1, 'n_pages_with_text': 1}"
EPA-HQ-OLEM-2017-0286-2352,https://downloads.regulations.gov/EPA-HQ-OLEM-2017-0286-2352/attachment_1.pdf,ok,pdf,985,"{'n_pages': 1, 'n_pages_with_text': 1}"
EPA-HQ-OLEM-2017-0286-1541,https://downloads.regulations.gov/EPA-HQ-OLEM-2017-0286-1541/attachment_1.pdf,ok,pdf,847,"{'n_pages': 1, 'n_pages_with_text': 1}"
EPA-HQ-OLEM-2017-0286-1854,https://downloads.regulations.gov/EPA-HQ-OLEM-2017-0286-1854/attachment_1.pdf,ok,pdf,1052,"{'n_pages': 1, 'n_pages_with_text': 1}"
EPA-HQ-OLEM-2017-0286-0559,,no_url_nan,,0,attachment_files was NaN
EPA-HQ-OLEM-2017-0286-1743,https://downloads.regulations.gov/EPA-HQ-OLEM-2017-0286-1743/attachment_1.pdf,ok,pdf,1385,"{'n_pages': 1, 'n_pages_with_text': 1}"
EPA-HQ-OLEM-2017-0286-1568,https://downloads.regulations.gov/EPA-HQ-OLEM-2017-0286-1568/attachment_1.pdf,ok,pdf,753,"{'n_pages': 1, 'n_pages_with_text': 1}"
EPA-HQ-OLEM-2017-0286-2049,https://downloads.regulations.gov/EPA-HQ-OLEM-2017-0286-2049/attachment_1.pdf,ok,pdf,1053,"{'n_pages': 1, 'n_pages_with_text': 1}"
EPA-HQ-OLEM-2017-0286-1582,https://downloads.regulations.gov/EPA-HQ-OLEM-2017-0286-1582/attachment_1.pdf,ok,pdf,1372,"{'n_pages': 1, 'n_pages_with_text': 1}"
EPA-HQ-OLEM-2017-0286-2277,https://downloads.regulations.gov/EPA-HQ-OLEM-2017-0286-2277/attachment_1.pdf,ok,pdf,1039,"{'n_pages': 1, 'n_pages_with_text': 1}"
EPA-HQ-OLEM-2017-0286-2026,https://downloads.regulations.gov/EPA-HQ-OLEM-2017-0286-2026/attachment_1.pdf,ok,pdf,1425,"{'n_pages': 1, 'n_pages_with_text': 1}"
EPA-HQ-OLEM-2017-0286-1121,https://downloads.regulations.gov/EPA-HQ-OLEM-2017-0286-1121/attachment_1.pdf,ok,pdf,1338,"{'n_pages': 1, 'n_pages_with_text': 1}"
EPA-HQ-OLEM-2017-0286-0493,https://downloads.regulations.gov/EPA-HQ-OLEM-2017-0286-0493/attachment_1.pdf,ok,pdf,4326,"{'n_pages': 2, 'n_pages_with_text': 2}"
EPA-HQ-OLEM-2017-0286-1244,https://downloads.regulations.gov/EPA-HQ-OLEM-2017-0286-1244/attachment_1.pdf,ok,pdf,1294,"{'n_pages': 1, 'n_pages_with_text': 1}"
EPA-HQ-OLEM-2017-0286-1608,https://downloads.regulations.gov/EPA-HQ-OLEM-2017-0286-1608/attachment_1.pdf,ok,pdf,1210,"{'n_pages': 1, 'n_pages_with_text': 1}"
EPA-HQ-OLEM-2017-0286-2407,https://downloads.regulations.gov/EPA-HQ-OLEM-2017-0286-2407/attachment_1.pdf,ok,pdf,968,"{'n_pages': 1, 'n_pages_with_text': 1}"
EPA-HQ-OLEM-2017-0286-1106,https://downloads.regulations.gov/EPA-HQ-OLEM-2017-0286-1106/attachment_1.pdf,ok,pdf,1572,"{'n_pages': 1, 'n_pages_with_text': 1}"
EPA-HQ-OLEM-2017-0286-1833,https://downloads.regulations.gov/EPA-HQ-OLEM-2017-0286-1833/attachment_1.pdf,ok,pdf,1388,"{'n_pages': 1, 'n_pages_with_text': 1}"
EPA-HQ-OLEM-2017-0286-1523,https://downloads.regulations.gov/EPA-HQ-OLEM-2017-0286-1523/attachment_1.pdf,ok,pdf,939,"{'n_pages': 1, 'n_pages_with_text': 1}"
EPA-HQ-OLEM-2017-0286-1522,https://downloads.regulations.gov/EPA-HQ-OLEM-2017-0286-1522/attachment_1.pdf,ok,pdf,1519,"{'n_pages': 1, 'n_pages_with_text': 1}"
EPA-HQ-OLEM-2017-0286-2273,https://downloads.regulations.gov/EPA-HQ-OLEM-2017-0286-2273/attachment_1.pdf,ok,pdf,1451,"{'n_pages': 1, 'n_pages_with_text': 1}"
EPA-HQ-OLEM-2017-0286-1838,https://downloads.regulations.gov/EPA-HQ-OLEM-2017-0286-1838/attachment_1.pdf,ok,pdf,1421,"{'n_pages': 1, 'n_pages_with_text': 1}"
EPA-HQ-OLEM-2017-0286-1837,https://downloads.regulations.gov/EPA-HQ-OLEM-2017-0286-1837/attachment_1.pdf,ok,pdf,855,"{'n_pages': 1, 'n_pages_with_text': 1}"
EPA-HQ-OLEM-2017-0286-1519,https://downloads.regulations.gov/EPA-HQ-OLEM-2017-0286-1519/attachment_1.pdf,ok,pdf,2014,"{'n_pages': 1, 'n_pages_with_text': 1}"
EPA-HQ-OLEM-2017-0286-2211,https://downloads.regulations.gov/EPA-HQ-OLEM-2017-0286-2211/attachment_1.pdf,ok,pdf,906,"{'n_pages': 1, 'n_pages_with_text': 1}"
EPA-HQ-OLEM-2017-0286-2223,https://downloads.regulations.gov/EPA-HQ-OLEM-2017-0286-2223/attachment_1.pdf,ok,pdf,951,"{'n_pages': 1, 'n_pages_with_text': 1}"
EPA-HQ-OPA-2006-0090-0041,https://downloads.regulations.gov/EPA-HQ-OPA-2006-0090-0041/attachment_1.pdf,ok,pdf,1653,"{'n_pages': 1, 'n_pages_with_text': 1}"
EPA-HQ-OPA-2006-0090-0064,https://downloads.regulations.gov/EPA-HQ-OPA-2006-0090-0064/attachment_1.pdf,ok,pdf,3022,"{'n_pages': 1, 'n_pages_with_text': 1}"
EPA-HQ-OPA-2006-0090-0086,https://downloads.regulations.gov/EPA-HQ-OPA-2006-0090-0086/attachment_1.pdf,ok,pdf,2082,"{'n_pages': 1, 'n_pages_with_text': 1}"
EPA-HQ-OPA-2006-0090-0099,https://downloads.regulations.gov/EPA-HQ-OPA-2006-0090-0099/attachment_1.pdf,ok,pdf,6191,"{'n_pages': 5, 'n_pages_with_text': 5}"
EPA-HQ-OPA-2006-0090-0125,https://downloads.regulations.gov/EPA-HQ-OPA-2006-0090-0125/attachment_1.pdf,ok,pdf,3508,"{'n_pages': 2, 'n_pages_with_text': 2}"
EPA-HQ-OPA-2006-0090-0266,https://downloads.regulations.gov/EPA-HQ-OPA-2006-0090-0266/attachment_1.pdf,ok,pdf,117538,"{'n_pages': 40, 'n_pages_with_text': 40}"
EPA-HQ-OPA-2006-0090-0340,https://downloads.regulations.gov/EPA-HQ-OPA-2006-0090-0340/attachment_1.pdf,ok,pdf,7764,"{'n_pages': 4, 'n_pages_with_text': 3}"
EPA-HQ-OPA-2006-0090-0391,https://downloads.regulations.gov/EPA-HQ-OPA-2006-0090-0391/attachment_1.pdf,ok,pdf,44694,"{'n_pages': 13, 'n_pages_with_text': 13}"
EPA-HQ-OPA-2006-0090-0399,https://downloads.regulations.gov/EPA-HQ-OPA-2006-0090-0399/attachment_1.pdf,ok,pdf,10439,"{'n_pages': 4, 'n_pages_with_text': 4}"
EPA-HQ-OPA-2006-0090-0422,https://downloads.regulations.gov/EPA-HQ-OPA-2006-0090-0422/attachment_1.pdf,ok,pdf,3609,"{'n_pages': 2, 'n_pages_with_text': 2}"
EPA-HQ-OPA-2006-0090-0424,https://downloads.regulations.gov/EPA-HQ-OPA-2006-0090-0424/attachment_1.pdf,ok,pdf,11354,"{'n_pages': 5, 'n_pages_with_text': 5}"
EPA-HQ-OPA-2006-0090-0457,https://downloads.regulations.gov/EPA-HQ-OPA-2006-0090-0457/attachment_1.pdf,ok,pdf,5305,"{'n_pages': 3, 'n_pages_with_text': 3}"
EPA-HQ-OPA-2006-0090-0481,https://downloads.regulations.gov/EPA-HQ-OPA-2006-0090-0481/attachment_1.pdf,ok,pdf,9116,"{'n_pages': 4, 'n_pages_with_text': 4}"
EPA-HQ-OPA-2006-0090-0509,https://downloads.regulations.gov/EPA-HQ-OPA-2006-0090-0509/attachment_3.pdf,ok,pdf,773100,"{'n_pages': 250, 'n_pages_with_text': 250}"
EPA-HQ-OPA-2006-0090-0512,https://downloads.regulations.gov/EPA-HQ-OPA-2006-0090-0512/attachment_1.pdf,ok,pdf,7562,"{'n_pages': 3, 'n_pages_with_text': 3}"
EPA-HQ-OPA-2006-0090-0514,https://downloads.regulations.gov/EPA-HQ-OPA-2006-0090-0514/attachment_1.pdf,ok,pdf,2535,"{'n_pages': 2, 'n_pages_with_text': 2}"
EPA-HQ-OPA-2006-0090-0520,https://downloads.regulations.gov/EPA-HQ-OPA-2006-0090-0520/attachment_1.pdf,ok,pdf,797408,"{'n_pages': 300, 'n_pages_with_text': 294}"
EPA-HQ-OPA-2006-0090-0584,https://downloads.regulations.gov/EPA-HQ-OPA-2006-0090-0584/attachment_1.pdf,ok,pdf,5198,"{'n_pages': 2, 'n_pages_with_text': 2}"
EPA-HQ-OPA-2006-0090-0586,https://downloads.regulations.gov/EPA-HQ-OPA-2006-0090-0586/attachment_1.pdf,ok,pdf,8017,"{'n_pages': 3, 'n_pages_with_text': 3}"
EPA-HQ-OPA-2006-0090-0590,,no_url_nan,,0,attachment_files was NaN
EPA-HQ-OPA-2006-0090-0597,https://downloads.regulations.gov/EPA-HQ-OPA-2006-0090-0597/attachment_1.pdf,ok,pdf,6402,"{'n_pages': 5, 'n_pages_with_text': 5}"
EPA-HQ-OPA-2006-0090-0600,https://downloads.regulations.gov/EPA-HQ-OPA-2006-0090-0600/attachment_1.pdf,ok,pdf,35566,"{'n_pages': 12, 'n_pages_with_text': 12}"
EPA-HQ-OPA-2006-0090-0603,https://downloads.regulations.gov/EPA-HQ-OPA-2006-0090-0603/attachment_1.pdf,ok,pdf,42309,"{'n_pages': 15, 'n_pages_with_text': 15}"
EPA-HQ-OPA-2006-0090-0605,https://downloads.regulations.gov/EPA-HQ-OPA-2006-0090-0605/attachment_1.pdf,ok,pdf,68302,"{'n_pages': 22, 'n_pages_with_text': 22}"
EPA-HQ-OPA-2006-0090-0606,https://downloads.regulations.gov/EPA-HQ-OPA-2006-0090-0606/attachment_1.pdf,ok,pdf,9270,"{'n_pages': 13, 'n_pages_with_text': 13}"
EPA-HQ-OPA-2006-0090-0607,https://downloads.regulations.gov/EPA-HQ-OPA-2006-0090-0607/attachment_1.pdf,ok,pdf,634305,"{'n_pages': 238, 'n_pages_with_text': 230}"
EPA-HQ-OPA-2006-0090-0608,https://downloads.regulations.gov/EPA-HQ-OPA-2006-0090-0608/attachment_1.pdf,ok,pdf,3479,"{'n_pages': 2, 'n_pages_with_text': 2}"
EPA-HQ-OPA-2006-0090-0609,https://downloads.regulations.gov/EPA-HQ-OPA-2006-0090-0609/attachment_1.pdf,ok,pdf,2946,"{'n_pages': 1, 'n_pages_with_text': 1}"
EPA-HQ-OPA-2006-0090-0611,https://downloads.regulations.gov/EPA-HQ-OPA-2006-0090-0611/attachment_1.pdf,ok,pdf,308907,"{'n_pages': 101, 'n_pages_with_text': 101}"
EPA-HQ-OPA-2006-0090-0612,https://downloads.regulations.gov/EPA-HQ-OPA-2006-0090-0612/attachment_1.pdf,ok,pdf,4627,"{'n_pages': 2, 'n_pages_with_text': 2}"
EPA-HQ-OPP-2011-0184-2479,https://downloads.regulations.gov/EPA-HQ-OPP-2011-0184-2479/attachment_1.pdf,ok,pdf,2013,"{'n_pages': 1, 'n_pages_with_text': 1}"
EPA-HQ-OPP-2011-0184-2293,https://downloads.regulations.gov/EPA-HQ-OPP-2011-0184-2293/attachment_1.pdf,ok,pdf,49122,"{'n_pages': 18, 'n_pages_with_text': 18}"
EPA-HQ-OPP-2011-0184-2466,https://downloads.regulations.gov/EPA-HQ-OPP-2011-0184-2466/attachment_1.pdf,ok,pdf,2469,"{'n_pages': 2, 'n_pages_with_text': 2}"
EPA-HQ-OPP-2011-0184-2265,https://downloads.regulations.gov/EPA-HQ-OPP-2011-0184-2265/attachment_1.pdf,ok,pdf,10993,"{'n_pages': 4, 'n_pages_with_text': 4}"
EPA-HQ-OPP-2011-0184-2250,https://downloads.regulations.gov/EPA-HQ-OPP-2011-0184-2250/attachment_1.pdf,ok,pdf,16271,"{'n_pages': 6, 'n_pages_with_text': 6}"
EPA-HQ-OPP-2011-0184-2255,https://downloads.regulations.gov/EPA-HQ-OPP-2011-0184-2255/attachment_1.pdf,ok,pdf,20787,"{'n_pages': 9, 'n_pages_with_text': 9}"
EPA-HQ-OPP-2011-0184-2292,https://downloads.regulations.gov/EPA-HQ-OPP-2011-0184-2292/attachment_1.pdf,ok,pdf,2488,"{'n_pages': 2, 'n_pages_with_text': 1}"
EPA-HQ-OPP-2011-0184-1844,https://downloads.regulations.gov/EPA-HQ-OPP-2011-0184-1844/attachment_1.pdf,ok,pdf,107034,"{'n_pages': 36, 'n_pages_with_text': 36}"
EPA-HQ-OPP-2011-0184-2230,https://downloads.regulations.gov/EPA-HQ-OPP-2011-0184-2230/attachment_1.pdf,ok,pdf,8752,"{'n_pages': 2, 'n_pages_with_text': 2}"
EPA-HQ-OPP-2011-0184-2464,https://downloads.regulations.gov/EPA-HQ-OPP-2011-0184-2464/attachment_1.pdf,ok,pdf,2586,"{'n_pages': 2, 'n_pages_with_text': 2}"
EPA-HQ-OPP-2011-0184-2403,https://downloads.regulations.gov/EPA-HQ-OPP-2011-0184-2403/attachment_1.pdf,ok,pdf,8895,"{'n_pages': 3, 'n_pages_with_text': 3}"
EPA-HQ-OPP-2011-0184-2476,https://downloads.regulations.gov/EPA-HQ-OPP-2011-0184-2476/attachment_1.pdf,ok,pdf,2775,"{'n_pages': 2, 'n_pages_with_text': 2}"
EPA-HQ-OPP-2011-0184-1831,https://downloads.regulations.gov/EPA-HQ-OPP-2011-0184-1831/attachment_1.pdf,ok,pdf,2804,"{'n_pages': 2, 'n_pages_with_text': 2}"
EPA-HQ-OPP-2011-0184-0178,https://downloads.regulations.gov/EPA-HQ-OPP-2011-0184-0178/attachment_1.pdf,ok,pytesseract,8353,method=pytesseract n_pages=3 quality=ok
EPA-HQ-OPP-2011-0184-2174,https://downloads.regulations.gov/EPA-HQ-OPP-2011-0184-2174/attachment_1.pdf,ok,pdf,2484,"{'n_pages': 2, 'n_pages_with_text': 2}"
EPA-HQ-OPP-2011-0184-1176,https://downloads.regulations.gov/EPA-HQ-OPP-2011-0184-1176/attachment_1.pdf,ok,pdf,4705,"{'n_pages': 2, 'n_pages_with_text': 2}"
EPA-HQ-OPP-2011-0184-2168,https://downloads.regulations.gov/EPA-HQ-OPP-2011-0184-2168/attachment_1.pdf,ok,pdf,2016,"{'n_pages': 1, 'n_pages_with_text': 1}"
EPA-HQ-OPP-2011-0184-2467,https://downloads.regulations.gov/EPA-HQ-OPP-2011-0184-2467/attachment_1.pdf,ok,pdf,2565,"{'n_pages': 2, 'n_pages_with_text': 2}"
EPA-HQ-OPP-2011-0184-2196,https://downloads.regulations.gov/EPA-HQ-OPP-2011-0184-2196/attachment_1.pdf,ok,pdf,3116,"{'n_pages': 1, 'n_pages_with_text': 1}"
EPA-HQ-OPP-2011-0184-2397,https://downloads.regulations.gov/EPA-HQ-OPP-2011-0184-2397/attachment_1.pdf,ok,pdf,16661,"{'n_pages': 5, 'n_pages_with_text': 5}"
EPA-HQ-OPP-2011-0184-0149,https://downloads.regulations.gov/EPA-HQ-OPP-2011-0184-0149/attachment_1.pdf,ok,pdf,8209,"{'n_pages': 3, 'n_pages_with_text': 3}"
EPA-HQ-OPP-2011-0184-0506,https://downloads.regulations.gov/EPA-HQ-OPP-2011-0184-0506/attachment_1.pdf,ok,pdf,8167,"{'n_pages': 3, 'n_pages_with_text': 3}"
EPA-HQ-OPP-2011-0184-1266,https://downloads.regulations.gov/EPA-HQ-OPP-2011-0184-1266/attachment_1.pdf,ok,pdf,33097,"{'n_pages': 12, 'n_pages_with_text': 12}"
EPA-HQ-OPP-2011-0184-1771,https://downloads.regulations.gov/EPA-HQ-OPP-2011-0184-1771/attachment_1.pdf,ok,vision_llm,98,method=vision_llm n_pages=1 model=claude-sonnet-4-5
EPA-HQ-OPP-2011-0184-2297,https://downloads.regulations.gov/EPA-HQ-OPP-2011-0184-2297/attachment_1.pdf,ok,pdf,3741,"{'n_pages': 2, 'n_pages_with_text': 2}"
EPA-HQ-OPP-2011-0184-0500,https://downloads.regulations.gov/EPA-HQ-OPP-2011-0184-0500/attachment_1.docx,ok,docx,5260,{'n_paragraphs': 40}
EPA-HQ-OPP-2011-0184-1755,,no_url_nan,,0,attachment_files was NaN
EPA-HQ-OPP-2011-0184-2509,https://downloads.regulations.gov/EPA-HQ-OPP-2011-0184-2509/attachment_1.pdf,ok,pdf,1017,"{'n_pages': 4, 'n_pages_with_text': 2}"
EPA-HQ-OPP-2011-0184-2459,https://downloads.regulations.gov/EPA-HQ-OPP-2011-0184-2459/attachment_1.pdf,ok,pdf,2540,"{'n_pages': 2, 'n_pages_with_text': 2}"
EPA-HQ-OPP-2011-0184-2442,https://downloads.regulations.gov/EPA-HQ-OPP-2011-0184-2442/attachment_1.pdf,ok,pdf,20528,"{'n_pages': 9, 'n_pages_with_text': 9}"
EPA-HQ-OPP-2011-0184-0166,https://downloads.regulations.gov/EPA-HQ-OPP-2011-0184-0166/attachment_1.pdf,ok,pdf,4150,"{'n_pages': 2, 'n_pages_with_text': 2}"
EPA-HQ-OPP-2011-0184-0208,https://downloads.regulations.gov/EPA-HQ-OPP-2011-0184-0208/attachment_1.pdf,ok,pdf,2739,"{'n_pages': 1, 'n_pages_with_text': 1}"
EPA-HQ-OPP-2011-0184-2161,https://downloads.regulations.gov/EPA-HQ-OPP-2011-0184-2161/attachment_1.pdf,ok,pdf,2741,"{'n_pages': 2, 'n_pages_with_text': 1}"
EPA-HQ-OPP-2011-0184-1780,,no_url_nan,,0,attachment_files was NaN
EPA-HQ-OPP-2011-0184-2303,https://downloads.regulations.gov/EPA-HQ-OPP-2011-0184-2303/attachment_1.pdf,ok,pdf,11006,"{'n_pages': 5, 'n_pages_with_text': 5}"
EPA-HQ-OPP-2011-0184-2176,https://downloads.regulations.gov/EPA-HQ-OPP-2011-0184-2176/attachment_1.pdf,ok,pdf,2063,"{'n_pages': 1, 'n_pages_with_text': 1}"
EPA-HQ-OPP-2011-0184-2370,https://downloads.regulations.gov/EPA-HQ-OPP-2011-0184-2370/attachment_1.pdf,ok,pdf,5628,"{'n_pages': 3, 'n_pages_with_text': 3}"
EPA-HQ-OPP-2011-0184-2505,https://downloads.regulations.gov/EPA-HQ-OPP-2011-0184-2505/attachment_1.pdf,ok,pdf,2141,"{'n_pages': 2, 'n_pages_with_text': 2}"
EPA-HQ-OPP-2011-0184-1826,https://downloads.regulations.gov/EPA-HQ-OPP-2011-0184-1826/attachment_1.pdf,ok,pdf,2514,"{'n_pages': 1, 'n_pages_with_text': 1}"
EPA-HQ-OPP-2011-0184-2037,https://downloads.regulations.gov/EPA-HQ-OPP-2011-0184-2037/attachment_1.pdf,ok,pdf,1916,"{'n_pages': 1, 'n_pages_with_text': 1}"
EPA-HQ-OPP-2011-0184-2173,,no_url_nan,,0,attachment_files was NaN
EPA-HQ-OPP-2011-0184-2190,,no_url_nan,,0,attachment_files was NaN
EPA-HQ-OPP-2011-0184-2368,https://downloads.regulations.gov/EPA-HQ-OPP-2011-0184-2368/attachment_1.pdf,ok,pdf,5006,"{'n_pages': 2, 'n_pages_with_text': 2}"
EPA-HQ-OPP-2011-0184-2461,https://downloads.regulations.gov/EPA-HQ-OPP-2011-0184-2461/attachment_1.pdf,ok,pdf,2392,"{'n_pages': 2, 'n_pages_with_text': 2}"
EPA-HQ-OPP-2011-0184-2219,https://downloads.regulations.gov/EPA-HQ-OPP-2011-0184-2219/attachment_1.pdf,ok,pdf,22280,"{'n_pages': 8, 'n_pages_with_text': 8}"
EPA-HQ-OPP-2011-0184-2275,https://downloads.regulations.gov/EPA-HQ-OPP-2011-0184-2275/attachment_1.pdf,ok,pdf,1968,"{'n_pages': 1, 'n_pages_with_text': 1}"
EPA-HQ-OPP-2011-0184-1841,https://downloads.regulations.gov/EPA-HQ-OPP-2011-0184-1841/attachment_1.pdf,ok,pdf,2876,"{'n_pages': 2, 'n_pages_with_text': 2}"
EPA-HQ-OPP-2011-0184-1823,https://downloads.regulations.gov/EPA-HQ-OPP-2011-0184-1823/attachment_1.pdf,ok,pdf,3562,"{'n_pages': 2, 'n_pages_with_text': 2}"
EPA-HQ-OPP-2011-0184-2236,https://downloads.regulations.gov/EPA-HQ-OPP-2011-0184-2236/attachment_1.pdf,ok,pdf,4627,"{'n_pages': 2, 'n_pages_with_text': 2}"
EPA-HQ-OPP-2011-0184-1897,https://downloads.regulations.gov/EPA-HQ-OPP-2011-0184-1897/attachment_1.pdf,ok,pdf,2010,"{'n_pages': 1, 'n_pages_with_text': 1}"
EPA-HQ-OPPT-2018-0159-0437,https://downloads.regulations.gov/EPA-HQ-OPPT-2018-0159-0437/attachment_1.pdf,ok,pdf,4740,"{'n_pages': 2, 'n_pages_with_text': 2}"
EPA-HQ-OPPT-2018-0159-4020,https://downloads.regulations.gov/EPA-HQ-OPPT-2018-0159-4020/attachment_1.pdf,ok,pdf,4393,"{'n_pages': 2, 'n_pages_with_text': 2}"
EPA-HQ-OPPT-2018-0159-4067,https://downloads.regulations.gov/EPA-HQ-OPPT-2018-0159-4067/attachment_1.pdf,ok,pdf,3790,"{'n_pages': 2, 'n_pages_with_text': 2}"
EPA-HQ-OPPT-2018-0159-5101,https://downloads.regulations.gov/EPA-HQ-OPPT-2018-0159-5101/attachment_1.pdf,ok,pdf,3774,"{'n_pages': 2, 'n_pages_with_text': 2}"
EPA-HQ-OPPT-2018-0159-5438,https://downloads.regulations.gov/EPA-HQ-OPPT-2018-0159-5438/attachment_1.pdf,ok,pdf,4905,"{'n_pages': 2, 'n_pages_with_text': 2}"
EPA-HQ-OPPT-2018-0159-5773,https://downloads.regulations.gov/EPA-HQ-OPPT-2018-0159-5773/attachment_1.pdf,ok,pdf,2081,"{'n_pages': 1, 'n_pages_with_text': 1}"
EPA-HQ-OPPT-2018-0159-5851,https://downloads.regulations.gov/EPA-HQ-OPPT-2018-0159-5851/attachment_1.pdf,ok,pdf,4084,"{'n_pages': 2, 'n_pages_with_text': 2}"
EPA-HQ-OPPT-2018-0159-5852,https://downloads.regulations.gov/EPA-HQ-OPPT-2018-0159-5852/attachment_1.pdf,ok,pdf,4084,"{'n_pages': 2, 'n_pages_with_text': 2}"
EPA-HQ-OPPT-2018-0159-5882,https://downloads.regulations.gov/EPA-HQ-OPPT-2018-0159-5882/attachment_1.pdf,ok,pdf,5217,"{'n_pages': 2, 'n_pages_with_text': 2}"
EPA-HQ-OPPT-2018-0159-5887,https://downloads.regulations.gov/EPA-HQ-OPPT-2018-0159-5887/attachment_1.pdf,ok,pdf,3944,"{'n_pages': 2, 'n_pages_with_text': 2}"
EPA-HQ-OPPT-2018-0159-5888,https://downloads.regulations.gov/EPA-HQ-OPPT-2018-0159-5888/attachment_1.pdf,ok,pdf,5986,"{'n_pages': 4, 'n_pages_with_text': 4}"
EPA-HQ-OPPT-2018-0159-5889,https://downloads.regulations.gov/EPA-HQ-OPPT-2018-0159-5889/attachment_1.pdf,ok,pdf,4211,"{'n_pages': 2, 'n_pages_with_text': 2}"
EPA-HQ-OPPT-2018-0159-5891,https://downloads.regulations.gov/EPA-HQ-OPPT-2018-0159-5891/attachment_1.pdf,ok,pdf,1801,"{'n_pages': 1, 'n_pages_with_text': 1}"
EPA-HQ-OPPT-2018-0159-5751,https://downloads.regulations.gov/EPA-HQ-OPPT-2018-0159-5751/attachment_1.pdf,ok,pdf,2092,"{'n_pages': 1, 'n_pages_with_text': 1}"
EPA-HQ-OPPT-2018-0159-0008,https://downloads.regulations.gov/EPA-HQ-OPPT-2018-0159-0008/attachment_1.pdf,ok,pdf,853,"{'n_pages': 1, 'n_pages_with_text': 1}"
EPA-HQ-OPPT-2018-0159-5119,,no_url_nan,,0,attachment_files was NaN
EPA-HQ-OPPT-2018-0159-4030,https://downloads.regulations.gov/EPA-HQ-OPPT-2018-0159-4030/attachment_1.pdf,extract_fail:,pdf,0,"{'n_pages': 1, 'n_pages_with_text': 0}"
EPA-HQ-OPPT-2018-0159-4494,,no_url_nan,,0,attachment_files was NaN
EPA-HQ-OPPT-2018-0159-5893,https://downloads.regulations.gov/EPA-HQ-OPPT-2018-0159-5893/attachment_1.pdf,ok,pdf,7128,"{'n_pages': 5, 'n_pages_with_text': 5}"
EPA-HQ-OPPT-2018-0159-5864,https://downloads.regulations.gov/EPA-HQ-OPPT-2018-0159-5864/attachment_1.pdf,ok,pdf,798,"{'n_pages': 1, 'n_pages_with_text': 1}"
EPA-HQ-OPPT-2018-0159-2468,,no_url_nan,,0,attachment_files was NaN
EPA-HQ-OPPT-2018-0159-0442,https://downloads.regulations.gov/EPA-HQ-OPPT-2018-0159-0442/attachment_1.pdf,ok,pdf,9330,"{'n_pages': 4, 'n_pages_with_text': 4}"
EPA-HQ-OPPT-2018-0159-0472,https://downloads.regulations.gov/EPA-HQ-OPPT-2018-0159-0472/attachment_1.pdf,extract_fail:,pdf,0,"{'n_pages': 1, 'n_pages_with_text': 0}"
EPA-HQ-OPPT-2018-0159-5164,https://downloads.regulations.gov/EPA-HQ-OPPT-2018-0159-5164/attachment_1.pdf,ok,pdf,359,"{'n_pages': 1, 'n_pages_with_text': 1}"
EPA-HQ-OPPT-2018-0159-3114,,no_url_nan,,0,attachment_files was NaN
EPA-HQ-OPPT-2018-0159-1781,https://downloads.regulations.gov/EPA-HQ-OPPT-2018-0159-1781/attachment_1.pdf,ok,pdf,1060,"{'n_pages': 1, 'n_pages_with_text': 1}"
EPA-HQ-OPPT-2018-0159-4699,,no_url_nan,,0,attachment_files was NaN
EPA-HQ-OPPT-2018-0159-5890,https://downloads.regulations.gov/EPA-HQ-OPPT-2018-0159-5890/attachment_1.pdf,ok,pdf,409,"{'n_pages': 2, 'n_pages_with_text': 2}"
EPA-HQ-OPPT-2018-0159-1585,,no_url_nan,,0,attachment_files was NaN
EPA-HQ-OPPT-2018-0159-1809,,no_url_nan,,0,attachment_files was NaN
EPA-HQ-OPPT-2018-0159-5892,https://downloads.regulations.gov/EPA-HQ-OPPT-2018-0159-5892/attachment_1.pdf,ok,pdf,4126,"{'n_pages': 3, 'n_pages_with_text': 3}"
EPA-HQ-OPPT-2018-0159-0024,https://downloads.regulations.gov/EPA-HQ-OPPT-2018-0159-0024/attachment_1.pdf,ok,pdf,2001,"{'n_pages': 2, 'n_pages_with_text': 2}"
EPA-HQ-OPPT-2018-0159-5886,https://downloads.regulations.gov/EPA-HQ-OPPT-2018-0159-5886/attachment_1.pdf,ok,pdf,15898,"{'n_pages': 5, 'n_pages_with_text': 5}"
EPA-HQ-OPPT-2018-0159-5875,https://downloads.regulations.gov/EPA-HQ-OPPT-2018-0159-5875/attachment_1.pdf,ok,pdf,581137,"{'n_pages': 538, 'n_pages_with_text': 538}"
EPA-HQ-OPPT-2018-0159-5896,https://downloads.regulations.gov/EPA-HQ-OPPT-2018-0159-5896/attachment_1.pdf,ok,pdf,9381,"{'n_pages': 6, 'n_pages_with_text': 6}"
EPA-HQ-OPPT-2018-0159-0471,https://downloads.regulations.gov/EPA-HQ-OPPT-2018-0159-0471/attachment_1.pdf,ok,pdf,269,"{'n_pages': 1, 'n_pages_with_text': 1}"
EPA-HQ-OPPT-2018-0159-2276,,no_url_nan,,0,attachment_files was NaN
EPA-HQ-OPPT-2018-0159-3354,,no_url_nan,,0,attachment_files was NaN
EPA-HQ-OPPT-2018-0159-5855,,no_url_nan,,0,attachment_files was NaN
EPA-HQ-OPPT-2018-0159-2134,,no_url_nan,,0,attachment_files was NaN
EPA-HQ-OPPT-2018-0159-5895,https://downloads.regulations.gov/EPA-HQ-OPPT-2018-0159-5895/attachment_1.pdf,ok,pdf,1783,"{'n_pages': 2, 'n_pages_with_text': 2}"
EPA-HQ-OPPT-2018-0159-4068,https://downloads.regulations.gov/EPA-HQ-OPPT-2018-0159-4068/attachment_3.pdf,ok,pdf,3404,"{'n_pages': 2, 'n_pages_with_text': 2}"
EPA-HQ-OPPT-2018-0159-5885,,no_url_nan,,0,attachment_files was NaN
EPA-HQ-OPPT-2018-0159-1407,,no_url_nan,,0,attachment_files was NaN
EPA-HQ-OPPT-2018-0159-2130,,no_url_nan,,0,attachment_files was NaN
EPA-HQ-OPPT-2018-0159-5523,,no_url_nan,,0,attachment_files was NaN
EPA-HQ-OPPT-2018-0159-0464,,no_url_nan,,0,attachment_files was NaN
EPA-HQ-OPPT-2018-0159-5894,https://downloads.regulations.gov/EPA-HQ-OPPT-2018-0159-5894/attachment_1.pdf,ok,pdf,1223,"{'n_pages': 2, 'n_pages_with_text': 2}"
EPA-HQ-OPPT-2018-0159-1717,,no_url_nan,,0,attachment_files was NaN
EPA-HQ-OPPT-2018-0159-3401,,no_url_nan,,0,attachment_files was NaN
EPA-HQ-OW-2008-0667-2141,https://downloads.regulations.gov/EPA-HQ-OW-2008-0667-2141/attachment_1.pdf,ok,pytesseract,3984,method=pytesseract n_pages=2 quality=ok
EPA-HQ-OW-2008-0667-2297,https://downloads.regulations.gov/EPA-HQ-OW-2008-0667-2297/attachment_1.pdf,ok,pdf,674,"{'n_pages': 1, 'n_pages_with_text': 1}"
EPA-HQ-OW-2008-0667-1599,https://downloads.regulations.gov/EPA-HQ-OW-2008-0667-1599/attachment_2.pdf,ok,pdf,3382,"{'n_pages': 2, 'n_pages_with_text': 2}"
EPA-HQ-OW-2008-0667-2132,https://downloads.regulations.gov/EPA-HQ-OW-2008-0667-2132/attachment_1.pdf,ok,pytesseract,4542,method=pytesseract n_pages=2 quality=ok
EPA-HQ-OW-2008-0667-3160,https://downloads.regulations.gov/EPA-HQ-OW-2008-0667-3160/attachment_2.pdf,ok,pdf,10134,"{'n_pages': 4, 'n_pages_with_text': 4}"
EPA-HQ-OW-2008-0667-2281,https://downloads.regulations.gov/EPA-HQ-OW-2008-0667-2281/attachment_2.pdf,ok,pytesseract,7018,method=pytesseract n_pages=2 quality=ok
EPA-HQ-OW-2008-0667-2233,https://downloads.regulations.gov/EPA-HQ-OW-2008-0667-2233/attachment_1.pdf,ok,pdf,6637,"{'n_pages': 3, 'n_pages_with_text': 2}"
EPA-HQ-OW-2008-0667-2541,https://downloads.regulations.gov/EPA-HQ-OW-2008-0667-2541/attachment_1.pdf,ok,pytesseract,1909,method=pytesseract n_pages=1 quality=ok
EPA-HQ-OW-2008-0667-2916,https://downloads.regulations.gov/EPA-HQ-OW-2008-0667-2916/attachment_1.pdf,ok,pdf,12871,"{'n_pages': 5, 'n_pages_with_text': 5}"
EPA-HQ-OW-2008-0667-2173,https://downloads.regulations.gov/EPA-HQ-OW-2008-0667-2173/attachment_2.pdf,ok,pytesseract,32294,method=pytesseract n_pages=11 quality=ok
EPA-HQ-OW-2008-0667-2347,https://downloads.regulations.gov/EPA-HQ-OW-2008-0667-2347/attachment_2.pdf,ok,pdf,3621,"{'n_pages': 31, 'n_pages_with_text': 2}"
EPA-HQ-OW-2008-0667-1689,https://downloads.regulations.gov/EPA-HQ-OW-2008-0667-1689/attachment_1.pdf,ok,pytesseract,6246,method=pytesseract n_pages=3 quality=ok
EPA-HQ-OW-2008-0667-2176,https://downloads.regulations.gov/EPA-HQ-OW-2008-0667-2176/attachment_2.pdf,ok,pytesseract,11098,method=pytesseract n_pages=4 quality=ok
EPA-HQ-OW-2008-0667-2222,https://downloads.regulations.gov/EPA-HQ-OW-2008-0667-2222/attachment_1.pdf,ok,pdf,5284,"{'n_pages': 2, 'n_pages_with_text': 2}"
EPA-HQ-OW-2008-0667-2207,https://downloads.regulations.gov/EPA-HQ-OW-2008-0667-2207/attachment_1.pdf,ok,pdf,89243,"{'n_pages': 45, 'n_pages_with_text': 45}"
EPA-HQ-OW-2008-0667-2081,https://downloads.regulations.gov/EPA-HQ-OW-2008-0667-2081/attachment_1.pdf,ok,pdf,4963,"{'n_pages': 2, 'n_pages_with_text': 2}"
EPA-HQ-OW-2008-0667-2971,https://downloads.regulations.gov/EPA-HQ-OW-2008-0667-2971/attachment_1.pdf,ok,pytesseract,20614,method=pytesseract n_pages=9 quality=ok
EPA-HQ-OW-2008-0667-2393,https://downloads.regulations.gov/EPA-HQ-OW-2008-0667-2393/attachment_2.pdf,ok,pytesseract,21229,method=pytesseract n_pages=10 quality=ok
EPA-HQ-OW-2008-0667-2168,https://downloads.regulations.gov/EPA-HQ-OW-2008-0667-2168/attachment_2.pdf,ok,pdf,5602,"{'n_pages': 2, 'n_pages_with_text': 2}"
EPA-HQ-OW-2008-0667-2118,https://downloads.regulations.gov/EPA-HQ-OW-2008-0667-2118/attachment_1.pdf,ok,pdf,24210,"{'n_pages': 11, 'n_pages_with_text': 11}"
EPA-HQ-OW-2008-0667-2422,https://downloads.regulations.gov/EPA-HQ-OW-2008-0667-2422/attachment_1.pdf,ok,pdf,1129,"{'n_pages': 1, 'n_pages_with_text': 1}"
EPA-HQ-OW-2008-0667-2953,https://downloads.regulations.gov/EPA-HQ-OW-2008-0667-2953/attachment_1.pdf,ok,pytesseract,14184,method=pytesseract n_pages=6 quality=ok
EPA-HQ-OW-2008-0667-1955,https://downloads.regulations.gov/EPA-HQ-OW-2008-0667-1955/attachment_1.pdf,ok,pdf,1407,"{'n_pages': 1, 'n_pages_with_text': 1}"
EPA-HQ-OW-2008-0667-2307,https://downloads.regulations.gov/EPA-HQ-OW-2008-0667-2307/attachment_1.pdf,ok,pdf,1223,"{'n_pages': 1, 'n_pages_with_text': 1}"
EPA-HQ-OW-2008-0667-2018,https://downloads.regulations.gov/EPA-HQ-OW-2008-0667-2018/attachment_1.pdf,ok,pdf,1357,"{'n_pages': 1, 'n_pages_with_text': 1}"
EPA-HQ-OW-2008-0667-1760,https://downloads.regulations.gov/EPA-HQ-OW-2008-0667-1760/attachment_1.pdf,ok,pdf,1470,"{'n_pages': 1, 'n_pages_with_text': 1}"
EPA-HQ-OW-2008-0667-1614,https://downloads.regulations.gov/EPA-HQ-OW-2008-0667-1614/attachment_1.pdf,ok,pdf,1912,"{'n_pages': 1, 'n_pages_with_text': 1}"
EPA-HQ-OW-2008-0667-2083,https://downloads.regulations.gov/EPA-HQ-OW-2008-0667-2083/attachment_1.pdf,ok,pdf,766,"{'n_pages': 1, 'n_pages_with_text': 1}"
EPA-HQ-OW-2008-0667-3105,https://downloads.regulations.gov/EPA-HQ-OW-2008-0667-3105/attachment_1.pdf,ok,pdf,448,"{'n_pages': 1, 'n_pages_with_text': 1}"
EPA-HQ-OW-2008-0667-1665,https://downloads.regulations.gov/EPA-HQ-OW-2008-0667-1665/attachment_1.pdf,ok,pdf,3259,"{'n_pages': 2, 'n_pages_with_text': 2}"
EPA-HQ-OW-2008-0667-3074,https://downloads.regulations.gov/EPA-HQ-OW-2008-0667-3074/attachment_1.pdf,ok,pdf,974,"{'n_pages': 1, 'n_pages_with_text': 1}"
EPA-HQ-OW-2008-0667-2092,https://downloads.regulations.gov/EPA-HQ-OW-2008-0667-2092/attachment_1.pdf,ok,pdf,1393,"{'n_pages': 1, 'n_pages_with_text': 1}"
EPA-HQ-OW-2008-0667-2286,https://downloads.regulations.gov/EPA-HQ-OW-2008-0667-2286/attachment_2.pdf,ok,pdf,39335,"{'n_pages': 12, 'n_pages_with_text': 12}"
EPA-HQ-OW-2008-0667-3085,https://downloads.regulations.gov/EPA-HQ-OW-2008-0667-3085/attachment_1.pdf,ok,pdf,837,"{'n_pages': 1, 'n_pages_with_text': 1}"
EPA-HQ-OW-2008-0667-2528,https://downloads.regulations.gov/EPA-HQ-OW-2008-0667-2528/attachment_1.pdf,ok,pdf,1931,"{'n_pages': 1, 'n_pages_with_text': 1}"
EPA-HQ-OW-2008-0667-1537,https://downloads.regulations.gov/EPA-HQ-OW-2008-0667-1537/attachment_1.pdf,ok,pdf,1195,"{'n_pages': 1, 'n_pages_with_text': 1}"
EPA-HQ-OW-2008-0667-1773,https://downloads.regulations.gov/EPA-HQ-OW-2008-0667-1773/attachment_1.pdf,ok,pdf,1128,"{'n_pages': 1, 'n_pages_with_text': 1}"
EPA-HQ-OW-2008-0667-1587,https://downloads.regulations.gov/EPA-HQ-OW-2008-0667-1587/attachment_1.pdf,ok,pdf,816,"{'n_pages': 1, 'n_pages_with_text': 1}"
EPA-HQ-OW-2008-0667-2446,https://downloads.regulations.gov/EPA-HQ-OW-2008-0667-2446/attachment_1.pdf,ok,pdf,793,"{'n_pages': 1, 'n_pages_with_text': 1}"
EPA-HQ-OW-2008-0667-2030,https://downloads.regulations.gov/EPA-HQ-OW-2008-0667-2030/attachment_1.pdf,ok,pdf,1499,"{'n_pages': 1, 'n_pages_with_text': 1}"
EPA-HQ-OW-2008-0667-2577,https://downloads.regulations.gov/EPA-HQ-OW-2008-0667-2577/attachment_1.pdf,ok,pdf,803,"{'n_pages': 1, 'n_pages_with_text': 1}"
EPA-HQ-OW-2008-0667-2576,https://downloads.regulations.gov/EPA-HQ-OW-2008-0667-2576/attachment_1.pdf,ok,pdf,1328,"{'n_pages': 1, 'n_pages_with_text': 1}"
EPA-HQ-OW-2008-0667-2585,https://downloads.regulations.gov/EPA-HQ-OW-2008-0667-2585/attachment_1.pdf,ok,pdf,2465,"{'n_pages': 2, 'n_pages_with_text': 2}"
EPA-HQ-OW-2008-0667-2562,https://downloads.regulations.gov/EPA-HQ-OW-2008-0667-2562/attachment_1.pdf,ok,pdf,1539,"{'n_pages': 1, 'n_pages_with_text': 1}"
EPA-HQ-OW-2008-0667-2574,https://downloads.regulations.gov/EPA-HQ-OW-2008-0667-2574/attachment_1.pdf,ok,pytesseract,5988,method=pytesseract n_pages=2 quality=ok
EPA-HQ-OW-2008-0667-2555,https://downloads.regulations.gov/EPA-HQ-OW-2008-0667-2555/attachment_1.pdf,ok,pdf,3055,"{'n_pages': 2, 'n_pages_with_text': 2}"
EPA-HQ-OW-2008-0667-3102,https://downloads.regulations.gov/EPA-HQ-OW-2008-0667-3102/attachment_1.pdf,ok,pdf,1533,"{'n_pages': 1, 'n_pages_with_text': 1}"
EPA-HQ-OW-2008-0667-1288,https://downloads.regulations.gov/EPA-HQ-OW-2008-0667-1288/attachment_1.pdf,ok,pdf,509,"{'n_pages': 1, 'n_pages_with_text': 1}"
EPA-HQ-OW-2008-0667-2580,https://downloads.regulations.gov/EPA-HQ-OW-2008-0667-2580/attachment_1.pdf,ok,pdf,2375,"{'n_pages': 1, 'n_pages_with_text': 1}"
EPA-HQ-OW-2008-0667-2559,https://downloads.regulations.gov/EPA-HQ-OW-2008-0667-2559/attachment_1.pdf,ok,pdf,1189,"{'n_pages': 1, 'n_pages_with_text': 1}"
EPA-HQ-OW-2009-0596-2837,https://downloads.regulations.gov/EPA-HQ-OW-2009-0596-2837/attachment_1.pdf,ok,pdf,3393,"{'n_pages': 2, 'n_pages_with_text': 2}"
EPA-HQ-OW-2009-0596-0897,https://downloads.regulations.gov/EPA-HQ-OW-2009-0596-0897/attachment_1.pdf,ok,pdf,21782,"{'n_pages': 8, 'n_pages_with_text': 8}"
EPA-HQ-OW-2009-0596-1834,https://downloads.regulations.gov/EPA-HQ-OW-2009-0596-1834/attachment_5.pdf,ok,pytesseract,81980,method=pytesseract n_pages=36 quality=ok
EPA-HQ-OW-2009-0596-1874,https://downloads.regulations.gov/EPA-HQ-OW-2009-0596-1874/attachment_1.pdf,ok,pdf,2454,"{'n_pages': 1, 'n_pages_with_text': 1}"
EPA-HQ-OW-2009-0596-1257,https://downloads.regulations.gov/EPA-HQ-OW-2009-0596-1257/attachment_1.pdf,ok,pdf,4846,"{'n_pages': 3, 'n_pages_with_text': 3}"
EPA-HQ-OW-2009-0596-2455,https://downloads.regulations.gov/EPA-HQ-OW-2009-0596-2455/attachment_1.pdf,ok,pytesseract,4283,method=pytesseract n_pages=2 quality=ok
EPA-HQ-OW-2009-0596-2975,https://downloads.regulations.gov/EPA-HQ-OW-2009-0596-2975/attachment_1.pdf,ok,pdf,4590,"{'n_pages': 2, 'n_pages_with_text': 2}"
EPA-HQ-OW-2009-0596-0991,https://downloads.regulations.gov/EPA-HQ-OW-2009-0596-0991/attachment_1.pdf,ok,pdf,104,"{'n_pages': 1, 'n_pages_with_text': 1}"
EPA-HQ-OW-2009-0596-2381,https://downloads.regulations.gov/EPA-HQ-OW-2009-0596-2381/attachment_1.pdf,ok,pdf,1715,"{'n_pages': 1, 'n_pages_with_text': 1}"
EPA-HQ-OW-2009-0596-0599,https://downloads.regulations.gov/EPA-HQ-OW-2009-0596-0599/attachment_2.pdf,ok,pdf,5241,"{'n_pages': 3, 'n_pages_with_text': 3}"
EPA-HQ-OW-2009-0596-1369,https://downloads.regulations.gov/EPA-HQ-OW-2009-0596-1369/attachment_1.pdf,ok,pdf,3183,"{'n_pages': 2, 'n_pages_with_text': 2}"
EPA-HQ-OW-2009-0596-1565,https://downloads.regulations.gov/EPA-HQ-OW-2009-0596-1565/attachment_2.pdf,ok,pytesseract,6159,method=pytesseract n_pages=3 quality=ok
EPA-HQ-OW-2009-0596-1748,https://downloads.regulations.gov/EPA-HQ-OW-2009-0596-1748/attachment_2.pdf,ok,pytesseract,6739,method=pytesseract n_pages=3 quality=ok
EPA-HQ-OW-2009-0596-0978,https://downloads.regulations.gov/EPA-HQ-OW-2009-0596-0978/attachment_1.pdf,ok,pytesseract,4151,method=pytesseract n_pages=2 quality=ok
EPA-HQ-OW-2009-0596-1476,https://downloads.regulations.gov/EPA-HQ-OW-2009-0596-1476/attachment_5.pdf,ok,pdf,10072,"{'n_pages': 6, 'n_pages_with_text': 6}"
EPA-HQ-OW-2009-0596-1172,https://downloads.regulations.gov/EPA-HQ-OW-2009-0596-1172/attachment_1.pdf,ok,pdf,1517,"{'n_pages': 1, 'n_pages_with_text': 1}"
EPA-HQ-OW-2009-0596-0491,https://downloads.regulations.gov/EPA-HQ-OW-2009-0596-0491/attachment_2.pdf,ok,pdf,22456,"{'n_pages': 9, 'n_pages_with_text': 9}"
EPA-HQ-OW-2009-0596-1217,https://downloads.regulations.gov/EPA-HQ-OW-2009-0596-1217/attachment_13.pdf,ok,pytesseract,9333,method=pytesseract n_pages=8 quality=ok
EPA-HQ-OW-2009-0596-1057,https://downloads.regulations.gov/EPA-HQ-OW-2009-0596-1057/attachment_1.pdf,ok,pdf,2620,"{'n_pages': 2, 'n_pages_with_text': 2}"
EPA-HQ-OW-2009-0596-1444,https://downloads.regulations.gov/EPA-HQ-OW-2009-0596-1444/attachment_1.pdf,ok,pdf,12546,"{'n_pages': 6, 'n_pages_with_text': 6}"
EPA-HQ-OW-2009-0596-2278,https://downloads.regulations.gov/EPA-HQ-OW-2009-0596-2278/attachment_1.pdf,ok,pdf,2421,"{'n_pages': 2, 'n_pages_with_text': 2}"
EPA-HQ-OW-2009-0596-1106,https://downloads.regulations.gov/EPA-HQ-OW-2009-0596-1106/attachment_1.pdf,ok,pdf,3210,"{'n_pages': 2, 'n_pages_with_text': 2}"
EPA-HQ-OW-2009-0596-1049,https://downloads.regulations.gov/EPA-HQ-OW-2009-0596-1049/attachment_1.pdf,ok,pdf,3992,"{'n_pages': 2, 'n_pages_with_text': 2}"
EPA-HQ-OW-2009-0596-2318,https://downloads.regulations.gov/EPA-HQ-OW-2009-0596-2318/attachment_1.pdf,ok,pdf,2493,"{'n_pages': 2, 'n_pages_with_text': 2}"
EPA-HQ-OW-2009-0596-2206,https://downloads.regulations.gov/EPA-HQ-OW-2009-0596-2206/attachment_1.pdf,ok,pdf,2421,"{'n_pages': 2, 'n_pages_with_text': 2}"
EPA-HQ-OW-2009-0596-2248,https://downloads.regulations.gov/EPA-HQ-OW-2009-0596-2248/attachment_1.pdf,ok,pdf,1625,"{'n_pages': 1, 'n_pages_with_text': 1}"
EPA-HQ-OW-2009-0596-1261,https://downloads.regulations.gov/EPA-HQ-OW-2009-0596-1261/attachment_1.pdf,ok,pytesseract,52724,method=pytesseract n_pages=20 quality=ok
EPA-HQ-OW-2009-0596-0911,https://downloads.regulations.gov/EPA-HQ-OW-2009-0596-0911/attachment_4.pdf,ok,pdf,928,"{'n_pages': 1, 'n_pages_with_text': 1}"
EPA-HQ-OW-2009-0596-1276,https://downloads.regulations.gov/EPA-HQ-OW-2009-0596-1276/attachment_1.pdf,ok,pdf,2089,"{'n_pages': 1, 'n_pages_with_text': 1}"
EPA-HQ-OW-2009-0596-3024,https://downloads.regulations.gov/EPA-HQ-OW-2009-0596-3024/attachment_1.pdf,ok,pytesseract,531,method=pytesseract n_pages=1 quality=ok
EPA-HQ-OW-2009-0596-1170,https://downloads.regulations.gov/EPA-HQ-OW-2009-0596-1170/attachment_1.pdf,ok,pdf,1080,"{'n_pages': 1, 'n_pages_with_text': 1}"
EPA-HQ-OW-2009-0596-1956,https://downloads.regulations.gov/EPA-HQ-OW-2009-0596-1956/attachment_1.pdf,ok,pdf,2624,"{'n_pages': 2, 'n_pages_with_text': 2}"
EPA-HQ-OW-2009-0596-2347,https://downloads.regulations.gov/EPA-HQ-OW-2009-0596-2347/attachment_1.pdf,ok,pdf,1671,"{'n_pages': 1, 'n_pages_with_text': 1}"
EPA-HQ-OW-2009-0596-2090,https://downloads.regulations.gov/EPA-HQ-OW-2009-0596-2090/attachment_1.pdf,ok,pdf,2546,"{'n_pages': 2, 'n_pages_with_text': 2}"
EPA-HQ-OW-2009-0596-3027,https://downloads.regulations.gov/EPA-HQ-OW-2009-0596-3027/attachment_1.pdf,ok,pytesseract,1781,method=pytesseract n_pages=2 quality=ok
EPA-HQ-OW-2009-0596-3081,https://downloads.regulations.gov/EPA-HQ-OW-2009-0596-3081/attachment_6.pdf,ok,pdf,38544,"{'n_pages': 16, 'n_pages_with_text': 16}"
EPA-HQ-OW-2009-0596-2191,https://downloads.regulations.gov/EPA-HQ-OW-2009-0596-2191/attachment_1.pdf,ok,pdf,2443,"{'n_pages': 2, 'n_pages_with_text': 2}"
EPA-HQ-OW-2009-0596-2235,https://downloads.regulations.gov/EPA-HQ-OW-2009-0596-2235/attachment_1.pdf,ok,pdf,2664,"{'n_pages': 2, 'n_pages_with_text': 2}"
EPA-HQ-OW-2009-0596-2110,https://downloads.regulations.gov/EPA-HQ-OW-2009-0596-2110/attachment_1.pdf,ok,pdf,2343,"{'n_pages': 2, 'n_pages_with_text': 2}"
EPA-HQ-OW-2009-0596-1792,https://downloads.regulations.gov/EPA-HQ-OW-2009-0596-1792/attachment_2.pdf,ok,pdf,5820,"{'n_pages': 3, 'n_pages_with_text': 3}"
EPA-HQ-OW-2009-0596-2078,https://downloads.regulations.gov/EPA-HQ-OW-2009-0596-2078/attachment_1.pdf,ok,pdf,2390,"{'n_pages': 2, 'n_pages_with_text': 2}"
EPA-HQ-OW-2009-0596-2068,https://downloads.regulations.gov/EPA-HQ-OW-2009-0596-2068/attachment_1.pdf,ok,pdf,2361,"{'n_pages': 2, 'n_pages_with_text': 2}"
EPA-HQ-OW-2009-0596-2510,https://downloads.regulations.gov/EPA-HQ-OW-2009-0596-2510/attachment_1.pdf,ok,pdf,5053,"{'n_pages': 3, 'n_pages_with_text': 3}"
EPA-HQ-OW-2009-0596-2403,https://downloads.regulations.gov/EPA-HQ-OW-2009-0596-2403/attachment_1.pdf,ok,pdf,2953,"{'n_pages': 2, 'n_pages_with_text': 2}"
EPA-HQ-OW-2009-0596-2411,https://downloads.regulations.gov/EPA-HQ-OW-2009-0596-2411/attachment_11.pdf,ok,pdf,19352,"{'n_pages': 12, 'n_pages_with_text': 12}"
EPA-HQ-OW-2009-0596-2402,https://downloads.regulations.gov/EPA-HQ-OW-2009-0596-2402/attachment_2.pdf,ok,pdf,505,"{'n_pages': 1, 'n_pages_with_text': 1}"
EPA-HQ-OW-2009-0596-2390,https://downloads.regulations.gov/EPA-HQ-OW-2009-0596-2390/attachment_1.pdf,ok,pdf,2868,"{'n_pages': 1, 'n_pages_with_text': 1}"
EPA-HQ-OW-2009-0596-2500,https://downloads.regulations.gov/EPA-HQ-OW-2009-0596-2500/attachment_2.pdf,ok,pytesseract,2261,method=pytesseract n_pages=1 quality=ok
EPA-HQ-OW-2009-0596-2415,https://downloads.regulations.gov/EPA-HQ-OW-2009-0596-2415/attachment_5.pdf,ok,pdf,505,"{'n_pages': 1, 'n_pages_with_text': 1}"
EPA-HQ-OW-2009-0596-2513,https://downloads.regulations.gov/EPA-HQ-OW-2009-0596-2513/attachment_1.pdf,ok,pdf,4798,"{'n_pages': 3, 'n_pages_with_text': 3}"
EPA-HQ-OW-2009-0819-4303,https://downloads.regulations.gov/EPA-HQ-OW-2009-0819-4303/attachment_2.pdf,ok,pdf,18713,"{'n_pages': 182, 'n_pages_with_text': 10}"
EPA-HQ-OW-2009-0819-3700,https://downloads.regulations.gov/EPA-HQ-OW-2009-0819-3700/attachment_1.pdf,ok,pdf,149,"{'n_pages': 1, 'n_pages_with_text': 1}"
EPA-HQ-OW-2009-0819-4671,https://downloads.regulations.gov/EPA-HQ-OW-2009-0819-4671/attachment_2.pdf,ok,pdf,4061,"{'n_pages': 2, 'n_pages_with_text': 2}"
EPA-HQ-OW-2009-0819-4184,https://downloads.regulations.gov/EPA-HQ-OW-2009-0819-4184/attachment_1.pdf,ok,pdf,5269,"{'n_pages': 3, 'n_pages_with_text': 3}"
EPA-HQ-OW-2009-0819-6642,https://downloads.regulations.gov/EPA-HQ-OW-2009-0819-6642/attachment_1.pdf,ok,pdf,7707,"{'n_pages': 4, 'n_pages_with_text': 4}"
EPA-HQ-OW-2009-0819-3922,https://downloads.regulations.gov/EPA-HQ-OW-2009-0819-3922/attachment_1.pdf,ok,pdf,67130,"{'n_pages': 21, 'n_pages_with_text': 21}"
EPA-HQ-OW-2009-0819-4514,https://downloads.regulations.gov/EPA-HQ-OW-2009-0819-4514/attachment_2.pdf,ok,pdf,5694,"{'n_pages': 3, 'n_pages_with_text': 3}"
EPA-HQ-OW-2009-0819-4383,https://downloads.regulations.gov/EPA-HQ-OW-2009-0819-4383/attachment_1.pdf,ok,pytesseract,20147,method=pytesseract n_pages=8 quality=ok
EPA-HQ-OW-2009-0819-4629,https://downloads.regulations.gov/EPA-HQ-OW-2009-0819-4629/attachment_1.pdf,ok,pytesseract,13769,method=pytesseract n_pages=4 quality=ok
EPA-HQ-OW-2009-0819-0028,https://downloads.regulations.gov/EPA-HQ-OW-2009-0819-0028/attachment_2.pdf,ok,pdf,12731,"{'n_pages': 25, 'n_pages_with_text': 17}"
EPA-HQ-OW-2009-0819-4676,https://downloads.regulations.gov/EPA-HQ-OW-2009-0819-4676/attachment_2.pdf,ok,pdf,10232,"{'n_pages': 4, 'n_pages_with_text': 4}"
EPA-HQ-OW-2009-0819-4985,https://downloads.regulations.gov/EPA-HQ-OW-2009-0819-4985/attachment_1.pdf,ok,pdf,459,"{'n_pages': 1, 'n_pages_with_text': 1}"
EPA-HQ-OW-2009-0819-3403,https://downloads.regulations.gov/EPA-HQ-OW-2009-0819-3403/attachment_1.pdf,ok,pdf,1782,"{'n_pages': 2, 'n_pages_with_text': 2}"
EPA-HQ-OW-2009-0819-0051,,no_url_nan,,0,attachment_files was NaN
EPA-HQ-OW-2009-0819-8289,https://downloads.regulations.gov/EPA-HQ-OW-2009-0819-8289/attachment_1.pdf,ok,pdf,33048,"{'n_pages': 15, 'n_pages_with_text': 15}"
EPA-HQ-OW-2009-0819-4463,https://downloads.regulations.gov/EPA-HQ-OW-2009-0819-4463/attachment_1.pdf,ok,pytesseract,2484,method=pytesseract n_pages=2 quality=ok
EPA-HQ-OW-2009-0819-0059,https://downloads.regulations.gov/EPA-HQ-OW-2009-0819-0059/attachment_2.pdf,ok,pytesseract,4563,method=pytesseract n_pages=2 quality=ok
EPA-HQ-OW-2009-0819-4660,https://downloads.regulations.gov/EPA-HQ-OW-2009-0819-4660/attachment_2.pdf,ok,pdf,9990,"{'n_pages': 6, 'n_pages_with_text': 6}"
EPA-HQ-OW-2009-0819-8325,https://downloads.regulations.gov/EPA-HQ-OW-2009-0819-8325/attachment_1.pdf,ok,pytesseract,46202,method=pytesseract n_pages=25 quality=ok
EPA-HQ-OW-2009-0819-8305,https://downloads.regulations.gov/EPA-HQ-OW-2009-0819-8305/attachment_1.pdf,ok,pdf,8355,"{'n_pages': 4, 'n_pages_with_text': 4}"
EPA-HQ-OW-2009-0819-4895,https://downloads.regulations.gov/EPA-HQ-OW-2009-0819-4895/attachment_1.pdf,ok,pdf,100,"{'n_pages': 1, 'n_pages_with_text': 1}"
EPA-HQ-OW-2009-0819-2651,https://downloads.regulations.gov/EPA-HQ-OW-2009-0819-2651/attachment_1.pdf,ok,pdf,1686,"{'n_pages': 1, 'n_pages_with_text': 1}"
EPA-HQ-OW-2009-0819-6707,https://downloads.regulations.gov/EPA-HQ-OW-2009-0819-6707/attachment_1.pdf,ok,pdf,753,"{'n_pages': 1, 'n_pages_with_text': 1}"
EPA-HQ-OW-2009-0819-3713,https://downloads.regulations.gov/EPA-HQ-OW-2009-0819-3713/attachment_1.pdf,ok,pdf,2743,"{'n_pages': 2, 'n_pages_with_text': 2}"
EPA-HQ-OW-2009-0819-2925,https://downloads.regulations.gov/EPA-HQ-OW-2009-0819-2925/attachment_1.pdf,ok,pdf,1945,"{'n_pages': 1, 'n_pages_with_text': 1}"
EPA-HQ-OW-2009-0819-4096,https://downloads.regulations.gov/EPA-HQ-OW-2009-0819-4096/attachment_1.pdf,ok,pdf,1104,"{'n_pages': 1, 'n_pages_with_text': 1}"
EPA-HQ-OW-2009-0819-3940,https://downloads.regulations.gov/EPA-HQ-OW-2009-0819-3940/attachment_1.pdf,ok,pdf,1637,"{'n_pages': 1, 'n_pages_with_text': 1}"
EPA-HQ-OW-2009-0819-3993,https://downloads.regulations.gov/EPA-HQ-OW-2009-0819-3993/attachment_1.pdf,ok,pdf,1492,"{'n_pages': 1, 'n_pages_with_text': 1}"
EPA-HQ-OW-2009-0819-2539,https://downloads.regulations.gov/EPA-HQ-OW-2009-0819-2539/attachment_1.pdf,ok,pdf,2629,"{'n_pages': 2, 'n_pages_with_text': 2}"
EPA-HQ-OW-2009-0819-2319,https://downloads.regulations.gov/EPA-HQ-OW-2009-0819-2319/attachment_1.pdf,ok,pdf,1664,"{'n_pages': 1, 'n_pages_with_text': 1}"
EPA-HQ-OW-2009-0819-7006,https://downloads.regulations.gov/EPA-HQ-OW-2009-0819-7006/attachment_1.pdf,ok,pdf,2086,"{'n_pages': 1, 'n_pages_with_text': 1}"
EPA-HQ-OW-2009-0819-3115,https://downloads.regulations.gov/EPA-HQ-OW-2009-0819-3115/attachment_1.pdf,ok,pdf,2086,"{'n_pages': 1, 'n_pages_with_text': 1}"
EPA-HQ-OW-2009-0819-3648,https://downloads.regulations.gov/EPA-HQ-OW-2009-0819-3648/attachment_1.pdf,ok,pdf,1179,"{'n_pages': 1, 'n_pages_with_text': 1}"
EPA-HQ-OW-2009-0819-5330,https://downloads.regulations.gov/EPA-HQ-OW-2009-0819-5330/attachment_1.pdf,ok,vision_llm,403,method=vision_llm n_pages=1 model=claude-sonnet-4-5
EPA-HQ-OW-2009-0819-2990,https://downloads.regulations.gov/EPA-HQ-OW-2009-0819-2990/attachment_1.pdf,ok,pdf,917,"{'n_pages': 1, 'n_pages_with_text': 1}"
EPA-HQ-OW-2009-0819-4153,https://downloads.regulations.gov/EPA-HQ-OW-2009-0819-4153/attachment_1.pdf,ok,pdf,717,"{'n_pages': 1, 'n_pages_with_text': 1}"
EPA-HQ-OW-2009-0819-4412,https://downloads.regulations.gov/EPA-HQ-OW-2009-0819-4412/attachment_1.pdf,ok,pdf,1751,"{'n_pages': 1, 'n_pages_with_text': 1}"
EPA-HQ-OW-2009-0819-6735,https://downloads.regulations.gov/EPA-HQ-OW-2009-0819-6735/attachment_1.pdf,ok,pdf,2566,"{'n_pages': 1, 'n_pages_with_text': 1}"
EPA-HQ-OW-2009-0819-4279,https://downloads.regulations.gov/EPA-HQ-OW-2009-0819-4279/attachment_1.pdf,ok,pdf,733,"{'n_pages': 1, 'n_pages_with_text': 1}"
EPA-HQ-OW-2009-0819-4091,https://downloads.regulations.gov/EPA-HQ-OW-2009-0819-4091/attachment_1.pdf,ok,pdf,1136,"{'n_pages': 1, 'n_pages_with_text': 1}"
EPA-HQ-OW-2009-0819-4772,https://downloads.regulations.gov/EPA-HQ-OW-2009-0819-4772/attachment_1.pdf,ok,pdf,210,"{'n_pages': 1, 'n_pages_with_text': 1}"
EPA-HQ-OW-2009-0819-4771,https://downloads.regulations.gov/EPA-HQ-OW-2009-0819-4771/attachment_1.pdf,ok,pdf,1009,"{'n_pages': 1, 'n_pages_with_text': 1}"
EPA-HQ-OW-2009-0819-8469,https://downloads.regulations.gov/EPA-HQ-OW-2009-0819-8469/attachment_1.pdf,ok,pdf,1173,"{'n_pages': 1, 'n_pages_with_text': 1}"
EPA-HQ-OW-2009-0819-4776,https://downloads.regulations.gov/EPA-HQ-OW-2009-0819-4776/attachment_1.pdf,ok,pdf,962,"{'n_pages': 1, 'n_pages_with_text': 1}"
EPA-HQ-OW-2009-0819-5551,https://downloads.regulations.gov/EPA-HQ-OW-2009-0819-5551/attachment_1.pdf,ok,pdf,1697,"{'n_pages': 1, 'n_pages_with_text': 1}"
EPA-HQ-OW-2009-0819-4537,https://downloads.regulations.gov/EPA-HQ-OW-2009-0819-4537/attachment_1.pdf,ok,pdf,1369,"{'n_pages': 1, 'n_pages_with_text': 1}"
EPA-HQ-OW-2009-0819-3704,https://downloads.regulations.gov/EPA-HQ-OW-2009-0819-3704/attachment_1.pdf,ok,pdf,1266,"{'n_pages': 2, 'n_pages_with_text': 2}"
EPA-HQ-OW-2009-0819-4589,https://downloads.regulations.gov/EPA-HQ-OW-2009-0819-4589/attachment_1.pdf,ok,pdf,1278,"{'n_pages': 1, 'n_pages_with_text': 1}"
EPA-HQ-OW-2009-0819-8472,https://downloads.regulations.gov/EPA-HQ-OW-2009-0819-8472/attachment_1.pdf,ok,pdf,1366,"{'n_pages': 2, 'n_pages_with_text': 2}"
EPA-HQ-OW-2009-0819-4679,https://downloads.regulations.gov/EPA-HQ-OW-2009-0819-4679/attachment_1.pdf,ok,pdf,1487,"{'n_pages': 1, 'n_pages_with_text': 1}"
EPA-HQ-OW-2011-0880-14916,https://downloads.regulations.gov/EPA-HQ-OW-2011-0880-14916/attachment_1.pdf,ok,pdf,28957,"{'n_pages': 11, 'n_pages_with_text': 11}"
EPA-HQ-OW-2011-0880-16341,https://downloads.regulations.gov/EPA-HQ-OW-2011-0880-16341/attachment_1.pdf,ok,pdf,5321,"{'n_pages': 2, 'n_pages_with_text': 2}"
EPA-HQ-OW-2011-0880-16552,https://downloads.regulations.gov/EPA-HQ-OW-2011-0880-16552/attachment_2.pdf,ok,pytesseract,48706,method=pytesseract n_pages=18 quality=ok
EPA-HQ-OW-2011-0880-10953,https://downloads.regulations.gov/EPA-HQ-OW-2011-0880-10953/attachment_1.pdf,ok,pdf,22064,"{'n_pages': 9, 'n_pages_with_text': 9}"
EPA-HQ-OW-2011-0880-13125,https://downloads.regulations.gov/EPA-HQ-OW-2011-0880-13125/attachment_1.pdf,ok,pdf,2408,"{'n_pages': 2, 'n_pages_with_text': 2}"
EPA-HQ-OW-2011-0880-8097,https://downloads.regulations.gov/EPA-HQ-OW-2011-0880-8097/attachment_2.pdf,ok,pdf,2507,"{'n_pages': 1, 'n_pages_with_text': 1}"
EPA-HQ-OW-2011-0880-6855,https://downloads.regulations.gov/EPA-HQ-OW-2011-0880-6855/attachment_1.pdf,ok,pdf,6147,"{'n_pages': 2, 'n_pages_with_text': 2}"
EPA-HQ-OW-2011-0880-16609,https://downloads.regulations.gov/EPA-HQ-OW-2011-0880-16609/attachment_2.pdf,ok,pytesseract,6801,method=pytesseract n_pages=3 quality=ok
EPA-HQ-OW-2011-0880-18792,https://downloads.regulations.gov/EPA-HQ-OW-2011-0880-18792/attachment_1.pdf,ok,pdf,31896,"{'n_pages': 12, 'n_pages_with_text': 12}"
EPA-HQ-OW-2011-0880-16790,https://downloads.regulations.gov/EPA-HQ-OW-2011-0880-16790/attachment_1.pdf,ok,pdf,2000,"{'n_pages': 1, 'n_pages_with_text': 1}"
EPA-HQ-OW-2011-0880-6935,https://downloads.regulations.gov/EPA-HQ-OW-2011-0880-6935/attachment_2.pdf,ok,pdf,6933,"{'n_pages': 3, 'n_pages_with_text': 3}"
EPA-HQ-OW-2011-0880-14056,https://downloads.regulations.gov/EPA-HQ-OW-2011-0880-14056/attachment_1.pdf,ok,pdf,88379,"{'n_pages': 36, 'n_pages_with_text': 36}"
EPA-HQ-OW-2011-0880-19327,https://downloads.regulations.gov/EPA-HQ-OW-2011-0880-19327/attachment_1.pdf,ok,pdf,5190,"{'n_pages': 3, 'n_pages_with_text': 3}"
EPA-HQ-OW-2011-0880-14816,https://downloads.regulations.gov/EPA-HQ-OW-2011-0880-14816/attachment_1.pdf,ok,pdf,6379,"{'n_pages': 3, 'n_pages_with_text': 3}"
EPA-HQ-OW-2011-0880-15938,https://downloads.regulations.gov/EPA-HQ-OW-2011-0880-15938/attachment_1.pdf,ok,pdf,19616,"{'n_pages': 5, 'n_pages_with_text': 5}"
EPA-HQ-OW-2011-0880-16634,https://downloads.regulations.gov/EPA-HQ-OW-2011-0880-16634/attachment_1.pdf,ok,pdf,4312,"{'n_pages': 3, 'n_pages_with_text': 3}"
EPA-HQ-OW-2011-0880-19628,https://downloads.regulations.gov/EPA-HQ-OW-2011-0880-19628/attachment_1.pdf,ok,pdf,3539,"{'n_pages': 3, 'n_pages_with_text': 3}"
EPA-HQ-OW-2011-0880-15175,https://downloads.regulations.gov/EPA-HQ-OW-2011-0880-15175/attachment_1.pdf,ok,pdf,12267,"{'n_pages': 5, 'n_pages_with_text': 5}"
EPA-HQ-OW-2011-0880-7944,https://downloads.regulations.gov/EPA-HQ-OW-2011-0880-7944/attachment_2.pdf,ok,pdf,5389,"{'n_pages': 2, 'n_pages_with_text': 2}"
EPA-HQ-OW-2011-0880-0953,https://downloads.regulations.gov/EPA-HQ-OW-2011-0880-0953/attachment_1.pdf,ok,pdf,983,"{'n_pages': 1, 'n_pages_with_text': 1}"
EPA-HQ-OW-2011-0880-17951,https://downloads.regulations.gov/EPA-HQ-OW-2011-0880-17951/attachment_1.pdf,ok,pdf,1545,"{'n_pages': 1, 'n_pages_with_text': 1}"
EPA-HQ-OW-2011-0880-3369,https://downloads.regulations.gov/EPA-HQ-OW-2011-0880-3369/attachment_1.pdf,ok,pdf,3287,"{'n_pages': 2, 'n_pages_with_text': 2}"
EPA-HQ-OW-2011-0880-19733,https://downloads.regulations.gov/EPA-HQ-OW-2011-0880-19733/attachment_1.pdf,ok,pdf,1370,"{'n_pages': 1, 'n_pages_with_text': 1}"
EPA-HQ-OW-2011-0880-12068,https://downloads.regulations.gov/EPA-HQ-OW-2011-0880-12068/attachment_1.pdf,ok,pdf,1103,"{'n_pages': 1, 'n_pages_with_text': 1}"
EPA-HQ-OW-2011-0880-17146,https://downloads.regulations.gov/EPA-HQ-OW-2011-0880-17146/attachment_1.pdf,ok,pdf,1052,"{'n_pages': 1, 'n_pages_with_text': 1}"
EPA-HQ-OW-2011-0880-0899,https://downloads.regulations.gov/EPA-HQ-OW-2011-0880-0899/attachment_1.pdf,ok,pdf,3068,"{'n_pages': 2, 'n_pages_with_text': 2}"
EPA-HQ-OW-2011-0880-2250,https://downloads.regulations.gov/EPA-HQ-OW-2011-0880-2250/attachment_1.pdf,ok,pdf,4369,"{'n_pages': 2, 'n_pages_with_text': 2}"
EPA-HQ-OW-2011-0880-10208,https://downloads.regulations.gov/EPA-HQ-OW-2011-0880-10208/attachment_1.pdf,ok,pdf,1263,"{'n_pages': 1, 'n_pages_with_text': 1}"
EPA-HQ-OW-2011-0880-10904,https://downloads.regulations.gov/EPA-HQ-OW-2011-0880-10904/attachment_1.pdf,ok,pdf,417,"{'n_pages': 1, 'n_pages_with_text': 1}"
EPA-HQ-OW-2011-0880-14336,https://downloads.regulations.gov/EPA-HQ-OW-2011-0880-14336/attachment_1.pdf,ok,pdf,498,"{'n_pages': 1, 'n_pages_with_text': 1}"
EPA-HQ-OW-2011-0880-18279,https://downloads.regulations.gov/EPA-HQ-OW-2011-0880-18279/attachment_1.pdf,ok,pdf,773,"{'n_pages': 1, 'n_pages_with_text': 1}"
EPA-HQ-OW-2011-0880-20080,https://downloads.regulations.gov/EPA-HQ-OW-2011-0880-20080/attachment_1.pdf,ok,pdf,1255,"{'n_pages': 1, 'n_pages_with_text': 1}"
EPA-HQ-OW-2011-0880-1298,https://downloads.regulations.gov/EPA-HQ-OW-2011-0880-1298/attachment_1.pdf,ok,pdf,990,"{'n_pages': 1, 'n_pages_with_text': 1}"
EPA-HQ-OW-2011-0880-17251,https://downloads.regulations.gov/EPA-HQ-OW-2011-0880-17251/attachment_1.pdf,ok,pdf,1672,"{'n_pages': 1, 'n_pages_with_text': 1}"
EPA-HQ-OW-2011-0880-17805,https://downloads.regulations.gov/EPA-HQ-OW-2011-0880-17805/attachment_1.pdf,ok,pdf,1118,"{'n_pages': 1, 'n_pages_with_text': 1}"
EPA-HQ-OW-2011-0880-18217,https://downloads.regulations.gov/EPA-HQ-OW-2011-0880-18217/attachment_1.pdf,ok,pdf,1560,"{'n_pages': 1, 'n_pages_with_text': 1}"
EPA-HQ-OW-2011-0880-6619,https://downloads.regulations.gov/EPA-HQ-OW-2011-0880-6619/attachment_1.pdf,ok,pdf,1661,"{'n_pages': 1, 'n_pages_with_text': 1}"
EPA-HQ-OW-2011-0880-18479,https://downloads.regulations.gov/EPA-HQ-OW-2011-0880-18479/attachment_1.pdf,ok,pdf,482,"{'n_pages': 1, 'n_pages_with_text': 1}"
EPA-HQ-OW-2011-0880-5685,https://downloads.regulations.gov/EPA-HQ-OW-2011-0880-5685/attachment_1.pdf,ok,pdf,1408,"{'n_pages': 1, 'n_pages_with_text': 1}"
EPA-HQ-OW-2011-0880-3343,https://downloads.regulations.gov/EPA-HQ-OW-2011-0880-3343/attachment_1.pdf,ok,pdf,2123,"{'n_pages': 1, 'n_pages_with_text': 1}"
EPA-HQ-OW-2011-0880-9725,https://downloads.regulations.gov/EPA-HQ-OW-2011-0880-9725/attachment_1.pdf,ok,vision_llm,294,method=vision_llm n_pages=1 model=claude-sonnet-4-5
EPA-HQ-OW-2011-0880-14004,https://downloads.regulations.gov/EPA-HQ-OW-2011-0880-14004/attachment_1.pdf,ok,pdf,1074,"{'n_pages': 1, 'n_pages_with_text': 1}"
EPA-HQ-OW-2011-0880-19392,https://downloads.regulations.gov/EPA-HQ-OW-2011-0880-19392/attachment_1.pdf,ok,pdf,469,"{'n_pages': 1, 'n_pages_with_text': 1}"
EPA-HQ-OW-2011-0880-0665,https://downloads.regulations.gov/EPA-HQ-OW-2011-0880-0665/attachment_1.pdf,ok,pdf,1076,"{'n_pages': 1, 'n_pages_with_text': 1}"
EPA-HQ-OW-2011-0880-19400,https://downloads.regulations.gov/EPA-HQ-OW-2011-0880-19400/attachment_1.pdf,ok,pdf,2509,"{'n_pages': 2, 'n_pages_with_text': 2}"
EPA-HQ-OW-2011-0880-0153,https://downloads.regulations.gov/EPA-HQ-OW-2011-0880-0153/attachment_1.pdf,ok,pdf,3234,"{'n_pages': 2, 'n_pages_with_text': 2}"
EPA-HQ-OW-2011-0880-0080,https://downloads.regulations.gov/EPA-HQ-OW-2011-0880-0080/attachment_1.pdf,ok,pdf,1390,"{'n_pages': 1, 'n_pages_with_text': 1}"
EPA-HQ-OW-2011-0880-0853,https://downloads.regulations.gov/EPA-HQ-OW-2011-0880-0853/attachment_1.pdf,ok,pdf,1414,"{'n_pages': 1, 'n_pages_with_text': 1}"
EPA-HQ-OW-2011-0880-14005,https://downloads.regulations.gov/EPA-HQ-OW-2011-0880-14005/attachment_1.pdf,ok,pdf,1080,"{'n_pages': 1, 'n_pages_with_text': 1}"
EPA-HQ-OW-2011-0880-14015,https://downloads.regulations.gov/EPA-HQ-OW-2011-0880-14015/attachment_1.pdf,ok,pdf,950,"{'n_pages': 1, 'n_pages_with_text': 1}"
EPA-HQ-OW-2017-0203-12881,https://downloads.regulations.gov/EPA-HQ-OW-2017-0203-12881/attachment_1.pdf,ok,pdf,4831,"{'n_pages': 2, 'n_pages_with_text': 2}"
EPA-HQ-OW-2017-0203-10324,https://downloads.regulations.gov/EPA-HQ-OW-2017-0203-10324/attachment_1.pdf,ok,pdf,2402,"{'n_pages': 2, 'n_pages_with_text': 2}"
EPA-HQ-OW-2017-0203-13800,https://downloads.regulations.gov/EPA-HQ-OW-2017-0203-13800/attachment_1.pdf,ok,pdf,6482,"{'n_pages': 3, 'n_pages_with_text': 3}"
EPA-HQ-OW-2017-0203-13683,https://downloads.regulations.gov/EPA-HQ-OW-2017-0203-13683/attachment_1.pdf,ok,pdf,6649,"{'n_pages': 2, 'n_pages_with_text': 2}"
EPA-HQ-OW-2017-0203-9388,https://downloads.regulations.gov/EPA-HQ-OW-2017-0203-9388/attachment_1.pdf,ok,pdf,4474,"{'n_pages': 2, 'n_pages_with_text': 2}"
EPA-HQ-OW-2017-0203-15233,https://downloads.regulations.gov/EPA-HQ-OW-2017-0203-15233/attachment_1.pdf,ok,pdf,11663,"{'n_pages': 5, 'n_pages_with_text': 5}"
EPA-HQ-OW-2017-0203-10171,https://downloads.regulations.gov/EPA-HQ-OW-2017-0203-10171/attachment_1.pdf,ok,pdf,13745,"{'n_pages': 6, 'n_pages_with_text': 6}"
EPA-HQ-OW-2017-0203-15245,https://downloads.regulations.gov/EPA-HQ-OW-2017-0203-15245/attachment_1.pdf,ok,pdf,9919,"{'n_pages': 3, 'n_pages_with_text': 3}"
EPA-HQ-OW-2017-0203-8947,https://downloads.regulations.gov/EPA-HQ-OW-2017-0203-8947/attachment_2.pdf,ok,pdf,2657,"{'n_pages': 2, 'n_pages_with_text': 2}"
EPA-HQ-OW-2017-0203-12888,https://downloads.regulations.gov/EPA-HQ-OW-2017-0203-12888/attachment_1.pdf,ok,pytesseract,4694,method=pytesseract n_pages=2 quality=ok
EPA-HQ-OW-2017-0203-2509,https://downloads.regulations.gov/EPA-HQ-OW-2017-0203-2509/attachment_1.pdf,ok,pdf,4799,"{'n_pages': 2, 'n_pages_with_text': 2}"
EPA-HQ-OW-2017-0203-15322,https://downloads.regulations.gov/EPA-HQ-OW-2017-0203-15322/attachment_1.pdf,ok,pdf,133108,"{'n_pages': 71, 'n_pages_with_text': 59}"
EPA-HQ-OW-2017-0203-13810,https://downloads.regulations.gov/EPA-HQ-OW-2017-0203-13810/attachment_1.pdf,ok,pdf,10518,"{'n_pages': 4, 'n_pages_with_text': 4}"
EPA-HQ-OW-2017-0203-13796,https://downloads.regulations.gov/EPA-HQ-OW-2017-0203-13796/attachment_1.pdf,ok,pdf,37075,"{'n_pages': 13, 'n_pages_with_text': 13}"
EPA-HQ-OW-2017-0203-13752,https://downloads.regulations.gov/EPA-HQ-OW-2017-0203-13752/attachment_1.pdf,ok,pdf,4703,"{'n_pages': 2, 'n_pages_with_text': 2}"
EPA-HQ-OW-2017-0203-13787,https://downloads.regulations.gov/EPA-HQ-OW-2017-0203-13787/attachment_1.pdf,ok,pdf,31184,"{'n_pages': 10, 'n_pages_with_text': 10}"
EPA-HQ-OW-2017-0203-9831,https://downloads.regulations.gov/EPA-HQ-OW-2017-0203-9831/attachment_1.pdf,ok,pytesseract,2126,method=pytesseract n_pages=1 quality=ok
EPA-HQ-OW-2017-0203-12084,https://downloads.regulations.gov/EPA-HQ-OW-2017-0203-12084/attachment_1.pdf,ok,pdf,15760,"{'n_pages': 5, 'n_pages_with_text': 5}"
EPA-HQ-OW-2017-0203-1346,https://downloads.regulations.gov/EPA-HQ-OW-2017-0203-1346/attachment_1.pdf,ok,pdf,1243,"{'n_pages': 1, 'n_pages_with_text': 1}"
EPA-HQ-OW-2017-0203-15557,https://downloads.regulations.gov/EPA-HQ-OW-2017-0203-15557/attachment_2.pdf,ok,pdf,40425,"{'n_pages': 3, 'n_pages_with_text': 3}"
EPA-HQ-OW-2017-0203-4352,https://downloads.regulations.gov/EPA-HQ-OW-2017-0203-4352/attachment_1.pdf,ok,pdf,1430,"{'n_pages': 1, 'n_pages_with_text': 1}"
EPA-HQ-OW-2017-0203-14170,https://downloads.regulations.gov/EPA-HQ-OW-2017-0203-14170/attachment_1.pdf,ok,pdf,2784,"{'n_pages': 2, 'n_pages_with_text': 2}"
EPA-HQ-OW-2017-0203-13974,https://downloads.regulations.gov/EPA-HQ-OW-2017-0203-13974/attachment_1.pdf,ok,pdf,1735,"{'n_pages': 1, 'n_pages_with_text': 1}"
EPA-HQ-OW-2017-0203-9478,https://downloads.regulations.gov/EPA-HQ-OW-2017-0203-9478/attachment_1.pdf,ok,pdf,987,"{'n_pages': 1, 'n_pages_with_text': 1}"
EPA-HQ-OW-2017-0203-12745,https://downloads.regulations.gov/EPA-HQ-OW-2017-0203-12745/attachment_1.pdf,ok,pdf,2067,"{'n_pages': 1, 'n_pages_with_text': 1}"
EPA-HQ-OW-2017-0203-15568,https://downloads.regulations.gov/EPA-HQ-OW-2017-0203-15568/attachment_1.pdf,ok,pdf,775,"{'n_pages': 1, 'n_pages_with_text': 1}"
EPA-HQ-OW-2017-0203-14258,https://downloads.regulations.gov/EPA-HQ-OW-2017-0203-14258/attachment_1.pdf,ok,pdf,1798,"{'n_pages': 1, 'n_pages_with_text': 1}"
EPA-HQ-OW-2017-0203-8948,https://downloads.regulations.gov/EPA-HQ-OW-2017-0203-8948/attachment_1.pdf,ok,pdf,1206,"{'n_pages': 1, 'n_pages_with_text': 1}"
EPA-HQ-OW-2017-0203-2606,https://downloads.regulations.gov/EPA-HQ-OW-2017-0203-2606/attachment_1.pdf,ok,pdf,890,"{'n_pages': 1, 'n_pages_with_text': 1}"
EPA-HQ-OW-2017-0203-14203,https://downloads.regulations.gov/EPA-HQ-OW-2017-0203-14203/attachment_1.pdf,ok,pdf,1473,"{'n_pages': 1, 'n_pages_with_text': 1}"
EPA-HQ-OW-2017-0203-14781,https://downloads.regulations.gov/EPA-HQ-OW-2017-0203-14781/attachment_1.pdf,ok,pdf,1574,"{'n_pages': 1, 'n_pages_with_text': 1}"
EPA-HQ-OW-2017-0203-14823,https://downloads.regulations.gov/EPA-HQ-OW-2017-0203-14823/attachment_1.pdf,ok,pdf,1724,"{'n_pages': 1, 'n_pages_with_text': 1}"
EPA-HQ-OW-2017-0203-6214,https://downloads.regulations.gov/EPA-HQ-OW-2017-0203-6214/attachment_1.pdf,ok,pdf,1480,"{'n_pages': 1, 'n_pages_with_text': 1}"
EPA-HQ-OW-2017-0203-4069,https://downloads.regulations.gov/EPA-HQ-OW-2017-0203-4069/attachment_1.pdf,ok,pdf,1101,"{'n_pages': 1, 'n_pages_with_text': 1}"
EPA-HQ-OW-2017-0203-14428,https://downloads.regulations.gov/EPA-HQ-OW-2017-0203-14428/attachment_1.pdf,ok,pdf,1472,"{'n_pages': 1, 'n_pages_with_text': 1}"
EPA-HQ-OW-2017-0203-9623,https://downloads.regulations.gov/EPA-HQ-OW-2017-0203-9623/attachment_1.pdf,ok,pdf,1892,"{'n_pages': 2, 'n_pages_with_text': 2}"
EPA-HQ-OW-2017-0203-5178,https://downloads.regulations.gov/EPA-HQ-OW-2017-0203-5178/attachment_1.pdf,ok,pdf,1154,"{'n_pages': 1, 'n_pages_with_text': 1}"
EPA-HQ-OW-2017-0203-3473,https://downloads.regulations.gov/EPA-HQ-OW-2017-0203-3473/attachment_1.pdf,ok,pdf,1965,"{'n_pages': 1, 'n_pages_with_text': 1}"
EPA-HQ-OW-2017-0203-14432,https://downloads.regulations.gov/EPA-HQ-OW-2017-0203-14432/attachment_1.pdf,ok,pdf,1408,"{'n_pages': 1, 'n_pages_with_text': 1}"
EPA-HQ-OW-2017-0203-13998,https://downloads.regulations.gov/EPA-HQ-OW-2017-0203-13998/attachment_1.pdf,ok,pdf,1598,"{'n_pages': 2, 'n_pages_with_text': 2}"
EPA-HQ-OW-2017-0203-11931,https://downloads.regulations.gov/EPA-HQ-OW-2017-0203-11931/attachment_1.pdf,ok,pdf,3003,"{'n_pages': 1, 'n_pages_with_text': 1}"
EPA-HQ-OW-2017-0203-13844,https://downloads.regulations.gov/EPA-HQ-OW-2017-0203-13844/attachment_1.pdf,ok,pdf,2614,"{'n_pages': 3, 'n_pages_with_text': 3}"
EPA-HQ-OW-2017-0203-4715,https://downloads.regulations.gov/EPA-HQ-OW-2017-0203-4715/attachment_1.pdf,ok,pdf,724,"{'n_pages': 1, 'n_pages_with_text': 1}"
EPA-HQ-OW-2017-0203-15067,https://downloads.regulations.gov/EPA-HQ-OW-2017-0203-15067/attachment_1.pdf,ok,pdf,1085,"{'n_pages': 1, 'n_pages_with_text': 1}"
EPA-HQ-OW-2017-0203-5373,https://downloads.regulations.gov/EPA-HQ-OW-2017-0203-5373/attachment_1.pdf,ok,pdf,1260,"{'n_pages': 2, 'n_pages_with_text': 2}"
EPA-HQ-OW-2017-0203-0857,https://downloads.regulations.gov/EPA-HQ-OW-2017-0203-0857/attachment_1.pdf,ok,pdf,3141,"{'n_pages': 2, 'n_pages_with_text': 2}"
EPA-HQ-OW-2017-0203-15092,https://downloads.regulations.gov/EPA-HQ-OW-2017-0203-15092/attachment_1.pdf,ok,pdf,877,"{'n_pages': 1, 'n_pages_with_text': 1}"
EPA-HQ-OW-2017-0203-3564,https://downloads.regulations.gov/EPA-HQ-OW-2017-0203-3564/attachment_1.pdf,ok,pdf,1530,"{'n_pages': 1, 'n_pages_with_text': 1}"
EPA-HQ-OW-2017-0203-15343,https://downloads.regulations.gov/EPA-HQ-OW-2017-0203-15343/attachment_1.pdf,ok,pdf,1398,"{'n_pages': 1, 'n_pages_with_text': 1}"
EPA-HQ-OW-2017-0203-3556,https://downloads.regulations.gov/EPA-HQ-OW-2017-0203-3556/attachment_1.pdf,ok,pdf,1217,"{'n_pages': 1, 'n_pages_with_text': 1}"
EPA-HQ-OW-2017-0644-0338,https://downloads.regulations.gov/EPA-HQ-OW-2017-0644-0338/attachment_1.pdf,ok,pdf,3267,"{'n_pages': 2, 'n_pages_with_text': 2}"
EPA-HQ-OW-2017-0644-0292,https://downloads.regulations.gov/EPA-HQ-OW-2017-0644-0292/attachment_2.pdf,ok,pytesseract,75631,method=pytesseract n_pages=25 quality=ok
EPA-HQ-OW-2017-0644-0029,,no_url_nan,,0,attachment_files was NaN
EPA-HQ-OW-2017-0644-0701,https://downloads.regulations.gov/EPA-HQ-OW-2017-0644-0701/attachment_2.pdf,ok,pdf,11287,"{'n_pages': 4, 'n_pages_with_text': 4}"
EPA-HQ-OW-2017-0644-0294,https://downloads.regulations.gov/EPA-HQ-OW-2017-0644-0294/attachment_1.pdf,ok,pdf,3570,"{'n_pages': 2, 'n_pages_with_text': 2}"
EPA-HQ-OW-2017-0644-0391,https://downloads.regulations.gov/EPA-HQ-OW-2017-0644-0391/attachment_1.pdf,ok,pdf,3700,"{'n_pages': 2, 'n_pages_with_text': 2}"
EPA-HQ-OW-2017-0644-0400,https://downloads.regulations.gov/EPA-HQ-OW-2017-0644-0400/attachment_1.pdf,ok,pdf,10874,"{'n_pages': 4, 'n_pages_with_text': 4}"
EPA-HQ-OW-2017-0644-0347,https://downloads.regulations.gov/EPA-HQ-OW-2017-0644-0347/attachment_1.pdf,ok,pdf,4732,"{'n_pages': 2, 'n_pages_with_text': 2}"
EPA-HQ-OW-2017-0644-0587,https://downloads.regulations.gov/EPA-HQ-OW-2017-0644-0587/attachment_1.pdf,ok,pdf,1249,"{'n_pages': 1, 'n_pages_with_text': 1}"
EPA-HQ-OW-2017-0644-0588,https://downloads.regulations.gov/EPA-HQ-OW-2017-0644-0588/attachment_1.pdf,ok,pdf,1287,"{'n_pages': 1, 'n_pages_with_text': 1}"
EPA-HQ-OW-2017-0644-0289,https://downloads.regulations.gov/EPA-HQ-OW-2017-0644-0289/attachment_1.pdf,ok,pdf,3451,"{'n_pages': 2, 'n_pages_with_text': 2}"
EPA-HQ-OW-2017-0644-0166,https://downloads.regulations.gov/EPA-HQ-OW-2017-0644-0166/attachment_1.pdf,ok,pdf,4717,"{'n_pages': 2, 'n_pages_with_text': 2}"
EPA-HQ-OW-2017-0644-0293,https://downloads.regulations.gov/EPA-HQ-OW-2017-0644-0293/attachment_1.pdf,ok,pdf,5810,"{'n_pages': 3, 'n_pages_with_text': 3}"
EPA-HQ-OW-2017-0644-0296,https://downloads.regulations.gov/EPA-HQ-OW-2017-0644-0296/attachment_1.pdf,ok,pdf,2189,"{'n_pages': 1, 'n_pages_with_text': 1}"
EPA-HQ-OW-2017-0644-0327,https://downloads.regulations.gov/EPA-HQ-OW-2017-0644-0327/attachment_1.pdf,ok,pdf,6520,"{'n_pages': 4, 'n_pages_with_text': 4}"
EPA-HQ-OW-2017-0644-0341,https://downloads.regulations.gov/EPA-HQ-OW-2017-0644-0341/attachment_1.pdf,ok,pdf,4725,"{'n_pages': 2, 'n_pages_with_text': 2}"
EPA-HQ-OW-2017-0644-0401,https://downloads.regulations.gov/EPA-HQ-OW-2017-0644-0401/attachment_1.pdf,ok,pdf,45287,"{'n_pages': 15, 'n_pages_with_text': 15}"
EPA-HQ-OW-2017-0644-0290,https://downloads.regulations.gov/EPA-HQ-OW-2017-0644-0290/attachment_1.pdf,ok,pdf,3751,"{'n_pages': 2, 'n_pages_with_text': 2}"
EPA-HQ-OW-2017-0644-0291,https://downloads.regulations.gov/EPA-HQ-OW-2017-0644-0291/attachment_1.pdf,ok,pdf,3310,"{'n_pages': 2, 'n_pages_with_text': 2}"
EPA-HQ-OW-2017-0644-0359,https://downloads.regulations.gov/EPA-HQ-OW-2017-0644-0359/attachment_1.pdf,ok,pdf,3887,"{'n_pages': 2, 'n_pages_with_text': 2}"
EPA-HQ-OW-2017-0644-0512,https://downloads.regulations.gov/EPA-HQ-OW-2017-0644-0512/attachment_1.pdf,ok,pdf,464,"{'n_pages': 1, 'n_pages_with_text': 1}"
EPA-HQ-OW-2017-0644-0659,https://downloads.regulations.gov/EPA-HQ-OW-2017-0644-0659/attachment_1.pdf,ok,pdf,1397,"{'n_pages': 1, 'n_pages_with_text': 1}"
EPA-HQ-OW-2017-0644-0686,https://downloads.regulations.gov/EPA-HQ-OW-2017-0644-0686/attachment_1.pdf,ok,pdf,633,"{'n_pages': 1, 'n_pages_with_text': 1}"
EPA-HQ-OW-2017-0644-0636,https://downloads.regulations.gov/EPA-HQ-OW-2017-0644-0636/attachment_1.pdf,ok,pdf,722,"{'n_pages': 1, 'n_pages_with_text': 1}"
EPA-HQ-OW-2017-0644-0491,https://downloads.regulations.gov/EPA-HQ-OW-2017-0644-0491/attachment_1.pdf,ok,pdf,969,"{'n_pages': 1, 'n_pages_with_text': 1}"
EPA-HQ-OW-2017-0644-0682,https://downloads.regulations.gov/EPA-HQ-OW-2017-0644-0682/attachment_1.pdf,ok,pdf,560,"{'n_pages': 1, 'n_pages_with_text': 1}"
EPA-HQ-OW-2017-0644-0626,https://downloads.regulations.gov/EPA-HQ-OW-2017-0644-0626/attachment_1.pdf,ok,pdf,733,"{'n_pages': 1, 'n_pages_with_text': 1}"
EPA-HQ-OW-2017-0644-0670,https://downloads.regulations.gov/EPA-HQ-OW-2017-0644-0670/attachment_1.pdf,ok,pdf,656,"{'n_pages': 1, 'n_pages_with_text': 1}"
EPA-HQ-OW-2017-0644-0556,https://downloads.regulations.gov/EPA-HQ-OW-2017-0644-0556/attachment_1.pdf,ok,pdf,1444,"{'n_pages': 1, 'n_pages_with_text': 1}"
EPA-HQ-OW-2017-0644-0563,https://downloads.regulations.gov/EPA-HQ-OW-2017-0644-0563/attachment_1.pdf,ok,pdf,567,"{'n_pages': 1, 'n_pages_with_text': 1}"
EPA-HQ-OW-2017-0644-0618,https://downloads.regulations.gov/EPA-HQ-OW-2017-0644-0618/attachment_1.pdf,ok,pdf,671,"{'n_pages': 1, 'n_pages_with_text': 1}"
EPA-HQ-OW-2017-0644-0622,https://downloads.regulations.gov/EPA-HQ-OW-2017-0644-0622/attachment_1.pdf,ok,pdf,1690,"{'n_pages': 1, 'n_pages_with_text': 1}"
EPA-HQ-OW-2017-0644-0569,https://downloads.regulations.gov/EPA-HQ-OW-2017-0644-0569/attachment_1.pdf,ok,pdf,513,"{'n_pages': 1, 'n_pages_with_text': 1}"
EPA-HQ-OW-2017-0644-0559,https://downloads.regulations.gov/EPA-HQ-OW-2017-0644-0559/attachment_1.pdf,ok,pdf,543,"{'n_pages': 1, 'n_pages_with_text': 1}"
EPA-HQ-OW-2017-0644-0575,https://downloads.regulations.gov/EPA-HQ-OW-2017-0644-0575/attachment_1.pdf,ok,pdf,540,"{'n_pages': 1, 'n_pages_with_text': 1}"
EPA-HQ-OW-2017-0644-0695,https://downloads.regulations.gov/EPA-HQ-OW-2017-0644-0695/attachment_1.pdf,ok,pdf,453,"{'n_pages': 1, 'n_pages_with_text': 1}"
EPA-HQ-OW-2017-0644-0647,https://downloads.regulations.gov/EPA-HQ-OW-2017-0644-0647/attachment_1.pdf,ok,pdf,832,"{'n_pages': 1, 'n_pages_with_text': 1}"
EPA-HQ-OW-2017-0644-0502,https://downloads.regulations.gov/EPA-HQ-OW-2017-0644-0502/attachment_1.pdf,ok,pdf,446,"{'n_pages': 1, 'n_pages_with_text': 1}"
EPA-HQ-OW-2017-0644-0632,https://downloads.regulations.gov/EPA-HQ-OW-2017-0644-0632/attachment_1.pdf,ok,pdf,1134,"{'n_pages': 1, 'n_pages_with_text': 1}"
EPA-HQ-OW-2017-0644-0602,https://downloads.regulations.gov/EPA-HQ-OW-2017-0644-0602/attachment_1.pdf,ok,pdf,634,"{'n_pages': 1, 'n_pages_with_text': 1}"
EPA-HQ-OW-2017-0644-0402,https://downloads.regulations.gov/EPA-HQ-OW-2017-0644-0402/attachment_1.pdf,ok,pdf,438,"{'n_pages': 1, 'n_pages_with_text': 1}"
EPA-HQ-OW-2017-0644-0403,https://downloads.regulations.gov/EPA-HQ-OW-2017-0644-0403/attachment_1.pdf,ok,pdf,1310,"{'n_pages': 1, 'n_pages_with_text': 1}"
EPA-HQ-OW-2017-0644-0404,https://downloads.regulations.gov/EPA-HQ-OW-2017-0644-0404/attachment_1.pdf,ok,pdf,1558,"{'n_pages': 1, 'n_pages_with_text': 1}"
EPA-HQ-OW-2017-0644-0405,https://downloads.regulations.gov/EPA-HQ-OW-2017-0644-0405/attachment_1.pdf,ok,pdf,1300,"{'n_pages': 1, 'n_pages_with_text': 1}"
EPA-HQ-OW-2017-0644-0408,https://downloads.regulations.gov/EPA-HQ-OW-2017-0644-0408/attachment_1.pdf,ok,pdf,7956,"{'n_pages': 8, 'n_pages_with_text': 8}"
EPA-HQ-OW-2017-0644-0716,https://downloads.regulations.gov/EPA-HQ-OW-2017-0644-0716/attachment_1.pdf,ok,pdf,124388,"{'n_pages': 114, 'n_pages_with_text': 114}"
EPA-HQ-OW-2017-0644-0516,https://downloads.regulations.gov/EPA-HQ-OW-2017-0644-0516/attachment_1.pdf,ok,pdf,1270,"{'n_pages': 2, 'n_pages_with_text': 1}"
EPA-HQ-OW-2017-0644-0680,https://downloads.regulations.gov/EPA-HQ-OW-2017-0644-0680/attachment_1.pdf,ok,pdf,1089,"{'n_pages': 1, 'n_pages_with_text': 1}"
EPA-HQ-OW-2017-0644-0656,https://downloads.regulations.gov/EPA-HQ-OW-2017-0644-0656/attachment_1.pdf,ok,pdf,2087,"{'n_pages': 1, 'n_pages_with_text': 1}"
EPA-HQ-OW-2017-0644-0500,https://downloads.regulations.gov/EPA-HQ-OW-2017-0644-0500/attachment_1.pdf,ok,pdf,543,"{'n_pages': 1, 'n_pages_with_text': 1}"
EPA-HQ-RCRA-2009-0640-10164,https://downloads.regulations.gov/EPA-HQ-RCRA-2009-0640-10164/attachment_1.pdf,ok,pdf,6754,"{'n_pages': 3, 'n_pages_with_text': 3}"
EPA-HQ-RCRA-2009-0640-6831,https://downloads.regulations.gov/EPA-HQ-RCRA-2009-0640-6831/attachment_1.pdf,ok,pdf,5358,"{'n_pages': 3, 'n_pages_with_text': 3}"
EPA-HQ-RCRA-2009-0640-11694,https://downloads.regulations.gov/EPA-HQ-RCRA-2009-0640-11694/attachment_1.pdf,ok,pytesseract,2165,method=pytesseract n_pages=2 quality=ok
EPA-HQ-RCRA-2009-0640-7774,https://downloads.regulations.gov/EPA-HQ-RCRA-2009-0640-7774/attachment_1.pdf,ok,pdf,979,"{'n_pages': 1, 'n_pages_with_text': 1}"
EPA-HQ-RCRA-2009-0640-0429,https://downloads.regulations.gov/EPA-HQ-RCRA-2009-0640-0429/attachment_1.pdf,ok,pdf,1184,"{'n_pages': 1, 'n_pages_with_text': 1}"
EPA-HQ-RCRA-2009-0640-4137,https://downloads.regulations.gov/EPA-HQ-RCRA-2009-0640-4137/attachment_1.doc,extract_fail:unsupported kind=doc,doc,0,{'reason': 'unsupported kind=doc'}
EPA-HQ-RCRA-2009-0640-3936,https://downloads.regulations.gov/EPA-HQ-RCRA-2009-0640-3936/attachment_2.pdf,ok,pytesseract,11977,method=pytesseract n_pages=4 quality=ok
EPA-HQ-RCRA-2009-0640-9181,https://downloads.regulations.gov/EPA-HQ-RCRA-2009-0640-9181/attachment_1.pdf,ok,pdf,5155,"{'n_pages': 2, 'n_pages_with_text': 2}"
EPA-HQ-RCRA-2009-0640-6383,https://downloads.regulations.gov/EPA-HQ-RCRA-2009-0640-6383/attachment_1.pdf,ok,pdf,1069,"{'n_pages': 1, 'n_pages_with_text': 1}"
EPA-HQ-RCRA-2009-0640-11593,https://downloads.regulations.gov/EPA-HQ-RCRA-2009-0640-11593/attachment_1.pdf,ok,pytesseract,3087,method=pytesseract n_pages=2 quality=ok
EPA-HQ-RCRA-2009-0640-8261,https://downloads.regulations.gov/EPA-HQ-RCRA-2009-0640-8261/attachment_2.pdf,ok,pdf,25053,"{'n_pages': 8, 'n_pages_with_text': 8}"
EPA-HQ-RCRA-2009-0640-5935,https://downloads.regulations.gov/EPA-HQ-RCRA-2009-0640-5935/attachment_1.pdf,ok,pdf,639,"{'n_pages': 1, 'n_pages_with_text': 1}"
EPA-HQ-RCRA-2009-0640-10506,https://downloads.regulations.gov/EPA-HQ-RCRA-2009-0640-10506/attachment_1.pdf,ok,pdf,7838,"{'n_pages': 3, 'n_pages_with_text': 3}"
EPA-HQ-RCRA-2009-0640-6357,https://downloads.regulations.gov/EPA-HQ-RCRA-2009-0640-6357/attachment_1.pdf,ok,pdf,36333,"{'n_pages': 16, 'n_pages_with_text': 16}"
EPA-HQ-RCRA-2009-0640-10738,https://downloads.regulations.gov/EPA-HQ-RCRA-2009-0640-10738/attachment_1.pdf,ok,pytesseract,3807,method=pytesseract n_pages=4 quality=ok
EPA-HQ-RCRA-2009-0640-5804,https://downloads.regulations.gov/EPA-HQ-RCRA-2009-0640-5804/attachment_1.pdf,ok,pdf,3463,"{'n_pages': 2, 'n_pages_with_text': 2}"
EPA-HQ-RCRA-2009-0640-3446,https://downloads.regulations.gov/EPA-HQ-RCRA-2009-0640-3446/attachment_1.pdf,ok,pytesseract,14414,method=pytesseract n_pages=6 quality=ok
EPA-HQ-RCRA-2009-0640-1098,https://downloads.regulations.gov/EPA-HQ-RCRA-2009-0640-1098/attachment_2.pdf,ok,pdf,2747,"{'n_pages': 2, 'n_pages_with_text': 2}"
EPA-HQ-RCRA-2009-0640-1171,https://downloads.regulations.gov/EPA-HQ-RCRA-2009-0640-1171/attachment_2.pdf,ok,pdf,3947,"{'n_pages': 2, 'n_pages_with_text': 2}"
EPA-HQ-RCRA-2009-0640-11277,https://downloads.regulations.gov/EPA-HQ-RCRA-2009-0640-11277/attachment_1.pdf,ok,pytesseract,4135,method=pytesseract n_pages=2 quality=ok
EPA-HQ-RCRA-2009-0640-8715,https://downloads.regulations.gov/EPA-HQ-RCRA-2009-0640-8715/attachment_1.pdf,ok,pdf,588,"{'n_pages': 1, 'n_pages_with_text': 1}"
EPA-HQ-RCRA-2009-0640-5747,https://downloads.regulations.gov/EPA-HQ-RCRA-2009-0640-5747/attachment_1.pdf,ok,pdf,2851,"{'n_pages': 2, 'n_pages_with_text': 2}"
EPA-HQ-RCRA-2009-0640-5532,https://downloads.regulations.gov/EPA-HQ-RCRA-2009-0640-5532/attachment_1.pdf,ok,pdf,1446,"{'n_pages': 1, 'n_pages_with_text': 1}"
EPA-HQ-RCRA-2009-0640-7685,https://downloads.regulations.gov/EPA-HQ-RCRA-2009-0640-7685/attachment_1.pdf,ok,pdf,1106,"{'n_pages': 1, 'n_pages_with_text': 1}"
EPA-HQ-RCRA-2009-0640-9776,https://downloads.regulations.gov/EPA-HQ-RCRA-2009-0640-9776/attachment_1.pdf,ok,pdf,6337,"{'n_pages': 3, 'n_pages_with_text': 3}"
EPA-HQ-RCRA-2009-0640-5791,https://downloads.regulations.gov/EPA-HQ-RCRA-2009-0640-5791/attachment_1.pdf,ok,pdf,1390,"{'n_pages': 1, 'n_pages_with_text': 1}"
EPA-HQ-RCRA-2009-0640-10844,https://downloads.regulations.gov/EPA-HQ-RCRA-2009-0640-10844/attachment_1.pdf,ok,pytesseract,2870,method=pytesseract n_pages=1 quality=ok
EPA-HQ-RCRA-2009-0640-11185,https://downloads.regulations.gov/EPA-HQ-RCRA-2009-0640-11185/attachment_1.pdf,ok,pytesseract,2147,method=pytesseract n_pages=2 quality=ok
EPA-HQ-RCRA-2009-0640-0651,https://downloads.regulations.gov/EPA-HQ-RCRA-2009-0640-0651/attachment_1.pdf,ok,pdf,1527,"{'n_pages': 1, 'n_pages_with_text': 1}"
EPA-HQ-RCRA-2009-0640-7055,https://downloads.regulations.gov/EPA-HQ-RCRA-2009-0640-7055/attachment_1.pdf,ok,pdf,684,"{'n_pages': 1, 'n_pages_with_text': 1}"
EPA-HQ-RCRA-2009-0640-5088,https://downloads.regulations.gov/EPA-HQ-RCRA-2009-0640-5088/attachment_1.pdf,ok,pdf,1245,"{'n_pages': 1, 'n_pages_with_text': 1}"
EPA-HQ-RCRA-2009-0640-7206,https://downloads.regulations.gov/EPA-HQ-RCRA-2009-0640-7206/attachment_1.pdf,ok,pdf,1225,"{'n_pages': 1, 'n_pages_with_text': 1}"
EPA-HQ-RCRA-2009-0640-0620,https://downloads.regulations.gov/EPA-HQ-RCRA-2009-0640-0620/attachment_1.pdf,ok,pdf,1523,"{'n_pages': 1, 'n_pages_with_text': 1}"
EPA-HQ-RCRA-2009-0640-7182,https://downloads.regulations.gov/EPA-HQ-RCRA-2009-0640-7182/attachment_1.pdf,ok,pdf,973,"{'n_pages': 1, 'n_pages_with_text': 1}"
EPA-HQ-RCRA-2009-0640-9402,https://downloads.regulations.gov/EPA-HQ-RCRA-2009-0640-9402/attachment_1.pdf,ok,pdf,1822,"{'n_pages': 1, 'n_pages_with_text': 1}"
EPA-HQ-RCRA-2009-0640-9315,https://downloads.regulations.gov/EPA-HQ-RCRA-2009-0640-9315/attachment_1.pdf,ok,pdf,1147,"{'n_pages': 1, 'n_pages_with_text': 1}"
EPA-HQ-RCRA-2009-0640-11409,https://downloads.regulations.gov/EPA-HQ-RCRA-2009-0640-11409/attachment_1.pdf,ok,pytesseract,17096,method=pytesseract n_pages=5 quality=ok
EPA-HQ-RCRA-2009-0640-5349,https://downloads.regulations.gov/EPA-HQ-RCRA-2009-0640-5349/attachment_1.pdf,ok,pdf,1489,"{'n_pages': 1, 'n_pages_with_text': 1}"
EPA-HQ-RCRA-2009-0640-3782,https://downloads.regulations.gov/EPA-HQ-RCRA-2009-0640-3782/attachment_1.pdf,ok,pdf,1485,"{'n_pages': 1, 'n_pages_with_text': 1}"
EPA-HQ-RCRA-2009-0640-5102,https://downloads.regulations.gov/EPA-HQ-RCRA-2009-0640-5102/attachment_1.pdf,ok,pdf,1333,"{'n_pages': 1, 'n_pages_with_text': 1}"
EPA-HQ-RCRA-2009-0640-10412,https://downloads.regulations.gov/EPA-HQ-RCRA-2009-0640-10412/attachment_1.pdf,ok,pdf,1574,"{'n_pages': 1, 'n_pages_with_text': 1}"
EPA-HQ-RCRA-2009-0640-10411,https://downloads.regulations.gov/EPA-HQ-RCRA-2009-0640-10411/attachment_1.pdf,ok,pdf,1586,"{'n_pages': 1, 'n_pages_with_text': 1}"
EPA-HQ-RCRA-2009-0640-4133,https://downloads.regulations.gov/EPA-HQ-RCRA-2009-0640-4133/attachment_3.pdf,ok,pdf,208883,"{'n_pages': 191, 'n_pages_with_text': 191}"
EPA-HQ-RCRA-2009-0640-4066,https://downloads.regulations.gov/EPA-HQ-RCRA-2009-0640-4066/attachment_1.pdf,ok,pdf,1260,"{'n_pages': 1, 'n_pages_with_text': 1}"
EPA-HQ-RCRA-2009-0640-10441,https://downloads.regulations.gov/EPA-HQ-RCRA-2009-0640-10441/attachment_1.pdf,ok,pdf,932,"{'n_pages': 1, 'n_pages_with_text': 1}"
EPA-HQ-RCRA-2009-0640-6664,https://downloads.regulations.gov/EPA-HQ-RCRA-2009-0640-6664/attachment_1.pdf,ok,pytesseract,1155,method=pytesseract n_pages=1 quality=ok
EPA-HQ-RCRA-2009-0640-6983,https://downloads.regulations.gov/EPA-HQ-RCRA-2009-0640-6983/attachment_1.pdf,ok,pytesseract,663,method=pytesseract n_pages=2 quality=ok
EPA-HQ-RCRA-2009-0640-10436,https://downloads.regulations.gov/EPA-HQ-RCRA-2009-0640-10436/attachment_1.pdf,ok,pdf,2388,"{'n_pages': 1, 'n_pages_with_text': 1}"
EPA-HQ-RCRA-2009-0640-10432,https://downloads.regulations.gov/EPA-HQ-RCRA-2009-0640-10432/attachment_1.pdf,ok,pdf,1900,"{'n_pages': 1, 'n_pages_with_text': 1}"
EPA-HQ-RCRA-2009-0640-10460,https://downloads.regulations.gov/EPA-HQ-RCRA-2009-0640-10460/attachment_1.pdf,ok,pdf,1484,"{'n_pages': 1, 'n_pages_with_text': 1}"
EPA-R08-OAR-2015-0463-0053,https://downloads.regulations.gov/EPA-R08-OAR-2015-0463-0053/attachment_1.pdf,ok,pdf,2814,"{'n_pages': 1, 'n_pages_with_text': 1}"
EPA-R08-OAR-2015-0463-0100,https://downloads.regulations.gov/EPA-R08-OAR-2015-0463-0100/attachment_1.pdf,ok,pdf,1766,"{'n_pages': 1, 'n_pages_with_text': 1}"
EPA-R08-OAR-2015-0463-0101,https://downloads.regulations.gov/EPA-R08-OAR-2015-0463-0101/attachment_1.pdf,ok,pdf,1638,"{'n_pages': 1, 'n_pages_with_text': 1}"
EPA-R08-OAR-2015-0463-0102,https://downloads.regulations.gov/EPA-R08-OAR-2015-0463-0102/attachment_1.pdf,ok,pdf,1034,"{'n_pages': 1, 'n_pages_with_text': 1}"
EPA-R08-OAR-2015-0463-0107,https://downloads.regulations.gov/EPA-R08-OAR-2015-0463-0107/attachment_1.pdf,ok,pdf,9218,"{'n_pages': 3, 'n_pages_with_text': 3}"
EPA-R08-OAR-2015-0463-0112,https://downloads.regulations.gov/EPA-R08-OAR-2015-0463-0112/attachment_8.pdf,ok,pdf,2405,"{'n_pages': 1, 'n_pages_with_text': 1}"
EPA-R08-OAR-2015-0463-0113,https://downloads.regulations.gov/EPA-R08-OAR-2015-0463-0113/attachment_15.pdf,ok,pdf,7099,"{'n_pages': 4, 'n_pages_with_text': 4}"
EPA-R08-OAR-2015-0463-0114,https://downloads.regulations.gov/EPA-R08-OAR-2015-0463-0114/attachment_1.pdf,ok,pdf,8992,"{'n_pages': 4, 'n_pages_with_text': 4}"
EPA-R08-OAR-2015-0463-0118,https://downloads.regulations.gov/EPA-R08-OAR-2015-0463-0118/attachment_1.pdf,ok,pdf,1469,"{'n_pages': 2, 'n_pages_with_text': 1}"
EPA-R08-OAR-2015-0463-0130,https://downloads.regulations.gov/EPA-R08-OAR-2015-0463-0130/attachment_4.pdf,ok,pdf,121226,"{'n_pages': 49, 'n_pages_with_text': 49}"
EPA-R08-OAR-2015-0463-0132,https://downloads.regulations.gov/EPA-R08-OAR-2015-0463-0132/attachment_1.pdf,ok,pytesseract,2884,method=pytesseract n_pages=2 quality=ok
EPA-R08-OAR-2015-0463-0138,https://downloads.regulations.gov/EPA-R08-OAR-2015-0463-0138/attachment_1.pdf,ok,pdf,3305,"{'n_pages': 1, 'n_pages_with_text': 1}"
EPA-R08-OAR-2015-0463-0139,https://downloads.regulations.gov/EPA-R08-OAR-2015-0463-0139/attachment_1.pdf,ok,pdf,3288,"{'n_pages': 1, 'n_pages_with_text': 1}"
EPA-R08-OAR-2015-0463-0140,https://downloads.regulations.gov/EPA-R08-OAR-2015-0463-0140/attachment_1.pdf,ok,pdf,3331,"{'n_pages': 1, 'n_pages_with_text': 1}"
EPA-R08-OAR-2015-0463-0141,https://downloads.regulations.gov/EPA-R08-OAR-2015-0463-0141/attachment_1.pdf,ok,pdf,3533,"{'n_pages': 1, 'n_pages_with_text': 1}"
EPA-R08-OAR-2015-0463-0154,https://downloads.regulations.gov/EPA-R08-OAR-2015-0463-0154/attachment_1.pdf,ok,pdf,12178,"{'n_pages': 6, 'n_pages_with_text': 5}"
EPA-R08-OAR-2015-0463-0162,https://downloads.regulations.gov/EPA-R08-OAR-2015-0463-0162/attachment_1.pdf,ok,pdf,433280,"{'n_pages': 215, 'n_pages_with_text': 204}"
EPA-R08-OAR-2015-0463-0165,https://downloads.regulations.gov/EPA-R08-OAR-2015-0463-0165/attachment_1.pdf,ok,pdf,2845,"{'n_pages': 2, 'n_pages_with_text': 2}"
EPA-R08-OAR-2015-0463-0166,https://downloads.regulations.gov/EPA-R08-OAR-2015-0463-0166/attachment_1.pdf,ok,pdf,6800,"{'n_pages': 2, 'n_pages_with_text': 2}"
EPA-R08-OAR-2015-0463-0169,https://downloads.regulations.gov/EPA-R08-OAR-2015-0463-0169/attachment_1.pdf,ok,pdf,430646,"{'n_pages': 213, 'n_pages_with_text': 202}"
EPA-R08-OAR-2015-0463-0172,https://downloads.regulations.gov/EPA-R08-OAR-2015-0463-0172/attachment_1.pdf,ok,pdf,7955,"{'n_pages': 4, 'n_pages_with_text': 4}"
EPA-R08-OAR-2015-0463-0173,https://downloads.regulations.gov/EPA-R08-OAR-2015-0463-0173/attachment_4.pdf,ok,pdf,1925,"{'n_pages': 3, 'n_pages_with_text': 3}"
EPA-R08-OAR-2015-0463-0174,https://downloads.regulations.gov/EPA-R08-OAR-2015-0463-0174/attachment_1.pdf,ok,pdf,723691,"{'n_pages': 461, 'n_pages_with_text': 460}"
EPA-R08-OAR-2015-0463-0175,https://downloads.regulations.gov/EPA-R08-OAR-2015-0463-0175/attachment_1.pdf,ok,pdf,5070,"{'n_pages': 3, 'n_pages_with_text': 3}"
EPA-R08-OAR-2015-0463-0176,https://downloads.regulations.gov/EPA-R08-OAR-2015-0463-0176/attachment_1.pdf,ok,pdf,3686,"{'n_pages': 2, 'n_pages_with_text': 2}"
EPA-R08-OAR-2015-0463-0177,https://downloads.regulations.gov/EPA-R08-OAR-2015-0463-0177/attachment_1.pdf,ok,pdf,3178,"{'n_pages': 1, 'n_pages_with_text': 1}"
EPA-R08-OAR-2015-0463-0178,https://downloads.regulations.gov/EPA-R08-OAR-2015-0463-0178/attachment_1.pdf,ok,pdf,3565,"{'n_pages': 1, 'n_pages_with_text': 1}"
EPA-R08-OAR-2015-0463-0179,https://downloads.regulations.gov/EPA-R08-OAR-2015-0463-0179/attachment_1.pdf,ok,pdf,6624,"{'n_pages': 2, 'n_pages_with_text': 2}"
EPA-R08-OAR-2015-0463-0180,https://downloads.regulations.gov/EPA-R08-OAR-2015-0463-0180/attachment_1.pdf,ok,pdf,5269,"{'n_pages': 3, 'n_pages_with_text': 3}"
EPA-R08-OAR-2015-0463-0181,https://downloads.regulations.gov/EPA-R08-OAR-2015-0463-0181/attachment_1.pdf,ok,pdf,10821,"{'n_pages': 4, 'n_pages_with_text': 4}"
EPA-R08-OAR-2015-0463-0293,https://downloads.regulations.gov/EPA-R08-OAR-2015-0463-0293/attachment_1.pdf,ok,pdf,4238,"{'n_pages': 2, 'n_pages_with_text': 2}"
EPA-R08-OAR-2015-0463-0522,https://downloads.regulations.gov/EPA-R08-OAR-2015-0463-0522/attachment_1.pdf,ok,pdf,112,"{'n_pages': 1, 'n_pages_with_text': 1}"
EPA-R08-OAR-2015-0463-0523,https://downloads.regulations.gov/EPA-R08-OAR-2015-0463-0523/attachment_1.pdf,ok,pdf,1772,"{'n_pages': 1, 'n_pages_with_text': 1}"
EPA-R08-OAR-2015-0463-0524,https://downloads.regulations.gov/EPA-R08-OAR-2015-0463-0524/attachment_1.pdf,ok,pdf,91279,"{'n_pages': 32, 'n_pages_with_text': 19}"
EPA-R08-OAR-2015-0463-0525,https://downloads.regulations.gov/EPA-R08-OAR-2015-0463-0525/attachment_1.pdf,ok,pdf,134357,"{'n_pages': 84, 'n_pages_with_text': 84}"
EPA-R08-OAR-2015-0463-1135,https://downloads.regulations.gov/EPA-R08-OAR-2015-0463-1135/attachment_1.pdf,ok,pdf,6089,"{'n_pages': 3, 'n_pages_with_text': 3}"
EPA-R08-OAR-2015-0463-1137,https://downloads.regulations.gov/EPA-R08-OAR-2015-0463-1137/attachment_1.pdf,ok,pdf,46623,"{'n_pages': 17, 'n_pages_with_text': 17}"
EPA-R08-OAR-2015-0463-1140,https://downloads.regulations.gov/EPA-R08-OAR-2015-0463-1140/attachment_3.pdf,ok,pdf,12075,"{'n_pages': 8, 'n_pages_with_text': 8}"
EPA-R08-OAR-2015-0463-1141,https://downloads.regulations.gov/EPA-R08-OAR-2015-0463-1141/attachment_1.pdf,ok,pdf,112,"{'n_pages': 1, 'n_pages_with_text': 1}"
