docket_id,rule_type,fr_doc_number,publication_date,title,subtype,n_chars,text_path,raw_text_url,abstract
EPA-HQ-OA-2014-0012,final,2014-16808,2014-07-17,Administrative Wage Garnishment,,3093,data/raw/federal_register/EPA-HQ-OA-2014-0012_final_2014-16808.txt,https://www.federalregister.gov/documents/full_text/text/2014/07/17/2014-16808.txt,"Due to the receipt of adverse comments, EPA is withdrawing the direct final rule for Administrative Wage Garnishment published in the Federal Register on July 2, 2014."
EPA-HQ-OA-2014-0012,proposed,2014-17322,2014-07-23,Administrative Wage Garnishment,,3602,data/raw/federal_register/EPA-HQ-OA-2014-0012_proposed_2014-17322.txt,https://www.federalregister.gov/documents/full_text/text/2014/07/23/2014-17322.txt,"The EPA is extending the period for providing comments on the proposed rule entitled, Administrative Wage Garnishment published in the Federal Register on July 2, 2014 to September 2, 2014."
EPA-HQ-OAR-1994-0099,final,95-10099,1995-04-25,"California, Sacramento Ozone Nonattainment Area, Reclassification to Severe",,7533,data/raw/federal_register/EPA-HQ-OAR-1994-0099_final_95-10099.txt,https://www.federalregister.gov/documents/full_text/text/1995/04/25/95-10099.txt,"On November 6, 1991, the Sacramento Metro ozone nonattainment area was classified under the Clean Air Act (CAA) as ``Serious'' with an attainment date of no later than 1999. On November 15, 1994, California submitted the State implementation plan (SIP) for ozone attainment. For the Sacramento Metro ozone nonattainment area, the SIP relied on an attainment date of 2005. On December 29, 1994, the State submitted a revision to the SIP which reaffirmed the 2005 attainment date. EPA construes these s"
EPA-HQ-OAR-1994-0099,final,02-13976,2002-06-04,Regulation of Fuels and Fuel Additives: Modifications to Reformulated Gasoline Covered Area Provisions,,40457,data/raw/federal_register/EPA-HQ-OAR-1994-0099_final_02-13976.txt,https://www.federalregister.gov/documents/full_text/text/2002/06/04/02-13976.txt,
EPA-HQ-OAR-1994-0099,proposed,94-11399,1994-05-10,Approval and Promulgation of Federal Implementation Plans; CaliforniaSacramento and Ventura Ozone; South Coast Ozone and Carbon Monoxide; Sacramento Ozone Area Reclassification,,17761,data/raw/federal_register/EPA-HQ-OAR-1994-0099_proposed_94-11399.txt,https://www.federalregister.gov/documents/full_text/text/1994/05/10/94-11399.txt,"EPA is making technical corrections to proposed federal implementation plans (FIPs) to attain the national ambient air quality standards (NAAQS) for ozone in the Sacramento and Ventura nonattainment areas, and for ozone and carbon monoxide in the South Coast nonattainment area. The corrections relate to the proposed ``cap rules'' for stationary and area sources and the Parking Cash Out program. EPA is also establishing FIP public hearing dates and locations in the three affected areas."
EPA-HQ-OAR-1994-0099,proposed,02-13977,2002-06-04,Regulation of Fuels and Fuel Additives: Modifications to Reformulated Gasoline Covered Area Provisions,,24972,data/raw/federal_register/EPA-HQ-OAR-1994-0099_proposed_02-13977.txt,https://www.federalregister.gov/documents/full_text/text/2002/06/04/02-13977.txt,
EPA-HQ-OAR-2002-0058,final,E6-20637,2006-12-06,"National Emission Standards for Hazardous Air Pollutants for Industrial, Commercial, and Institutional Boilers and Process Heaters: Reconsideration of Emissions Averaging Provision and Technical Corrections",,104650,data/raw/federal_register/EPA-HQ-OAR-2002-0058_final_E6-20637.txt,https://www.federalregister.gov/documents/full_text/text/2006/12/06/E6-20637.txt,"EPA is promulgating amendments to the National Emission Standards for Hazardous Air Pollutants (NESHAP) for Industrial, Commercial, and Institutional Boilers and Process Heaters. After promulgation of this final rule, the Administrator received petitions for reconsideration of certain provisions in the final rule. Subsequently, EPA published a notice of the reconsideration and requested public comment on proposed amendments to the NESHAP. After evaluating public comments, we are adopting each of"
EPA-HQ-OAR-2002-0058,final,2011-4494,2011-03-21,"National Emission Standards for Hazardous Air Pollutants for Major Sources: Industrial, Commercial, and Institutional Boilers and Process Heaters",,728660,data/raw/federal_register/EPA-HQ-OAR-2002-0058_final_2011-4494.txt,https://www.federalregister.gov/documents/full_text/text/2011/03/21/2011-4494.txt,"On September 13, 2004, under authority of section 112 of the Clean Air Act, EPA promulgated national emission standards for hazardous air pollutants for new and existing industrial/commercial/ institutional boilers and process heaters. On June 19, 2007, the United States Court of Appeals for the District of Columbia Circuit vacated and remanded the standards. In response to the Court's vacatur and remand, EPA is, in this action, establishing emission standards that will require industrial/ comme"
EPA-HQ-OAR-2002-0058,final,2011-12308,2011-05-18,"Industrial, Commercial, and Institutional Boilers and Process Heaters and Commercial and Industrial Solid Waste Incineration Units",,11978,data/raw/federal_register/EPA-HQ-OAR-2002-0058_final_2011-12308.txt,https://www.federalregister.gov/documents/full_text/text/2011/05/18/2011-12308.txt,"The EPA is delaying the effective dates for the final rules titled ""National Emission Standards for Hazardous Air Pollutants for Major Sources: Industrial, Commercial, and Institutional Boilers and Process Heaters"" and ""Standards of Performance for New Sources and Emission Guidelines for Existing Sources: Commercial and Industrial Solid Waste Incineration Units"" under the authority of the Administrative Procedure Act (APA) until the proceedings for judicial review of these rules are completed or"
EPA-HQ-OAR-2002-0058,final,2012-31646,2013-01-31,"National Emission Standards for Hazardous Air Pollutants for Major Sources: Industrial, Commercial, and Institutional Boilers and Process Heaters",,612193,data/raw/federal_register/EPA-HQ-OAR-2002-0058_final_2012-31646.txt,https://www.federalregister.gov/documents/full_text/text/2013/01/31/2012-31646.txt,"In this action the EPA is taking final action on its reconsideration of certain issues in the emission standards for the control of hazardous air pollutants from new and existing industrial, commercial, and institutional boilers and process heaters at major sources of hazardous air pollutants, which were issued under section 112 of the Clean Air Act. As part of this action, the EPA is making technical corrections to the final rule to clarify definitions, references, applicability and compliance "
EPA-HQ-OAR-2002-0058,final,2015-29186,2015-11-20,"National Emission Standards for Hazardous Air Pollutants for Major Sources: Industrial, Commercial, and Institutional Boilers and Process Heaters",,375252,data/raw/federal_register/EPA-HQ-OAR-2002-0058_final_2015-29186.txt,https://www.federalregister.gov/documents/full_text/text/2015/11/20/2015-29186.txt,"This action sets forth the Environmental Protection Agency's (EPA's) final decision on the issues for which it granted reconsideration on January 21, 2015, that pertain to certain aspects of the January 31, 2013, final amendments to the ""National Emission Standards for Hazardous Air Pollutants for Major Sources: Industrial, Commercial, and Institutional Boilers and Process Heaters"" (Boiler MACT). The EPA is retaining a minimum carbon monoxide (CO) limit of 130 parts per million (ppm) and the par"
EPA-HQ-OAR-2002-0058,final,2022-19612,2022-10-06,"National Emission Standards for Hazardous Air Pollutants for Major Sources: Industrial, Commercial, and Institutional Boilers and Process Heaters",,458713,data/raw/federal_register/EPA-HQ-OAR-2002-0058_final_2022-19612.txt,https://www.federalregister.gov/documents/full_text/text/2022/10/06/2022-19612.txt,"This action finalizes amendments to the national emission standards for hazardous air pollutants (NESHAP) at major sources from new and existing industrial, commercial, and institutional (ICI) boilers and process heaters. Certain aspects of these standards were challenged and subsequently remanded to the Agency by the United States Court of Appeals for the District of Columbia Circuit (D.C. Circuit). This action finalizes amendments to several numeric emission limits for new and existing boilers"
EPA-HQ-OAR-2002-0058,proposed,2010-10827,2010-06-04,"National Emission Standards for Hazardous Air Pollutants for Major Sources: Industrial, Commercial, and Institutional Boilers and Process Heaters",,523346,data/raw/federal_register/EPA-HQ-OAR-2002-0058_proposed_2010-10827.txt,https://www.federalregister.gov/documents/full_text/text/2010/06/04/2010-10827.txt,"On September 13, 2004, under authority of section 112 of the Clean Air Act, EPA promulgated national emission standards for hazardous air pollutants for new and existing industrial/commercial/ institutional boilers and process heaters. On June 19, 2007, the United States Court of Appeals for the District of Columbia Circuit vacated and remanded the national emission standards for hazardous air pollutants for industrial/commercial/institutional boilers and process heaters. In response to the cour"
EPA-HQ-OAR-2002-0058,proposed,2010-13877,2010-06-09,"National Emission Standards for Hazardous Air Pollutants for Major Sources: Industrial, Commercial, and Institutional Boilers and Process Heaters; National Emission Standards for Hazardous Air Pollutants for Area Sources: Industrial, Commercial, and Institutional Boilers; Standards of Performance for New Stationary Sources and Emission Guidelines for Existing Sources: Commercial and Industrial Solid Waste Incineration Units; Identification of Non-Hazardous Secondary Materials That Are Solid Waste",,16149,data/raw/federal_register/EPA-HQ-OAR-2002-0058_proposed_2010-13877.txt,https://www.federalregister.gov/documents/full_text/text/2010/06/09/2010-13877.txt,"On April 29, 2010, the EPA Administrator signed proposed emission standards for the following source categories: Industrial, Commercial, and Institutional Boilers and Process Heaters located at major sources; Industrial, Commercial, and Institutional Boilers located at area sources; and Commercial and Industrial Solid Waste Incineration Units. On the same date, the Administrator also signed a proposal entitled ""Identification of Non-Hazardous Secondary Materials That Are Solid Waste."" EPA has re"
EPA-HQ-OAR-2002-0058,proposed,2010-17966,2010-07-22,"National Emission Standards for Hazardous Air Pollutants for Major Sources: Industrial, Commercial, and Institutional Boilers and Process Heaters; National Emission Standards for Hazardous Air Pollutants for Area Sources: Industrial, Commercial, and Institutional Boilers; Standards of Performance for New Stationary Sources and Emission Guidelines for Existing Sources: Commercial and Industrial Solid Waste Incineration Units",,11180,data/raw/federal_register/EPA-HQ-OAR-2002-0058_proposed_2010-17966.txt,https://www.federalregister.gov/documents/full_text/text/2010/07/22/2010-17966.txt,"On April 29, 2010, the EPA Administrator signed proposed emission standards for the following source categories: Industrial, Commercial, and Institutional Boilers and Process Heaters located at major sources; Industrial, Commercial, and Institutional Boilers located at area sources; and Commercial and Industrial Solid Waste Incineration Units. These proposed rule documents were published on June 4, 2010. In this action, EPA is extending the comment period for these three related proposed rules u"
EPA-HQ-OAR-2002-0058,proposed,2011-4490,2011-03-21,National Emission Standards for Hazardous Air Pollutants; Notice of Reconsideration,,8670,data/raw/federal_register/EPA-HQ-OAR-2002-0058_proposed_2011-4490.txt,https://www.federalregister.gov/documents/full_text/text/2011/03/21/2011-4490.txt,"EPA is initiating a reconsideration process with respect to certain aspects of the national emission standards for hazardous air pollutants (NESHAP) for new and existing sources for Major Source Industrial, Commercial, and Institutional Boilers and Process Heaters; the NESHAP for new and existing sources for Area Source Industrial, Commercial, and Institutional Boilers; and standards of performance for new Commercial and Industrial Solid Waste Incineration Units and emission guidelines for exist"
EPA-HQ-OAR-2002-0058,proposed,2011-31667,2011-12-23,"National Emission Standards for Hazardous Air Pollutants for Major Sources: Industrial, Commercial, and Institutional Boilers and Process Heaters",,579209,data/raw/federal_register/EPA-HQ-OAR-2002-0058_proposed_2011-31667.txt,https://www.federalregister.gov/documents/full_text/text/2011/12/23/2011-31667.txt,"On March 21, 2011, the EPA promulgated national emission standards for the control of hazardous air pollutants from new and existing industrial, commercial, and institutional boilers and process heaters at major sources of hazardous air pollutants. On that same day, the EPA also published a notice announcing its intent to reconsider certain provisions of the final rule. The EPA subsequently issued a notice on May 18, 2011, to postpone the effective dates of the final rule until judicial review h"
EPA-HQ-OAR-2002-0058,proposed,2014-29569,2015-01-21,"National Emission Standards for Hazardous Air Pollutants for Major Sources: Industrial, Commercial, and Institutional Boilers and Process Heaters",,336139,data/raw/federal_register/EPA-HQ-OAR-2002-0058_proposed_2014-29569.txt,https://www.federalregister.gov/documents/full_text/text/2015/01/21/2014-29569.txt,"On January 31, 2013, the Environmental Protection Agency (EPA) finalized amendments to the national emission standards for the control of hazardous air pollutants (HAP) from new and existing industrial, commercial, and institutional boilers and process heaters at major sources of HAP. Subsequently, the EPA received 10 petitions for reconsideration of the final rule. The EPA is announcing reconsideration of and requesting public comment on three issues raised in the petitions for reconsideration,"
EPA-HQ-OAR-2002-0058,proposed,2020-15121,2020-08-24,"National Emission Standards for Hazardous Air Pollutants for Major Sources: Industrial, Commercial, and Institutional Boilers and Process Heaters; Amendments",,332830,data/raw/federal_register/EPA-HQ-OAR-2002-0058_proposed_2020-15121.txt,https://www.federalregister.gov/documents/full_text/text/2020/08/24/2020-15121.txt,"On January 31, 2013, the U.S. Environmental Protection Agency (EPA) finalized amendments to the national emission standards (NESHAP) for the control of hazardous air pollutants (HAP) at major sources from new and existing industrial, commercial, and institutional (ICI) boilers and process heaters. Subsequently, the United States Court of Appeals for the District of Columbia Circuit (D.C. Circuit), in a decision issued in July 2016, remanded several of the emission standards to the EPA based on t"
EPA-HQ-OAR-2003-0119,final,2011-4495,2011-03-21,Standards of Performance for New Stationary Sources and Emission Guidelines for Existing Sources: Commercial and Industrial Solid Waste Incineration Units,,656365,data/raw/federal_register/EPA-HQ-OAR-2003-0119_final_2011-4495.txt,https://www.federalregister.gov/documents/full_text/text/2011/03/21/2011-4495.txt,"This action promulgates EPA's final response to the 2001 voluntary remand of the December 1, 2000, new source performance standards and emission guidelines for commercial and industrial solid waste incineration units and the vacatur and remand of several definitions by the District of Columbia Circuit Court of Appeals in 2007. In addition, this action includes the 5-year technology review of the new source performance standards and emission guidelines required under section 129 of the Clean Air "
EPA-HQ-OAR-2003-0119,final,2012-31632,2013-02-07,Commercial and Industrial Solid Waste Incineration Units: Reconsideration and Final Amendments; Non-Hazardous Secondary Materials That Are Solid Waste,,770283,data/raw/federal_register/EPA-HQ-OAR-2003-0119_final_2012-31632.txt,https://www.federalregister.gov/documents/full_text/text/2013/02/07/2012-31632.txt,"This action sets forth the EPA's final decision on the issues for which it granted reconsideration in December 2011, which pertain to certain aspects of the March 21, 2011, final rule titled ""Standards of Performance for New Stationary Sources and Emissions Guidelines for Existing Sources: Commercial and Industrial Solid Waste Incineration Units"" (CISWI rule). This action also includes our final decision to deny the requests for reconsideration with respect to all issues raised in the petitions "
EPA-HQ-OAR-2003-0119,final,2016-13687,2016-06-23,Standards of Performance for New Stationary Sources and Emission Guidelines for Existing Sources: Commercial and Industrial Solid Waste Incineration Units,,592388,data/raw/federal_register/EPA-HQ-OAR-2003-0119_final_2016-13687.txt,https://www.federalregister.gov/documents/full_text/text/2016/06/23/2016-13687.txt,"This action sets forth the Environmental Protection Agency's (EPA) final decision on the issues for which it granted reconsideration on January 21, 2015, which pertain to certain aspects of the February 7, 2013, final rule titled ""Standards of Performance for New Stationary Sources and Emissions Guidelines for Existing Sources: Commercial and Industrial Solid Waste Incineration Units"" (CISWI rule). The EPA is finalizing proposed actions on these four topics: Definition of ""continuous emission mo"
EPA-HQ-OAR-2003-0119,final,2019-05529,2019-04-16,Standards of Performance for New Stationary Sources and Emission Guidelines for Existing Sources: Commercial and Industrial Solid Waste Incineration Units; Technical Amendments,,555282,data/raw/federal_register/EPA-HQ-OAR-2003-0119_final_2019-05529.txt,https://www.federalregister.gov/documents/full_text/text/2019/04/16/2019-05529.txt,"Following requests for clarification of its June 2016 final action, the Environmental Protection Agency (EPA) published proposed amendments to several provisions of the 2016 New Source Performance Standards (NSPS) and Emission Guidelines (EG) for Commercial and Industrial Solid Waste Incineration (CISWI). This action finalizes the proposed amendments, which provide clarity and address implementation issues in the final CISWI NSPS and EG, as well as correcting inconsistencies and errors in these "
EPA-HQ-OAR-2003-0119,final,2025-16360,2025-08-26,Commercial and Industrial Solid Waste Incineration Units: Temporary-Use Incinerators and Air Curtain Incinerators Used in Disaster Recovery,,67088,data/raw/federal_register/EPA-HQ-OAR-2003-0119_final_2025-16360.txt,https://www.federalregister.gov/documents/full_text/text/2025/08/26/2025-16360.txt,"The U.S. Environmental Protection Agency (EPA) is taking interim final action to provide for the temporary use of incineration units subject to commercial and industrial solid waste incinerator (CISWI) regulations during disaster recovery. Currently, only other solid waste incinerators (OSWI) are authorized to combust debris from a disaster or emergency on a temporary basis without having to comply with applicable Clean Air Act (CAA) section 129 requirements. We are also authorizing such tempora"
EPA-HQ-OAR-2003-0119,final,2026-05395,2026-03-19,Commercial and Industrial Solid Waste Incineration Units: Temporary-Use Incinerators and Air Curtain Incinerators Used in Disaster Recovery; Rescission of Interim Final Rule,,15342,data/raw/federal_register/EPA-HQ-OAR-2003-0119_final_2026-05395.txt,https://www.federalregister.gov/documents/full_text/text/2026/03/19/2026-05395.txt,"The U.S. Environmental Protection Agency (EPA) is rescinding the interim final rule (IFR) titled ""Commercial and Industrial Solid Waste Incineration Units: Temporary-Use Incinerators and Air Curtain Incinerators Used in Disaster Recovery."" The IFR added temporary-use provisions that excluded certain commercial and industrial solid waste incineration (CISWI) units from otherwise applicable requirements when used on a temporary basis to combust non-hazardous debris in specified emergency or disast"
EPA-HQ-OAR-2003-0119,proposed,2010-10821,2010-06-04,Standards of Performance for New Stationary Sources and Emission Guidelines for Existing Sources: Commercial and Industrial Solid Waste Incineration Units,,515447,data/raw/federal_register/EPA-HQ-OAR-2003-0119_proposed_2010-10821.txt,https://www.federalregister.gov/documents/full_text/text/2010/06/04/2010-10821.txt,"On December 1, 2000, EPA adopted new source performance standards and emission guidelines for commercial and industrial solid waste incineration units established under Sections 111 and 129 of the Clean Air Act. In 2001, EPA granted a petition for reconsideration regarding the definitions of ""commercial and industrial waste"" and ""commercial and industrial solid waste incineration unit."" In 2001, the United States Court of Appeals for the District of Columbia Circuit granted EPA's voluntary reman"
EPA-HQ-OAR-2003-0119,proposed,2010-13877,2010-06-09,"National Emission Standards for Hazardous Air Pollutants for Major Sources: Industrial, Commercial, and Institutional Boilers and Process Heaters; National Emission Standards for Hazardous Air Pollutants for Area Sources: Industrial, Commercial, and Institutional Boilers; Standards of Performance for New Stationary Sources and Emission Guidelines for Existing Sources: Commercial and Industrial Solid Waste Incineration Units; Identification of Non-Hazardous Secondary Materials That Are Solid Waste",,16149,data/raw/federal_register/EPA-HQ-OAR-2003-0119_proposed_2010-13877.txt,https://www.federalregister.gov/documents/full_text/text/2010/06/09/2010-13877.txt,"On April 29, 2010, the EPA Administrator signed proposed emission standards for the following source categories: Industrial, Commercial, and Institutional Boilers and Process Heaters located at major sources; Industrial, Commercial, and Institutional Boilers located at area sources; and Commercial and Industrial Solid Waste Incineration Units. On the same date, the Administrator also signed a proposal entitled ""Identification of Non-Hazardous Secondary Materials That Are Solid Waste."" EPA has re"
EPA-HQ-OAR-2003-0119,proposed,2010-17966,2010-07-22,"National Emission Standards for Hazardous Air Pollutants for Major Sources: Industrial, Commercial, and Institutional Boilers and Process Heaters; National Emission Standards for Hazardous Air Pollutants for Area Sources: Industrial, Commercial, and Institutional Boilers; Standards of Performance for New Stationary Sources and Emission Guidelines for Existing Sources: Commercial and Industrial Solid Waste Incineration Units",,11180,data/raw/federal_register/EPA-HQ-OAR-2003-0119_proposed_2010-17966.txt,https://www.federalregister.gov/documents/full_text/text/2010/07/22/2010-17966.txt,"On April 29, 2010, the EPA Administrator signed proposed emission standards for the following source categories: Industrial, Commercial, and Institutional Boilers and Process Heaters located at major sources; Industrial, Commercial, and Institutional Boilers located at area sources; and Commercial and Industrial Solid Waste Incineration Units. These proposed rule documents were published on June 4, 2010. In this action, EPA is extending the comment period for these three related proposed rules u"
EPA-HQ-OAR-2003-0119,proposed,2011-4490,2011-03-21,National Emission Standards for Hazardous Air Pollutants; Notice of Reconsideration,,8670,data/raw/federal_register/EPA-HQ-OAR-2003-0119_proposed_2011-4490.txt,https://www.federalregister.gov/documents/full_text/text/2011/03/21/2011-4490.txt,"EPA is initiating a reconsideration process with respect to certain aspects of the national emission standards for hazardous air pollutants (NESHAP) for new and existing sources for Major Source Industrial, Commercial, and Institutional Boilers and Process Heaters; the NESHAP for new and existing sources for Area Source Industrial, Commercial, and Institutional Boilers; and standards of performance for new Commercial and Industrial Solid Waste Incineration Units and emission guidelines for exist"
EPA-HQ-OAR-2003-0119,proposed,2011-31648,2011-12-23,Commercial and Industrial Solid Waste Incineration Units: Reconsideration and Proposed Amendments; Non-Hazardous Secondary Materials That Are Solid Waste,,608769,data/raw/federal_register/EPA-HQ-OAR-2003-0119_proposed_2011-31648.txt,https://www.federalregister.gov/documents/full_text/text/2011/12/23/2011-31648.txt,"On March 21, 2011, the EPA promulgated its final response to the 2001 voluntary remand of the December 1, 2000, new source performance standards and emission guidelines for commercial and industrial solid waste incineration units and the vacatur and remand of several definitions by the District of Columbia Circuit Court of Appeals in 2007. Following that action, the Administrator received petition[s] for reconsideration as well as identified some issues that warrant further opportunity for publi"
EPA-HQ-OAR-2003-0119,proposed,2014-29568,2015-01-21,Standards of Performance for New Stationary Sources and Emission Guidelines for Existing Sources: Commercial and Industrial Solid Waste Incineration Units,,535482,data/raw/federal_register/EPA-HQ-OAR-2003-0119_proposed_2014-29568.txt,https://www.federalregister.gov/documents/full_text/text/2015/01/21/2014-29568.txt,"On February 7, 2013, the Environmental Protection Agency (EPA) promulgated its final response to petitions for reconsideration of the final new source performance standards (NSPS) and emission guidelines (EG) for commercial and industrial solid waste incineration (CISWI) units that were promulgated on March 21, 2011. Following promulgation of the February 2013 final action, the Administrator received petitions for reconsideration that identified issues that petitioners maintain require additiona"
EPA-HQ-OAR-2003-0119,proposed,2018-12164,2018-06-15,Standards of Performance for New Stationary Sources and Emission Guidelines for Existing Sources: Commercial and Industrial Solid Waste Incineration Units; Technical Amendments,,557196,data/raw/federal_register/EPA-HQ-OAR-2003-0119_proposed_2018-12164.txt,https://www.federalregister.gov/documents/full_text/text/2018/06/15/2018-12164.txt,"On June 23, 2016, the Environmental Protection Agency (EPA) promulgated its final response to petitions for reconsideration of the final new source performance standards (NSPS) and emission guidelines (EG) for commercial and industrial solid waste incineration (CISWI) units that were promulgated on March 21, 2011, and revised after reconsideration on February 7, 2013. Following promulgation of the June 2016 final action, the EPA received requests from industry stakeholders and implementing agenc"
EPA-HQ-OAR-2004-0265,missing,,,NO RULE FOUND for EPA-HQ-OAR-2004-0265,,0,,,
EPA-HQ-OAR-2004-0265,proposed,94-7241,1994-04-01,"Hazardous Air Pollutants: Proposed Regulations Governing Constructed, Reconstructed or Modified Major Sources; Proposed Rule ENVIRONMENTAL PROTECTION AGENCY",,395195,data/raw/federal_register/EPA-HQ-OAR-2004-0265_proposed_94-7241.txt,https://www.federalregister.gov/documents/full_text/text/1994/04/01/94-7241.txt,"The proposed rule would implement the provisions in section 112(g) of the Clean Air Act (Act). The section 112(g) requirements are new provisions of the 1990 amendments to the Act. Section 112(g) applies to the owner or operator of a constructed, reconstructed, or modified major source of hazardous air pollutants (HAP). After the effective date of a title V permit program in a State, all owners or operators of major sources that are constructed, reconstructed, or modified in that State would be "
EPA-HQ-OAR-2006-0790,final,2011-4493,2011-03-21,"National Emission Standards for Hazardous Air Pollutants for Area Sources: Industrial, Commercial, and Institutional Boilers",,401410,data/raw/federal_register/EPA-HQ-OAR-2006-0790_final_2011-4493.txt,https://www.federalregister.gov/documents/full_text/text/2011/03/21/2011-4493.txt,EPA is promulgating national emission standards for control of hazardous air pollutants from two area source categories: Industrial boilers and commercial and institutional boilers. The final emission standards for control of mercury and polycyclic organic matter emissions from coal-fired area source boilers are based on the maximum achievable control technology. The final emission standards for control of hazardous air pollutants emissions from biomass-fired and oil-fired area source boilers ar
EPA-HQ-OAR-2006-0790,final,2012-31645,2013-02-01,"National Emission Standards for Hazardous Air Pollutants for Area Sources: Industrial, Commercial, and Institutional Boilers",,255140,data/raw/federal_register/EPA-HQ-OAR-2006-0790_final_2012-31645.txt,https://www.federalregister.gov/documents/full_text/text/2013/02/01/2012-31645.txt,"In this action, the EPA is taking final action on reconsideration of certain issues related to the emission standards to control hazardous air pollutants from new and existing industrial, commercial and institutional boilers at area sources which were issued under section 112 of the Clean Air Act. As part of this action, the EPA is amending certain compliance dates for the standard and making technical corrections to the final rule to clarify definitions, references, applicability and compliance"
EPA-HQ-OAR-2006-0790,final,2016-21334,2016-09-14,"National Emission Standards for Hazardous Air Pollutants for Area Sources: Industrial, Commercial, and Institutional Boilers",,141385,data/raw/federal_register/EPA-HQ-OAR-2006-0790_final_2016-21334.txt,https://www.federalregister.gov/documents/full_text/text/2016/09/14/2016-21334.txt,"This action sets forth the Environmental Protection Agency's (EPA's) final decision on the issues for which it announced reconsideration on January 21, 2015, that pertain to certain aspects of the February 1, 2013, final amendments to the ""National Emission Standards for Hazardous Air Pollutants for Area Sources: Industrial, Commercial, and Institutional Boilers"" (Area Source Boilers Rule). The EPA is retaining the subcategory and separate requirements for limited- use boilers, consistent with t"
EPA-HQ-OAR-2006-0790,proposed,2010-10832,2010-06-04,"National Emission Standards for Hazardous Air Pollutants for Area Sources: Industrial, Commercial, and Institutional Boilers",,291218,data/raw/federal_register/EPA-HQ-OAR-2006-0790_proposed_2010-10832.txt,https://www.federalregister.gov/documents/full_text/text/2010/06/04/2010-10832.txt,EPA is proposing national emission standards for control of hazardous air pollutants from two area source categories: Industrial boilers and commercial and institutional boilers. The proposed emission standards for control of mercury emissions from coal-fired area source boilers and the proposed emission standards for control of polycyclic organic matter emissions from all area source boilers are based on the maximum achievable control technology. The proposed emission standards for control of m
EPA-HQ-OAR-2006-0790,proposed,2010-13877,2010-06-09,"National Emission Standards for Hazardous Air Pollutants for Major Sources: Industrial, Commercial, and Institutional Boilers and Process Heaters; National Emission Standards for Hazardous Air Pollutants for Area Sources: Industrial, Commercial, and Institutional Boilers; Standards of Performance for New Stationary Sources and Emission Guidelines for Existing Sources: Commercial and Industrial Solid Waste Incineration Units; Identification of Non-Hazardous Secondary Materials That Are Solid Waste",,16149,data/raw/federal_register/EPA-HQ-OAR-2006-0790_proposed_2010-13877.txt,https://www.federalregister.gov/documents/full_text/text/2010/06/09/2010-13877.txt,"On April 29, 2010, the EPA Administrator signed proposed emission standards for the following source categories: Industrial, Commercial, and Institutional Boilers and Process Heaters located at major sources; Industrial, Commercial, and Institutional Boilers located at area sources; and Commercial and Industrial Solid Waste Incineration Units. On the same date, the Administrator also signed a proposal entitled ""Identification of Non-Hazardous Secondary Materials That Are Solid Waste."" EPA has re"
EPA-HQ-OAR-2006-0790,proposed,2010-17966,2010-07-22,"National Emission Standards for Hazardous Air Pollutants for Major Sources: Industrial, Commercial, and Institutional Boilers and Process Heaters; National Emission Standards for Hazardous Air Pollutants for Area Sources: Industrial, Commercial, and Institutional Boilers; Standards of Performance for New Stationary Sources and Emission Guidelines for Existing Sources: Commercial and Industrial Solid Waste Incineration Units",,11180,data/raw/federal_register/EPA-HQ-OAR-2006-0790_proposed_2010-17966.txt,https://www.federalregister.gov/documents/full_text/text/2010/07/22/2010-17966.txt,"On April 29, 2010, the EPA Administrator signed proposed emission standards for the following source categories: Industrial, Commercial, and Institutional Boilers and Process Heaters located at major sources; Industrial, Commercial, and Institutional Boilers located at area sources; and Commercial and Industrial Solid Waste Incineration Units. These proposed rule documents were published on June 4, 2010. In this action, EPA is extending the comment period for these three related proposed rules u"
EPA-HQ-OAR-2006-0790,proposed,2011-4490,2011-03-21,National Emission Standards for Hazardous Air Pollutants; Notice of Reconsideration,,8670,data/raw/federal_register/EPA-HQ-OAR-2006-0790_proposed_2011-4490.txt,https://www.federalregister.gov/documents/full_text/text/2011/03/21/2011-4490.txt,"EPA is initiating a reconsideration process with respect to certain aspects of the national emission standards for hazardous air pollutants (NESHAP) for new and existing sources for Major Source Industrial, Commercial, and Institutional Boilers and Process Heaters; the NESHAP for new and existing sources for Area Source Industrial, Commercial, and Institutional Boilers; and standards of performance for new Commercial and Industrial Solid Waste Incineration Units and emission guidelines for exist"
EPA-HQ-OAR-2006-0790,proposed,2011-31644,2011-12-23,"National Emission Standards for Hazardous Air Pollutants for Area Sources: Industrial, Commercial, and Institutional Boilers",,161539,data/raw/federal_register/EPA-HQ-OAR-2006-0790_proposed_2011-31644.txt,https://www.federalregister.gov/documents/full_text/text/2011/12/23/2011-31644.txt,"On March 21, 2011, the EPA promulgated national emission standards for the control of hazardous air pollutants from two area source categories: industrial boilers, and commercial and institutional boilers. On that same date, the EPA announced that it was convening a proceeding for reconsideration of certain portions of those final emission standards. After promulgation, the Administrator received petitions for reconsideration of certain provisions in the final rule. In this action, the EPA is pr"
EPA-HQ-OAR-2006-0790,proposed,2014-30388,2015-01-21,"National Emission Standards for Hazardous Air Pollutants for Area Sources: Industrial, Commercial, and Institutional Boilers",,111307,data/raw/federal_register/EPA-HQ-OAR-2006-0790_proposed_2014-30388.txt,https://www.federalregister.gov/documents/full_text/text/2015/01/21/2014-30388.txt,"On February 1, 2013, the Environmental Protection Agency (EPA) finalized amendments to the National Emission Standards for Hazardous Air Pollutants for Area Sources: Industrial, Commercial, and Institutional Boilers (Area Source Boilers Rule). Subsequently, the EPA received three petitions for reconsideration of the final rule. The EPA is announcing reconsideration of and requesting public comment on five issues raised in the petitions for reconsideration, as detailed in the SUPPLEMENTARY INFORM"
EPA-HQ-OAR-2009-0234,final,2012-806,2012-02-16,"National Emission Standards for Hazardous Air Pollutants From Coal- and Oil-Fired Electric Utility Steam Generating Units and Standards of Performance for Fossil-Fuel-Fired Electric Utility, Industrial-Commercial-Institutional, and Small Industrial-Commercial-Institutional Steam Generating Units",,1649087,data/raw/federal_register/EPA-HQ-OAR-2009-0234_final_2012-806.txt,https://www.federalregister.gov/documents/full_text/text/2012/02/16/2012-806.txt,"On May 3, 2011, under authority of Clean Air Act (CAA) sections 111 and 112, the EPA proposed both national emission standards for hazardous air pollutants (NESHAP) from coal- and oil-fired electric utility steam generating units (EGUs) and standards of performance for fossil-fuel-fired electric utility, industrial-commercial- institutional, and small industrial-commercial-institutional steam generating units (76 FR 24976). After consideration of public comments, the EPA is finalizing these rule"
EPA-HQ-OAR-2009-0234,final,2012-8703,2012-04-19,"National Emission Standards for Hazardous Air Pollutants From Coal- and Oil-Fired Electric Utility Steam Generating Units and Standards of Performance for Fossil-Fuel-Fired Electric Utility, Industrial-Commercial-Institutional, and Small Industrial-Commercial-Institutional Steam Generating Units; Correction",,78476,data/raw/federal_register/EPA-HQ-OAR-2009-0234_final_2012-8703.txt,https://www.federalregister.gov/documents/full_text/text/2012/04/19/2012-8703.txt,"This document corrects certain preamble and regulatory text. This action corrects typographical errors, such as cross-reference errors and certain preamble text that is not consistent with the final regulatory text, which published in the Federal Register on Thursday, February 16, 2012 (77 FR 9304)."
EPA-HQ-OAR-2009-0234,final,2012-18871,2012-08-02,"National Emission Standards for Hazardous Air Pollutants From Coal- and Oil-Fired Electric Utility Steam Generating Units and Standards of Performance for Fossil-Fuel-Fired Electric Utility, Industrial-Commercial-Institutional, and Small Industrial-Commercial-Institutional Steam Generating Units: Notice of Partial Stay",,5375,data/raw/federal_register/EPA-HQ-OAR-2009-0234_final_2012-18871.txt,https://www.federalregister.gov/documents/full_text/text/2012/08/02/2012-18871.txt,"This action stays the effectiveness of national new source emission standards for hazardous air pollutants from coal- and oil- fired electric utility steam generating units issued pursuant to Clean Air Act section 112 that were published in the Federal Register on February 16, 2012 (77 FR 9304)."
EPA-HQ-OAR-2009-0234,final,2012-28729,2012-11-30,"Reconsideration of Certain New Source and Startup/Shutdown Issues: National Emission Standards for Hazardous Air Pollutants From Coal- and Oil-Fired Electric Utility Steam Generating Units and Standards of Performance for Fossil-Fuel-Fired Electric Utility, Industrial-Commercial-Institutional, and Small Industrial-Commercial-Institutional Steam Generating Units",,160884,data/raw/federal_register/EPA-HQ-OAR-2009-0234_final_2012-28729.txt,https://www.federalregister.gov/documents/full_text/text/2012/11/30/2012-28729.txt,"On February 16, 2012, pursuant to sections 111 and 112 of the Clean Air Act (CAA), the EPA published the final rules titled ""National Emission Standards for Hazardous Air Pollutants from Coal- and Oil-fired Electric Utility Steam Generating Units and Standards of Performance for Fossil-Fuel-Fired Electric Utility, Industrial- Commercial-Institutional, and Small Industrial-Commercial-Institutional Steam Generating Units."" The National Emission Standards for Hazardous Air Pollutants (NESHAP) rule "
EPA-HQ-OAR-2009-0234,final,2013-07859,2013-04-24,"Reconsideration of Certain New Source Issues: National Emission Standards for Hazardous Air Pollutants From Coal- and Oil-Fired Electric Utility Steam Generating Units and Standards of Performance for Fossil-Fuel-Fired Electric Utility, Industrial-Commercial-Institutional, and Small Industrial-Commercial-Institutional Steam Generating Units",,146958,data/raw/federal_register/EPA-HQ-OAR-2009-0234_final_2013-07859.txt,https://www.federalregister.gov/documents/full_text/text/2013/04/24/2013-07859.txt,"The EPA is taking final action on its reconsideration of certain issues in the final rules titled, ""National Emission Standards for Hazardous Air Pollutants from Coal- and Oil-fired Electric Utility Steam Generating Units and Standards of Performance for Fossil-Fuel- Fired Electric Utility, Industrial-Commercial-Institutional, and Small Industrial-Commercial-Institutional Steam Generating Units."" The National Emission Standards for Hazardous Air Pollutants (NESHAP) rule issued pursuant to Clean "
EPA-HQ-OAR-2009-0234,final,2014-27125,2014-11-19,"Reconsideration of Certain Startup/Shutdown Issues: National Emission Standards for Hazardous Air Pollutants From Coal- and Oil-Fired Electric Utility Steam Generating Units and Standards of Performance for Fossil-Fuel-Fired Electric Utility, Industrial-Commercial-Institutional, and Small Industrial-Commercial-Institutional Steam Generating Units",,142755,data/raw/federal_register/EPA-HQ-OAR-2009-0234_final_2014-27125.txt,https://www.federalregister.gov/documents/full_text/text/2014/11/19/2014-27125.txt,"The Environmental Protection Agency (EPA) is taking final action on its reconsideration of the startup and shutdown provisions in the final rules titled, ""National Emission Standards for Hazardous Air Pollutants from Coal- and Oil-fired Electric Utility Steam Generating Units and Standards of Performance for Fossil-Fuel-Fired Electric Utility, Industrial-Commercial-Institutional, and Small Industrial- Commercial-Institutional Steam Generating Units."" The national emission standards for hazardous"
EPA-HQ-OAR-2009-0234,final,2014-27126,2014-11-19,National Emission Standards for Hazardous Air Pollutants: Coal- and Oil-Fired Electric Steam Generating Units,,32648,data/raw/federal_register/EPA-HQ-OAR-2009-0234_final_2014-27126.txt,https://www.federalregister.gov/documents/full_text/text/2014/11/19/2014-27126.txt,The Environmental Protection Agency (EPA) is taking direct final action to amend the National Emission Standards for Hazardous Air Pollutants: Coal- and Oil-Fired Electric Steam Generating Units (Mercury and Air Toxics Standards (MATS)). This direct final rule amends the reporting requirements in the MATS rule by temporarily requiring affected sources to submit all required emissions and compliance reports to the EPA through the Emissions Collection and Monitoring Plan System (ECMPS) Client Tool
EPA-HQ-OAR-2009-0234,final,2015-06152,2015-03-24,National Emission Standards for Hazardous Air Pollutants: Coal- and Oil-Fired Electric Steam Generating Units,,33448,data/raw/federal_register/EPA-HQ-OAR-2009-0234_final_2015-06152.txt,https://www.federalregister.gov/documents/full_text/text/2015/03/24/2015-06152.txt,"On November 19, 2014, the Environmental Protection Agency (EPA) proposed amending certain reporting requirements in the National Emission Standards for Hazardous Air Pollutants: Coal- and Oil-Fired Electric Steam Generating Units (Mercury and Air Toxics Standards (MATS)) rule. This final rule amends the reporting requirements in the MATS rule by temporarily requiring owners or operators of affected sources to submit certain required emissions and compliance reports to the EPA through the Emissio"
EPA-HQ-OAR-2009-0234,final,2015-10118,2015-04-30,Reconsideration on the Mercury and Air Toxics Standards (MATS) and the Utility New Source Performance Standards; Final Action,,12801,data/raw/federal_register/EPA-HQ-OAR-2009-0234_final_2015-10118.txt,https://www.federalregister.gov/documents/full_text/text/2015/04/30/2015-10118.txt,"The U.S. Environmental Protection Agency (EPA) is providing notice that it has responded to 23 petitions for reconsideration of the final rules titled National Emission Standards for Hazardous Air Pollutants (NESHAP) From Coal- and Oil-Fired Electric Utility Steam Generating Units and Standards of Performance (NSPS) for Fossil-Fuel- Fired Electric Utility, Industrial-Commercial-Institutional, and Small Industrial-Commercial-Institutional Steam Generating Units, published in the Federal Register "
EPA-HQ-OAR-2009-0234,final,2016-06563,2016-04-06,"National Emission Standards for Hazardous Air Pollutants From Coal- and Oil-Fired Electric Utility Steam Generating Units and Standards of Performance for Fossil-Fuel-Fired Electric Utility, Industrial-Commercial-Institutional, and Small Industrial-Commercial-Institutional Steam Generating Units; Technical Correction",,297168,data/raw/federal_register/EPA-HQ-OAR-2009-0234_final_2016-06563.txt,https://www.federalregister.gov/documents/full_text/text/2016/04/06/2016-06563.txt,"This action finalizes the technical corrections that the Environmental Protection Agency (EPA) proposed on February 17, 2015, to correct and clarify certain text of the EPA's regulations regarding ""National Emission Standards for Hazardous Air Pollutants from Coal- and Oil-fired Electric Utility Steam Generating Units and Standards of Performance for Fossil-Fuel-Fired Electric Utility, Industrial- Commercial-Institutional, and Small Industrial-Commercial-Institutional Steam Generating Units"". We"
EPA-HQ-OAR-2009-0234,final,2016-09429,2016-04-25,Supplemental Finding That It Is Appropriate and Necessary To Regulate Hazardous Air Pollutants From Coal- and Oil-Fired Electric Utility Steam Generating Units,,265076,data/raw/federal_register/EPA-HQ-OAR-2009-0234_final_2016-09429.txt,https://www.federalregister.gov/documents/full_text/text/2016/04/25/2016-09429.txt,"This action responds to the U.S. Supreme Court decision in Michigan v. EPA, 135 S. Ct. 2699 (2015), and explains how the Environmental Protection Agency (EPA) has taken cost into account in evaluating whether it is appropriate and necessary to regulate coal- and oil-fired electric utility steam generating units (EGUs) under section 112 of the Clean Air Act (CAA). The EPA requested comment on all aspects of its approach to considering cost through a proposed supplemental finding and on a companio"
EPA-HQ-OAR-2009-0234,final,2016-18684,2016-08-08,Reconsideration on the Mercury and Air Toxics Standards (MATS) and the Utility New Source Performance Standards Startup and Shutdown Provisions; Final Action,,9294,data/raw/federal_register/EPA-HQ-OAR-2009-0234_final_2016-18684.txt,https://www.federalregister.gov/documents/full_text/text/2016/08/08/2016-18684.txt,"The U.S. Environmental Protection Agency (EPA) is providing notice that it has responded to two petitions for reconsideration of the final rule titled ""Reconsideration of Certain Startup/Shutdown Issues: National Emission Standards for Hazardous Air Pollutants (NESHAP) From Coal- and Oil-Fired Electric Utility Steam Generating Units and Standards of Performance (NSPS) for Fossil-Fuel-Fired Electric Utility, Industrial-Commercial-Institutional, and Small Industrial-Commercial-Institutional Steam "
EPA-HQ-OAR-2009-0234,final,2017-06884,2017-04-06,Mercury and Air Toxics Standards (MATS) Electronic Reporting Requirements,,29348,data/raw/federal_register/EPA-HQ-OAR-2009-0234_final_2017-06884.txt,https://www.federalregister.gov/documents/full_text/text/2017/04/06/2017-06884.txt,"The Environmental Protection Agency (EPA) is amending the electronic reporting requirements for the National Emission Standards for Hazardous Air Pollutants: Coal- and Oil-Fired Electric Utility Steam Generating Units (also known as the Mercury and Air Toxics Standards (MATS)) to allow for the temporary submission, through June 30, 2018, of certain reports using the portable document file (PDF) format and to correct inadvertent errors. With this action owners or operators of Electric Utility Ste"
EPA-HQ-OAR-2009-0234,final,2018-14308,2018-07-02,Remaining Requirements for Mercury and Air Toxics Standards (MATS) Electronic Reporting Requirements,,35138,data/raw/federal_register/EPA-HQ-OAR-2009-0234_final_2018-14308.txt,https://www.federalregister.gov/documents/full_text/text/2018/07/02/2018-14308.txt,"The Environmental Protection Agency (EPA) is taking final action to extend the period during which certain electronic reports required by the Mercury and Air Toxics Standards (MATS) may be submitted as portable document format (PDF) files using the Emissions Collection and Monitoring Plan System (ECMPS) Client Tool. This action will extend the end date of that period from June 30, 2018, to July 1, 2020. This extension is necessary because the electronic reporting system that owners or operators "
EPA-HQ-OAR-2009-0234,proposed,2011-10283,2011-04-28,"National Emission Standards for Hazardous Air Pollutants From Coal- and Oil-Fired Electric Utility Steam Generating Units and Standards of Performance for Fossil-Fuel-Fired Electric Utility, Industrial-Commercial-Institutional, and Small Industrial-Commercial-Institutional Steam Generating Units",,8349,data/raw/federal_register/EPA-HQ-OAR-2009-0234_proposed_2011-10283.txt,https://www.federalregister.gov/documents/full_text/text/2011/04/28/2011-10283.txt,"EPA published in the Federal Register on May 3, 2011, the proposed rule ""National Emission Standards for Hazardous Air Pollutants from Coal- and Oil-fired Electric Utility Steam Generating Units and Standards of Performance for Fossil-Fuel-Fired Electric Utility, Industrial-Commercial-Institutional, and Small Industrial- Commercial-Institutional Steam Generating Units."" EPA is announcing three public hearings to be held for the proposed rule."
EPA-HQ-OAR-2009-0234,proposed,2011-7237,2011-05-03,"National Emission Standards for Hazardous Air Pollutants From Coal- and Oil-Fired Electric Utility Steam Generating Units and Standards of Performance for Fossil-Fuel-Fired Electric Utility, Industrial-Commercial-Institutional, and Small Industrial-Commercial-Institutional Steam Generating Units",,1341421,data/raw/federal_register/EPA-HQ-OAR-2009-0234_proposed_2011-7237.txt,https://www.federalregister.gov/documents/full_text/text/2011/05/03/2011-7237.txt,The United States (U.S.) Environmental Protection Agency (EPA or Agency) is proposing national emission standards for hazardous air pollutants (NESHAP) from coal- and oil-fired electric utility steam generating units (EGUs) under Clean Air Act (CAA or the Act) section 112(d) and proposing revised new source performance standards (NSPS) for fossil fuel-fired EGUs under CAA section 111(b). The proposed NESHAP would protect air quality and promote public health by reducing emissions of the hazardou
EPA-HQ-OAR-2009-0234,proposed,2011-16493,2011-07-01,"Proposed National Emission Standards for Hazardous Air Pollutants From Coal- and Oil-Fired Electric Utility Steam Generating Units and Standards of Performance for Fossil-Fuel-Fired Electric Utility, Industrial-Commercial-Institutional, and Small Industrial-Commercial-Institutional Steam Generating Units; Extension of Comment Period",,5005,data/raw/federal_register/EPA-HQ-OAR-2009-0234_proposed_2011-16493.txt,https://www.federalregister.gov/documents/full_text/text/2011/07/01/2011-16493.txt,"The EPA is announcing that the period for providing public comments on the May 3, 2011, Proposed National Emission Standards for Hazardous Air Pollutants from Coal- and Oil-fired Electric Utility Steam Generating Units and Standards of Performance for Fossil-Fuel- Fired Electric Utility, Industrial-Commercial-Institutional, and Small Industrial-Commercial-Institutional Steam Generating Units is being extended for 30 days."
EPA-HQ-OAR-2009-0234,proposed,C1-2012-28729,2012-12-05,"Reconsideration of Certain New Source and Startup/Shutdown Issues: National Emission Standards for Hazardous Air Pollutants From Coal- and Oil-Fired Electric Utility Steam Generating Units and Standards of Performance for Fossil-Fuel-Fired Electric Utility, Industrial-Commercial-Institutional, and Small Industrial-Commercial-Institutional Steam Generating Units",,1223,data/raw/federal_register/EPA-HQ-OAR-2009-0234_proposed_C1-2012-28729.txt,https://www.federalregister.gov/documents/full_text/text/2012/12/05/C1-2012-28729.txt,
EPA-HQ-OAR-2009-0234,proposed,2012-29973,2012-12-12,"Reconsideration of Certain New Source and Startup/Shutdown Issues: National Emission Standards for Hazardous Air Pollutants From Coal- and Oil-Fired Electric Utility Steam Generating Units and Standards of Performance for Fossil-Fuel-Fired Electric Utility, Industrial-Commercial-Institutional, and Small Industrial-Commercial-Institutional Steam Generating Units",,5614,data/raw/federal_register/EPA-HQ-OAR-2009-0234_proposed_2012-29973.txt,https://www.federalregister.gov/documents/full_text/text/2012/12/12/2012-29973.txt,"The EPA is announcing that the period for providing public comments on the November 30, 2012, proposed ""Reconsideration of Certain New Source and Startup/Shutdown Issues: National Emission Standards for Hazardous Air Pollutants from Coal- and Oil-fired Electric Utility Steam Generating Units and Standards of Performance for Fossil-Fuel-Fired Electric Utility, Industrial-Commercial- Institutional, and Small Industrial-Commercial-Institutional Steam Generating Units"" is being extended by 7 days."
EPA-HQ-OAR-2009-0234,proposed,2013-15146,2013-06-25,"Reconsideration of Certain Startup/Shutdown Issues: National Emission Standards for Hazardous Air Pollutants From Coal- and Oil-Fired Electric Utility Steam Generating Units and Standards of Performance for Fossil-Fuel-Fired Electric Utility, Industrial-Commercial-Institutional, and Small Industrial-Commercial-Institutional Steam Generating Units",,32526,data/raw/federal_register/EPA-HQ-OAR-2009-0234_proposed_2013-15146.txt,https://www.federalregister.gov/documents/full_text/text/2013/06/25/2013-15146.txt,"On November 30, 2012, the EPA published in the Federal Register the proposed rule, ""Reconsideration of Certain New Source and Startup/Shutdown Issues: National Emission Standards for Hazardous Air Pollutants from Coal- and Oil-fired Electric Utility Steam Generating Units and Standards of Performance for Fossil-Fuel-Fired Electric Utility, Industrial-Commercial-Institutional, and Small Industrial- Commercial-Institutional Steam Generating Units."" That proposal opened for reconsideration certain "
EPA-HQ-OAR-2009-0234,proposed,2014-27127,2014-11-19,National Emission Standards for Hazardous Air Pollutants: Coal- and Oil-Fired Electric Steam Generating Units,,10156,data/raw/federal_register/EPA-HQ-OAR-2009-0234_proposed_2014-27127.txt,https://www.federalregister.gov/documents/full_text/text/2014/11/19/2014-27127.txt,The Environmental Protection Agency (EPA) is proposing to amend the National Emission Standards for Hazardous Air Pollutants: Coal- and Oil-Fired Electric Steam Generating Units (Mercury and Air Toxics Standards (MATS)). In addition to this proposed rule the EPA is publishing a direct final rule that amends the reporting requirements of the MATS rule by temporarily requiring affected sources to submit all required emissions and compliance reports to the EPA through the Emissions Collection and M
EPA-HQ-OAR-2009-0234,proposed,2015-01699,2015-02-17,"National Emission Standards for Hazardous Air Pollutants From Coal- and Oil-Fired Electric Utility Steam Generating Units and Standards of Performance for Fossil-Fuel-Fired Electric Utility, Industrial-Commercial-Institutional, and Small Industrial-Commercial-Institutional Steam Generating Units; Revisions",,238376,data/raw/federal_register/EPA-HQ-OAR-2009-0234_proposed_2015-01699.txt,https://www.federalregister.gov/documents/full_text/text/2015/02/17/2015-01699.txt,"The U.S. Environmental Protection Agency (EPA) is proposing this action to correct and clarify certain text of the final action titled ""National Emission Standards for Hazardous Air Pollutants From Coal- and Oil-Fired Electric Utility Steam Generating Units and Standards of Performance for Fossil-Fuel-Fired Electric Utility, Industrial-Commercial-Institutional, and Small Industrial-Commercial- Institutional Steam Generating Units,"" which was published in the Federal Register of Thursday, Februar"
EPA-HQ-OAR-2009-0234,proposed,2015-30360,2015-12-01,Supplemental Finding That It Is Appropriate and Necessary To Regulate Hazardous Air Pollutants From Coal- and Oil-Fired Electric Utility Steam Generating Units,,141684,data/raw/federal_register/EPA-HQ-OAR-2009-0234_proposed_2015-30360.txt,https://www.federalregister.gov/documents/full_text/text/2015/12/01/2015-30360.txt,"The Environmental Protection Agency (EPA) is soliciting comment on a proposed supplemental finding that consideration of cost does not alter the agency's previous conclusion that it is appropriate and necessary to regulate coal- and oil-fired electric utility steam generating units (EGUs) under section 112 of the Clean Air Act (CAA). In light of the U.S. Supreme Court decision in Michigan v. EPA, 135 S.Ct. 2699 (2015), the EPA has taken cost into account in evaluating whether such regulation is "
EPA-HQ-OAR-2009-0234,proposed,2016-21330,2016-09-29,Mercury and Air Toxics Standards (MATS) Completion of Electronic Reporting Requirements,,195861,data/raw/federal_register/EPA-HQ-OAR-2009-0234_proposed_2016-21330.txt,https://www.federalregister.gov/documents/full_text/text/2016/09/29/2016-21330.txt,The Environmental Protection Agency (EPA) is proposing to amend the electronic reporting requirements for the National Emission Standards for Hazardous Air Pollutants: Coal- and Oil-Fired electric utility steam generating units (also known as the Mercury and Air Toxics Standards (MATS)). This proposed rule would revise and streamline the electronic data reporting requirements of MATS (both for owners or operators of electric utility steam generating units (EGUs) who use performance stack testing
EPA-HQ-OAR-2009-0234,proposed,2016-26209,2016-10-31,Mercury and Air Toxics Standards (MATS) Completion of Electronic Reporting Requirements,,3847,data/raw/federal_register/EPA-HQ-OAR-2009-0234_proposed_2016-26209.txt,https://www.federalregister.gov/documents/full_text/text/2016/10/31/2016-26209.txt,"On September 29, 2016, the Environmental Protection Agency (EPA) proposed a rule titled, ""Mercury and Air Toxics Standards (MATS) Completion of Electronic Reporting Requirements."" The EPA is extending the comment period on the proposed rule that was scheduled to close on October 31, 2016, by 15 days until November 15, 2016. The EPA is making this change based on three requests for additional time to prepare comments on this proposed rule."
EPA-HQ-OAR-2009-0491,final,2011-17600,2011-08-08,Federal Implementation Plans: Interstate Transport of Fine Particulate Matter and Ozone and Correction of SIP Approvals,,2083860,data/raw/federal_register/EPA-HQ-OAR-2009-0491_final_2011-17600.txt,https://www.federalregister.gov/documents/full_text/text/2011/08/08/2011-17600.txt,"In this action, EPA is limiting the interstate transport of emissions of nitrogen oxides (NO<INF>X</INF>) and sulfur dioxide (SO<INF>2</INF>) that contribute to harmful levels of fine particle matter (PM<INF>2.5</INF>) and ozone in downwind states. EPA is identifying emissions within 27 states in the eastern United States that significantly affect the ability of downwind states to attain and maintain compliance with the 1997 and 2006 fine particulate matter national ambient air quality standards"
EPA-HQ-OAR-2009-0491,final,2011-32821,2011-12-27,"Federal Implementation Plans for Iowa, Michigan, Missouri, Oklahoma, and Wisconsin and Determination for Kansas Regarding Interstate Transport of Ozone",,132170,data/raw/federal_register/EPA-HQ-OAR-2009-0491_final_2011-32821.txt,https://www.federalregister.gov/documents/full_text/text/2011/12/27/2011-32821.txt,"In this final rule, EPA is concluding that emissions from Iowa, Kansas, Michigan, Missouri, Oklahoma, and Wisconsin significantly contribute to downwind nonattainment or interfere with maintenance of the 1997 ozone National Ambient Air Quality Standards (NAAQS)in other states. Each of these states except Oklahoma is already included in the annual NO<INF>X</INF> program that was finalized in July 2011. However, this rule does not affect that program. EPA is finalizing Federal Implementation Plans"
EPA-HQ-OAR-2009-0491,final,2012-2328,2012-02-06,"Federal Implementation Plans for Iowa, Michigan, Missouri, Oklahoma, and Wisconsin and Determination for Kansas Regarding Interstate Transport of Ozone: Effect of Stay of Transport Rule",,8753,data/raw/federal_register/EPA-HQ-OAR-2009-0491_final_2012-2328.txt,https://www.federalregister.gov/documents/full_text/text/2012/02/06/2012-2328.txt,"A December 30, 2011 order of the U.S. Court of Appeals for the District of Columbia Circuit stayed the Transport Rule, also known as the Cross State Air Pollution Rule.\1\ This document sets out EPA's interpretation of the effect of the Court's stay on the federal implementation plans finalized by EPA on December 15, 2011 (SNFR), which included the conclusion that Iowa, Kansas, Michigan, Missouri, Oklahoma, and Wisconsin significantly contribute to nonattainment or interfere with maintenance of "
EPA-HQ-OAR-2009-0491,final,2012-3704,2012-02-21,Revisions to Federal Implementation Plans To Reduce Interstate Transport of Fine Particulate Matter and Ozone,,56867,data/raw/federal_register/EPA-HQ-OAR-2009-0491_final_2012-3704.txt,https://www.federalregister.gov/documents/full_text/text/2012/02/21/2012-3704.txt,"EPA is taking direct final action on additional revisions to the final Transport Rule (Federal Implementation Plans: Interstate Transport of Fine Particulate Matter and Ozone and Correction of SIP Approvals published August 8, 2011). In the proposed Revisions to Federal Implementation Plans To Reduce Interstate Transport of Fine Particulate Matter and Ozone, published October 14, 2011, EPA sought additional comment on unit-level operational information similar to the information supporting the p"
EPA-HQ-OAR-2009-0491,final,2012-3706,2012-02-21,Revisions to Federal Implementation Plans To Reduce Interstate Transport of Fine Particulate Matter and Ozone,,131493,data/raw/federal_register/EPA-HQ-OAR-2009-0491_final_2012-3706.txt,https://www.federalregister.gov/documents/full_text/text/2012/02/21/2012-3706.txt,"EPA is finalizing revisions to the Transport Rule that was published on August 8, 2011 (76 FR 48208). These revisions address discrepancies in unit-specific modeling assumptions that affect the proper calculation of Transport Rule state budgets and assurance levels in Florida, Louisiana, Michigan, Mississippi, Nebraska, New Jersey, New York, Texas, and Wisconsin, as well as new unit set-asides in Arkansas and Texas. EPA is also finalizing allowance allocation revisions to specific units covered "
EPA-HQ-OAR-2009-0491,final,2012-11845,2012-05-16,Revisions to Federal Implementation Plans To Reduce Interstate Transport of Fine Particulate Matter and Ozone,,4683,data/raw/federal_register/EPA-HQ-OAR-2009-0491_final_2012-11845.txt,https://www.federalregister.gov/documents/full_text/text/2012/05/16/2012-11845.txt,"The EPA issued ""Revisions to Federal Implementation Plans To Reduce Interstate Transport of Fine Particulate Matter and Ozone"" as a direct final rule on February 21, 2012. Because the EPA received adverse comments on this action, we are withdrawing the direct final rule."
EPA-HQ-OAR-2009-0491,final,2012-14251,2012-06-12,Revisions to Federal Implementation Plans To Reduce Interstate Transport of Fine Particulate Matter and Ozone,,128849,data/raw/federal_register/EPA-HQ-OAR-2009-0491_final_2012-14251.txt,https://www.federalregister.gov/documents/full_text/text/2012/06/12/2012-14251.txt,"EPA is taking final action on revisions to the final Transport Rule (Federal Implementation Plans: Interstate Transport of Fine Particulate Matter and Ozone and Correction of SIP Approvals, published August 8, 2011). EPA is revising the 2012 and 2014 state budgets for Arkansas, Georgia, Indiana, Kansas, Louisiana, Mississippi, Missouri, New York, Nebraska, Ohio, Oklahoma, South Carolina, and Texas, and revising the new unit set-asides for Arkansas, Louisiana, and Missouri. These revisions are in"
EPA-HQ-OAR-2009-0491,final,2012-30533,2012-12-20,Approval and Promulgation of Air Quality Implementation Plans; Illinois; Infrastructure SIP Requirements for the 2006 PM2.5 NAAQS; Revisions to FIPs To Reduce Interstate Transport of PM2.5 and Ozone; Correction,,12055,data/raw/federal_register/EPA-HQ-OAR-2009-0491_final_2012-30533.txt,https://www.federalregister.gov/documents/full_text/text/2012/12/20/2012-30533.txt,"This document corrects errors in the codification of final rules published on July 13, 2011, August 8, 2011, February 21, 2012, and October 29, 2012. The July 13, 2011, and October 29, 2012, actions pertain to State Implementation Plan (SIP) submissions by Illinois regarding the infrastructure requirements of the Clean Air Act (CAA) for the 1997 eight-hour ground level ozone national ambient air quality standards (NAAQS), the 1997 fine particle (PM<INF>2.5</INF>) NAAQS, and the 2006 24-hour PM<I"
EPA-HQ-OAR-2009-0491,final,2014-28281,2014-12-03,Availability of Data on Allocations of Cross-State Air Pollution Rule Allowances to Existing Electricity Generating Units,,11652,data/raw/federal_register/EPA-HQ-OAR-2009-0491_final_2014-28281.txt,https://www.federalregister.gov/documents/full_text/text/2014/12/03/2014-28281.txt,"Through this notice of data availability (NODA), the EPA is providing notice of allocations of emission allowances to certain units for compliance with the Cross-State Air Pollution Rule (CSAPR). Since its original promulgation, CSAPR has been amended in several subsequent rulemakings and its compliance deadlines have been tolled by three years pursuant to an order of the United States Court of Appeals for the District of Columbia Circuit (D.C. Circuit or Court). These allowance allocations, whi"
EPA-HQ-OAR-2009-0491,final,2014-28286,2014-12-03,Rulemaking To Amend Dates in Federal Implementation Plans Addressing Interstate Transport of Ozone and Fine Particulate Matter,,72155,data/raw/federal_register/EPA-HQ-OAR-2009-0491_final_2014-28286.txt,https://www.federalregister.gov/documents/full_text/text/2014/12/03/2014-28286.txt,"The Environmental Protection Agency (EPA) is amending the Code of Federal Regulations (CFR) to correctly reflect the compliance deadlines for the Cross-State Air Pollution Rule (CSAPR) as revised by the effect of the action of the United States Court of Appeals for the District of Columbia Circuit (D.C. Circuit or Court) granting the EPA's motion to lift the previous stay of CSAPR and delay (toll) its deadlines by three years. With these ministerial amendments, the CFR text will correctly indica"
EPA-HQ-OAR-2009-0491,final,2016-04889,2016-03-14,Rulemaking To Affirm Interim Amendments to Dates in Federal Implementation Plans Addressing Interstate Transport of Ozone and Fine Particulate Matter,,33313,data/raw/federal_register/EPA-HQ-OAR-2009-0491_final_2016-04889.txt,https://www.federalregister.gov/documents/full_text/text/2016/03/14/2016-04889.txt,The Environmental Protection Agency (EPA) is affirming and making permanent certain amendments previously made on an interim basis to the Code of Federal Regulations (CFR) provisions implementing the Cross-State Air Pollution Rule (CSAPR). The purpose of the interim amendments was to correctly reflect CSAPR's compliance deadlines as revised by the effect of the action of the United States Court of Appeals for the District of Columbia Circuit (D.C. Circuit or Court) granting the EPA's motion to l
EPA-HQ-OAR-2009-0491,proposed,2010-17007,2010-08-02,Federal Implementation Plans To Reduce Interstate Transport of Fine Particulate Matter and Ozone,,1989578,data/raw/federal_register/EPA-HQ-OAR-2009-0491_proposed_2010-17007.txt,https://www.federalregister.gov/documents/full_text/text/2010/08/02/2010-17007.txt,"EPA is proposing to limit the interstate transport of emissions of nitrogen oxides (NO<INF>X</INF>) and sulfur dioxide (SO<INF>2</INF>). In this action, EPA is proposing to both identify and limit emissions within 32 states in the eastern United States that affect the ability of downwind states to attain and maintain compliance with the 1997 and 2006 fine particulate matter (PM<INF>2.5</INF>) national ambient air quality standards (NAAQS) and the 1997 ozone NAAQS. EPA is proposing to limit these"
EPA-HQ-OAR-2009-0491,proposed,2010-18780,2010-08-02,Federal Implementation Plans To Reduce Interstate Transport of Fine Particulate Matter and Ozone,,7329,data/raw/federal_register/EPA-HQ-OAR-2009-0491_proposed_2010-18780.txt,https://www.federalregister.gov/documents/full_text/text/2010/08/02/2010-18780.txt,"The EPA is announcing three public hearings to be held for the proposed rule ""Federal Implementation Plans to Reduce Interstate Transport of Fine Particulate Matter and Ozone"" (Transport Rule) which is published elsewhere in today's issue of the Federal Register. The hearings will be held on Thursday, August 19, 2010, in Chicago, Illinois, on Thursday, August 26, 2010, in Philadelphia, Pennsylvania, and on Wednesday, September 1, 2010, in Atlanta, Georgia."
EPA-HQ-OAR-2009-0491,proposed,2010-21699,2010-09-01,Notice of Data Availability Supporting Federal Implementation Plans To Reduce Interstate Transport of Fine Particulate Matter and Ozone,,16259,data/raw/federal_register/EPA-HQ-OAR-2009-0491_proposed_2010-21699.txt,https://www.federalregister.gov/documents/full_text/text/2010/09/01/2010-21699.txt,"The EPA is providing notice that it is supplementing the record to the Proposed Transport Rule (75 FR 45210). The EPA has placed in the docket for the Proposed Transport Rule (Docket ID No. EPA-HQ- OAR-2009-0491) additional information relevant to the rulemaking, including, among other things, an updated version of the power sector modeling platform that EPA proposes to use to support the final rule. This new power sector modeling platform consists of updated unit level input data (the National "
EPA-HQ-OAR-2009-0491,proposed,2010-22851,2010-09-14,Federal Implementation Plans To Reduce Interstate Transport of Fine Particulate Matter and Ozone; Correction,,14297,data/raw/federal_register/EPA-HQ-OAR-2009-0491_proposed_2010-22851.txt,https://www.federalregister.gov/documents/full_text/text/2010/09/14/2010-22851.txt,"The preamble to the proposed Transport Rule contains minor, technical errors that EPA is correcting in this action. In the portion of the preamble discussing in detail the proposed trading programs, EPA states clearly that it is proposing provisions that allow units to opt into these trading programs. Moreover, the proposed rule text for the Transport Rule includes detailed opt-in provisions for each proposed trading program. However, two sentences in other portions of the Transport Rule preambl"
EPA-HQ-OAR-2009-0491,proposed,2010-27171,2010-10-27,Notice of Data Availability Supporting Federal Implementation Plans To Reduce Interstate Transport of Fine Particulate Matter and Ozone: Revisions to Emission Inventories,,18508,data/raw/federal_register/EPA-HQ-OAR-2009-0491_proposed_2010-27171.txt,https://www.federalregister.gov/documents/full_text/text/2010/10/27/2010-27171.txt,"EPA is providing notice that it is supplementing the record for the Proposed Transport Rule (75 FR 45210). EPA has placed in the docket for the Proposed Transport Rule (Docket ID No. EPA-HQ-OAR-2009- 0491) additional information relevant to the rulemaking, including updated emissions inventory data for 2005, 2012 and 2014 for several stationary and mobile source inventory components. The data revisions reflect new approaches to calculating emissions inventories for specific source categories and"
EPA-HQ-OAR-2009-0491,proposed,2011-109,2011-01-07,"Notice of Data Availability for Federal Implementation Plans To Reduce Interstate Transport of Fine Particulate Matter and Ozone: Request for Comment on Alternative Allocations, Calculation of Assurance Provision Allowance Surrender Requirements, New-Unit Allocations in Indian Country, and Allocations by States",,100826,data/raw/federal_register/EPA-HQ-OAR-2009-0491_proposed_2011-109.txt,https://www.federalregister.gov/documents/full_text/text/2011/01/07/2011-109.txt,"EPA has supplemented the Transport Rule docket with additional information relevant to the rulemaking, including unit-level SO<INF>2</INF> Group 1 and Group 2, NO<INF>X</INF> annual, and NO<INF>X</INF> ozone season allowances for existing units calculated using two alternative methodologies and data supporting those calculations. This NODA requests public comment on these two alternative allocation methodologies for existing units, on the unit- level allocations calculated using those alternativ"
EPA-HQ-OAR-2009-0491,proposed,2011-17456,2011-07-11,"Federal Implementation Plans for Iowa, Kansas, Michigan, Missouri, Oklahoma, and Wisconsin To Reduce Interstate Transport of Ozone",,62533,data/raw/federal_register/EPA-HQ-OAR-2009-0491_proposed_2011-17456.txt,https://www.federalregister.gov/documents/full_text/text/2011/07/11/2011-17456.txt,"In this supplemental notice of proposed rulemaking (SNPR), EPA is providing an opportunity for public comment on our conclusion that emissions from Iowa, Kansas, Michigan, Missouri, Oklahoma, and Wisconsin significantly contribute to downwind nonattainment or interfere with maintenance of the 1997 ozone National Ambient Air Quality Standards (NAAQS) in other states. EPA is also proposing Federal Implementation Plans (FIPs) to address (a) the emissions identified as significantly contributing to "
EPA-HQ-OAR-2009-0491,proposed,2011-26314,2011-10-12,Revisions to Federal Implementation Plans To Reduce Interstate Transport of Fine Particulate Matter and Ozone,,9814,data/raw/federal_register/EPA-HQ-OAR-2009-0491_proposed_2011-26314.txt,https://www.federalregister.gov/documents/full_text/text/2011/10/12/2011-26314.txt,"EPA is announcing that a public hearing will be held on October 28, 2011, for the proposed rule, ""Revisions to the Federal Implementation Plans to Reduce Interstate Transport of Fine Particulate Matter and Ozone"", which was signed on October 6, 2011 and posted on EPA's website on October 6, 2011. The hearing will be held, as provided in this notice and in the proposed rule, if requested, and will take place in Washington, DC."
EPA-HQ-OAR-2009-0491,proposed,2011-26521,2011-10-14,Revisions to Federal Implementation Plans To Reduce Interstate Transport of Fine Particulate Matter and Ozone,,137366,data/raw/federal_register/EPA-HQ-OAR-2009-0491_proposed_2011-26521.txt,https://www.federalregister.gov/documents/full_text/text/2011/10/14/2011-26521.txt,"EPA is proposing or seeking comment on revisions to the final Transport Rule promulgated on August 8, 2011. These revisions address discrepancies in unit-specific modeling assumptions that affect the proper calculation of Transport Rule state budgets and assurance levels in Florida, Louisiana, Michigan, Mississippi, Nebraska, New Jersey, New York, Texas, and Wisconsin, as well as new unit set-asides in Arkansas and Texas. EPA is also proposing to revise allowance allocations to specific units co"
EPA-HQ-OAR-2009-0491,proposed,2012-3702,2012-02-21,Revisions to Federal Implementation Plans To Reduce Interstate Transport of Fine Particulate Matter and Ozone,,5289,data/raw/federal_register/EPA-HQ-OAR-2009-0491_proposed_2012-3702.txt,https://www.federalregister.gov/documents/full_text/text/2012/02/21/2012-3702.txt,"EPA is proposing additional revisions to certain portions of the Transport Rule (Federal Implementation Plans: Interstate Transport of Fine Particulate Matter and Ozone and Correction of SIP Approvals, published August 8, 2011). The final Transport Rule limits the interstate transport of emissions of nitrogen oxides (NO<INF>X</INF>) and sulfur dioxide (SO<INF>2</INF>) that contribute harmful levels of fine particle matter and ozone in downwind states. After the final rule was published, it was b"
EPA-HQ-OAR-2009-0517,final,2010-11974,2010-06-03,Prevention of Significant Deterioration and Title V Greenhouse Gas Tailoring Rule,,745823,data/raw/federal_register/EPA-HQ-OAR-2009-0517_final_2010-11974.txt,https://www.federalregister.gov/documents/full_text/text/2010/06/03/2010-11974.txt,"EPA is tailoring the applicability criteria that determine which stationary sources and modification projects become subject to permitting requirements for greenhouse gas (GHG) emissions under the Prevention of Significant Deterioration (PSD) and title V programs of the Clean Air Act (CAA or Act). This rulemaking is necessary because without it PSD and title V requirements would apply, as of January 2, 2011, at the 100 or 250 tons per year (tpy) levels provided under the CAA, greatly increasing "
EPA-HQ-OAR-2009-0517,final,2010-32757,2010-12-30,Action To Ensure Authority To Implement Title V Permitting Programs Under the Greenhouse Gas Tailoring Rule,,114724,data/raw/federal_register/EPA-HQ-OAR-2009-0517_final_2010-32757.txt,https://www.federalregister.gov/documents/full_text/text/2010/12/30/2010-32757.txt,"The final greenhouse gas (GHG) Tailoring Rule includes a step- by-step implementation strategy for issuing Federally-enforceable permits to the largest, most environmentally significant sources beginning January 2, 2011. In this action, EPA is finalizing its proposed rulemaking to narrow EPA's previous approval of State title V operating permit programs that apply (or may apply) to GHG-emitting sources. Specifically, in this final rule, EPA is narrowing its previous approval of certain State per"
EPA-HQ-OAR-2009-0517,final,2010-32766,2010-12-30,Limitation of Approval of Prevention of Significant Deterioration Provisions Concerning Greenhouse Gas Emitting-Sources in State Implementation Plans; Final Rule,,216594,data/raw/federal_register/EPA-HQ-OAR-2009-0517_final_2010-32766.txt,https://www.federalregister.gov/documents/full_text/text/2010/12/30/2010-32766.txt,"This action is another in a series of steps EPA is taking to implement the Prevention of Significant Deterioration (PSD) program for greenhouse gas (GHG)-emitting sources. EPA is finalizing its proposed rulemaking to narrow its previous approval of State Implementation Plan (SIP) PSD programs in 24 states that apply to GHG-emitting sources. Specifically, EPA is withdrawing its previous approval of those programs to the extent they apply PSD to GHG-emitting sources below the thresholds in the fin"
EPA-HQ-OAR-2009-0517,final,2011-4907,2011-03-04,Updating Cross-References for the Oklahoma State Implementation Plan,,12205,data/raw/federal_register/EPA-HQ-OAR-2009-0517_final_2011-4907.txt,https://www.federalregister.gov/documents/full_text/text/2011/03/04/2011-4907.txt,"In this rule, EPA is making a minor correction to the final rule titled, ""Limitation of Approval of Prevention of Significant Deterioration Provisions Concerning Greenhouse Gas Emitting-Sources in State Implementation Plans"" to correct the regulatory text related to Oklahoma's State Implementation Plan (SIP). Region 6 approved revisions to the Oklahoma SIP that recodified the regulations. This approved recodification took effect on December 27, 2010. This rule updates cross-references in the reg"
EPA-HQ-OAR-2009-0517,final,2012-16704,2012-07-12,Prevention of Significant Deterioration and Title V Greenhouse Gas Tailoring Rule Step 3 and GHG Plantwide Applicability Limits,,188685,data/raw/federal_register/EPA-HQ-OAR-2009-0517_final_2012-16704.txt,https://www.federalregister.gov/documents/full_text/text/2012/07/12/2012-16704.txt,The EPA is promulgating the third step (Step 3) of our phase- in approach to permitting sources of greenhouse gas (GHG) emissions that we committed to do in the GHG Tailoring Rule. This rule completes Step 3 by determining not to lower the current Prevention of Significant Deterioration (PSD) and title V applicability thresholds for GHG-emitting sources established in the Tailoring Rule for Steps 1 and 2. We are also promulgating regulatory revisions for better implementation of the federal prog
EPA-HQ-OAR-2009-0517,proposed,E9-24163,2009-10-27,Prevention of Significant Deterioration and Title V Greenhouse Gas Tailoring Rule,,570817,data/raw/federal_register/EPA-HQ-OAR-2009-0517_proposed_E9-24163.txt,https://www.federalregister.gov/documents/full_text/text/2009/10/27/E9-24163.txt,"EPA is proposing to tailor the major source applicability thresholds for greenhouse gas (GHG) emissions under the Prevention of Significant Deterioration (PSD) and title V programs of the Clean Air Act (CAA or Act) and to set a PSD significance level for GHG emissions. This proposal is necessary because EPA expects soon to promulgate regulations under the CAA to control GHG emissions and, as a result, trigger PSD and title V applicability requirements for GHG emissions. If PSD and title V requir"
EPA-HQ-OAR-2009-0517,proposed,E9-26537,2009-11-04,Prevention of Significant Deterioration and Title V Greenhouse Gas Tailoring Rule,,7687,data/raw/federal_register/EPA-HQ-OAR-2009-0517_proposed_E9-26537.txt,https://www.federalregister.gov/documents/full_text/text/2009/11/04/E9-26537.txt,"The EPA is announcing 2 public hearings to be held for the proposed rule ""Prevention of Significant Deterioration and Title V Greenhouse Gas Tailoring Rule"" which published in the Federal Register on October 27, 2009. The hearings will be held on Wednesday, November 18, 2009, in Arlington, VA, and on Thursday, November 19, 2009, in Rosemont, IL."
EPA-HQ-OAR-2009-0517,proposed,2012-5431,2012-03-08,"Prevention of Significant Deterioration and Title V Greenhouse Gas Tailoring Rule Step 3, GHG Plantwide Applicability Limitations and GHG Synthetic Minor Limitations",,290338,data/raw/federal_register/EPA-HQ-OAR-2009-0517_proposed_2012-5431.txt,https://www.federalregister.gov/documents/full_text/text/2012/03/08/2012-5431.txt,"This proposal concerns the third step (Step 3) in the EPA's Tailoring Rule. We are proposing to maintain the applicability thresholds for greenhouse gas (GHG)-emitting sources at the current levels. We are also proposing two streamlining approaches, which will improve the administration of GHG Prevention of Significant Deterioration (PSD) and title V permitting programs. The first proposal addresses the implementation of GHG plantwide applicability limitations (PALs). We propose to allow permitt"
EPA-HQ-OAR-2009-0926,final,2010-29934,2010-12-01,Mandatory Reporting of Greenhouse Gases: Injection and Geologic Sequestration of Carbon Dioxide,,210610,data/raw/federal_register/EPA-HQ-OAR-2009-0926_final_2010-29934.txt,https://www.federalregister.gov/documents/full_text/text/2010/12/01/2010-29934.txt,"EPA is promulgating a regulation to require greenhouse gas monitoring and reporting from facilities that conduct geologic sequestration of carbon dioxide and all other facilities that conduct injection of carbon dioxide. This rule does not require control of greenhouse gases, rather it requires only monitoring and reporting of greenhouse gases."
EPA-HQ-OAR-2009-0926,proposed,2010-7738,2010-04-06,Public Hearings for the Mandatory Reporting Rule for Greenhouse Gases,,7630,data/raw/federal_register/EPA-HQ-OAR-2009-0926_proposed_2010-7738.txt,https://www.federalregister.gov/documents/full_text/text/2010/04/06/2010-7738.txt,"The EPA is announcing two public hearings to be held for proposed rules related to mandatory reporting of greenhouse gases, which will be published separately in the Federal Register. These proposed rules would amend the Mandatory Reporting of Greenhouse Gases rule, published on October 30, 2009 by requiring reporting of greenhouse gases from additional industry source categories. One hearing will be held in Arlington, Virginia (which is in the Washington, DC, area) on April 19, 2010. It will co"
EPA-HQ-OAR-2009-0926,proposed,2010-6766,2010-04-12,Mandatory Reporting of Greenhouse Gases: Injection and Geologic Sequestration of Carbon Dioxide,,236347,data/raw/federal_register/EPA-HQ-OAR-2009-0926_proposed_2010-6766.txt,https://www.federalregister.gov/documents/full_text/text/2010/04/12/2010-6766.txt,"EPA is proposing a rule to require reporting on carbon dioxide (CO<INF>2</INF>) injection and geologic sequestration (GS). The proposed rulemaking does not require control of greenhouse gases (GHGs), rather it requires only monitoring and reporting of CO<INF>2</INF> injection and geologic sequestration. EPA first proposed that suppliers of CO<INF>2</INF> be subject to mandatory GHG reporting requirements in April 2009 and finalized the rule for suppliers of CO<INF>2</INF> on October 30, 2009."
EPA-HQ-OAR-2010-0505,final,2012-16806,2012-08-16,Oil and Natural Gas Sector: New Source Performance Standards and National Emission Standards for Hazardous Air Pollutants Reviews,,821783,data/raw/federal_register/EPA-HQ-OAR-2010-0505_final_2012-16806.txt,https://www.federalregister.gov/documents/full_text/text/2012/08/16/2012-16806.txt,This action finalizes the review of new source performance standards for the listed oil and natural gas source category. In this action the EPA revised the new source performance standards for volatile organic compounds from leaking components at onshore natural gas processing plants and new source performance standards for sulfur dioxide emissions from natural gas processing plants. The EPA also established standards for certain oil and gas operations not covered by the existing standards. In a
EPA-HQ-OAR-2010-0505,final,2013-22010,2013-09-23,Oil and Natural Gas Sector: Reconsideration of Certain Provisions of New Source Performance Standards,,240388,data/raw/federal_register/EPA-HQ-OAR-2010-0505_final_2013-22010.txt,https://www.federalregister.gov/documents/full_text/text/2013/09/23/2013-22010.txt,"This action finalizes the amendments to new source performance standards for the oil and natural gas sector. The Administrator received petitions for reconsideration of certain aspects of the August 12, 2012, final standards. These amendments are a result of reconsideration of certain issues raised by petitioners related to implementation of storage vessel provisions. The final amendments provide clarity of notification and compliance dates, ensure control of all storage vessel affected faciliti"
EPA-HQ-OAR-2010-0505,final,2014-30630,2014-12-31,Oil and Natural Gas Sector: Reconsideration of Additional Provisions of New Source Performance Standards,,178349,data/raw/federal_register/EPA-HQ-OAR-2010-0505_final_2014-30630.txt,https://www.federalregister.gov/documents/full_text/text/2014/12/31/2014-30630.txt,"This action finalizes amendments to new source performance standards (NSPS) for the oil and natural gas sector. On August 16, 2012, the Environmental Protection Agency (EPA) published final NSPS for the oil and natural gas sector. The Administrator received petitions for administrative reconsideration of certain aspects of the standards. Among issues raised in the petitions were time-critical issues related to certain storage vessel provisions and well completion provisions. On July 17, 2014 (79"
EPA-HQ-OAR-2010-0505,final,2015-19733,2015-08-12,Oil and Natural Gas Sector: Definitions of Low Pressure Gas Well and Storage Vessel,,47018,data/raw/federal_register/EPA-HQ-OAR-2010-0505_final_2015-19733.txt,https://www.federalregister.gov/documents/full_text/text/2015/08/12/2015-19733.txt,"This action finalizes amendments to new source performance standards (NSPS) for the Oil and Natural Gas Sector. On March 23, 2015, the Environmental Protection Agency (EPA) re-proposed its definition of ""low pressure gas well"" for notice and comment to correct a procedural defect with its prior rulemaking that included this definition. The EPA also proposed to amend the NSPS to remove provisions concerning storage vessels connected or installed in parallel and to revise the definition of ""storag"
EPA-HQ-OAR-2010-0505,final,2016-11971,2016-06-03,"Oil and Natural Gas Sector: Emission Standards for New, Reconstructed, and Modified Sources",,879199,data/raw/federal_register/EPA-HQ-OAR-2010-0505_final_2016-11971.txt,https://www.federalregister.gov/documents/full_text/text/2016/06/03/2016-11971.txt,"This action finalizes amendments to the current new source performance standards (NSPS) and establishes new standards. Amendments to the current standards will improve implementation of the current NSPS. The new standards for the oil and natural gas source category set standards for both greenhouse gases (GHGs) and volatile organic compounds (VOC). Except for the implementation improvements, and the new standards for GHGs, these requirements do not change the requirements for operations covered "
EPA-HQ-OAR-2010-0505,final,2016-19029,2016-08-10,Reconsideration of the Oil and Natural Gas Sector: New Source Performance Standards; Final Action,,8697,data/raw/federal_register/EPA-HQ-OAR-2010-0505_final_2016-19029.txt,https://www.federalregister.gov/documents/full_text/text/2016/08/10/2016-19029.txt,"The U.S. Environmental Protection Agency (EPA) is providing notice that it has responded to 11 petitions for reconsideration of the final rule titled ""Oil and Natural Gas Sector: New Source Performance Standards and National Emission Standards for Hazardous Air Pollutants Reviews,"" published in the Federal Register on August 16, 2012, and seven petitions for reconsideration of subsequent amendments published in the Federal Register on September 23, 2013, and December 31, 2014. The agency previou"
EPA-HQ-OAR-2010-0505,final,2017-11457,2017-06-05,"Oil and Natural Gas Sector: Emission Standards for New, Reconstructed, and Modified Sources; Grant of Reconsideration and Partial Stay",,25810,data/raw/federal_register/EPA-HQ-OAR-2010-0505_final_2017-11457.txt,https://www.federalregister.gov/documents/full_text/text/2017/06/05/2017-11457.txt,"By a letter dated April 18, 2017, the Administrator announced the convening of a proceeding for reconsideration of the fugitive emission requirements at well sites and compressor station sites in the final rule, ""Oil and Natural Gas Sector: Emission Standards for New, Reconstructed, and Modified Sources,"" published in the Federal Register on June 3, 2016. In this action, the Environmental Protection Agency (EPA) is granting reconsideration of additional requirements in that rule, specifically th"
EPA-HQ-OAR-2010-0505,final,2018-04431,2018-03-12,"Oil and Natural Gas Sector: Emission Standards for New, Reconstructed, and Modified Sources; Amendments",,78528,data/raw/federal_register/EPA-HQ-OAR-2010-0505_final_2018-04431.txt,https://www.federalregister.gov/documents/full_text/text/2018/03/12/2018-04431.txt,"This action finalizes amendments of certain requirements that are contained within the final rule titled ""Oil and Natural Gas Sector: Emission Standards for New, Reconstructed, and Modified Sources,"" published in the Federal Register on June 3, 2016 (2016 Rule). The Environmental Protection Agency (EPA) is finalizing amendments of two narrow provisions of the requirements for the collection of fugitive emission components at well sites and compressor stations: Removes the requirement for complet"
EPA-HQ-OAR-2010-0505,proposed,2011-19899,2011-08-23,Oil and Natural Gas Sector: New Source Performance Standards and National Emission Standards for Hazardous Air Pollutants Reviews,,773943,data/raw/federal_register/EPA-HQ-OAR-2010-0505_proposed_2011-19899.txt,https://www.federalregister.gov/documents/full_text/text/2011/08/23/2011-19899.txt,This action announces how the EPA proposes to address the reviews of the new source performance standards for volatile organic compound and sulfur dioxide emissions from natural gas processing plants. We are proposing to add to the source category list any oil and gas operation not covered by the current listing. This action also includes proposed amendments to the existing new source performance standards for volatile organic compounds from natural gas processing plants and proposed standards f
EPA-HQ-OAR-2010-0505,proposed,2011-21726,2011-08-26,Oil and Natural Gas Sector: New Source Performance Standards and National Emission Standards for Hazardous Air Pollutants Reviews,,7707,data/raw/federal_register/EPA-HQ-OAR-2010-0505_proposed_2011-21726.txt,https://www.federalregister.gov/documents/full_text/text/2011/08/26/2011-21726.txt,"The EPA published in the Federal Register on August 23, 2011, the proposed rule, ""Oil and Natural Gas Sector: New Source Performance Standards and National Emission Standards for Hazardous Air Pollutants Reviews."" The EPA is announcing three public hearings to be held for the proposed rule."
EPA-HQ-OAR-2010-0505,proposed,2011-27237,2011-10-20,Oil and Natural Gas Sector: New Source Performance Standards and National Emission Standards for Hazardous Air Pollutants Reviews; Correction of Comment Period Closing Date,,4628,data/raw/federal_register/EPA-HQ-OAR-2010-0505_proposed_2011-27237.txt,https://www.federalregister.gov/documents/full_text/text/2011/10/20/2011-27237.txt,"The EPA is announcing that the period for providing public comments on the August 23, 2011, ""Oil and Natural Gas Sector: New Source Performance Standards and National Emission Standards for Hazardous Air Pollutants Reviews,"" closes on October 31, 2011. This notice does not address the requests the EPA has received for extending this period."
EPA-HQ-OAR-2010-0505,proposed,2011-27961,2011-10-28,Oil and Natural Gas Sector: New Source Performance Standards and National Emission Standards for Hazardous Air Pollutants Reviews; Extension of Comment Period Closing Date,,7794,data/raw/federal_register/EPA-HQ-OAR-2010-0505_proposed_2011-27961.txt,https://www.federalregister.gov/documents/full_text/text/2011/10/28/2011-27961.txt,"The EPA is announcing that the period for providing public comments on the August 23, 2011 proposed rule titled, ""Oil and Natural Gas Sector: New Source Performance Standards and National Emission Standards for Hazardous Air Pollutants Reviews,"" is being extended to November 30, 2011."
EPA-HQ-OAR-2010-0505,proposed,2013-07873,2013-04-12,Oil and Natural Gas Sector: Reconsideration of Certain Provisions of New Source Performance Standards,,183284,data/raw/federal_register/EPA-HQ-OAR-2010-0505_proposed_2013-07873.txt,https://www.federalregister.gov/documents/full_text/text/2013/04/12/2013-07873.txt,"On August 16, 2012, the EPA published final new source performance standards for the oil and natural gas sector. The Administrator received petitions for reconsideration of certain aspects of the standards. In this notice, the EPA is announcing proposed amendments as a result of reconsideration of certain issues related to implementation of storage vessel provisions. The proposed amendments also correct technical errors that were inadvertently included in the final rule."
EPA-HQ-OAR-2010-0505,proposed,2014-16576,2014-07-17,Oil and Natural Gas Sector: Reconsideration of Additional Provisions of New Source Performance Standards,,133797,data/raw/federal_register/EPA-HQ-OAR-2010-0505_proposed_2014-16576.txt,https://www.federalregister.gov/documents/full_text/text/2014/07/17/2014-16576.txt,"On August 16, 2012, the Environmental Protection Agency (EPA) published final new source performance standards for the oil and natural gas sector. The Administrator received petitions for administrative reconsideration of certain aspects of the standards. Among issues raised in the petitions were time-critical issues related to certain storage vessel provisions and well completion provisions. On September 23, 2013, the EPA published final amendments as a result of reconsideration of issues relat"
EPA-HQ-OAR-2010-0505,proposed,2015-06593,2015-03-23,Oil and Natural Gas Sector: Definitions of Low Pressure Gas Well and Storage Vessel,,38232,data/raw/federal_register/EPA-HQ-OAR-2010-0505_proposed_2015-06593.txt,https://www.federalregister.gov/documents/full_text/text/2015/03/23/2015-06593.txt,"On July 17, 2014, the Environmental Protection Agency (EPA) published proposed amendments to the new source performance standards (NSPS) for the Oil and Natural Gas Sector. One of the issues addressed in the proposed amendments was the EPA's proposed definition of ""low pressure gas well."" A petitioner's timely submitted comment on the proposed amendments concerning the definition was, inadvertently, not made part of the record in the rulemaking docket and was, therefore, not available to be cons"
EPA-HQ-OAR-2010-0505,proposed,2015-21255,2015-08-27,Source Determination for Certain Emission Units in the Oil and Natural Gas Sector; Oil and Natural Gas Sector: Emission Standards for New and Modified Sources; and Review of New Sources and Modifications in Indian Country: Federal Implementation Plan for Managing Air Emissions From True Minor Sources Engaged in Oil and Natural Gas Production in Indian Country,,13016,data/raw/federal_register/EPA-HQ-OAR-2010-0505_proposed_2015-21255.txt,https://www.federalregister.gov/documents/full_text/text/2015/08/27/2015-21255.txt,"The Environmental Protection Agency (EPA) is announcing three public hearings to be held for three proposed rules titled, ""Source Determination for Certain Emission Units in the Oil and Natural Gas Sector,"" ""Oil and Natural Gas Sector: Emission Standards for New and Modified Sources,"" and ""Review of New Sources and Modifications in Indian Country: Federal Implementation Plan for Managing Air Emissions from True Minor Sources Engaged in Oil and Natural Gas Production in Indian Country."" Two heari"
EPA-HQ-OAR-2010-0505,proposed,2015-21023,2015-09-18,Oil and Natural Gas Sector: Emission Standards for New and Modified Sources,,815857,data/raw/federal_register/EPA-HQ-OAR-2010-0505_proposed_2015-21023.txt,https://www.federalregister.gov/documents/full_text/text/2015/09/18/2015-21023.txt,"This action proposes to amend the new source performance standards (NSPS) for the oil and natural gas source category by setting standards for both methane and volatile organic compounds (VOC) for certain equipment, processes and activities across this source category. The Environmental Protection Agency (EPA) is including requirements for methane emissions in this proposal because methane is a greenhouse gas (GHG), and the oil and natural gas category is currently one of the country's largest e"
EPA-HQ-OAR-2010-0505,proposed,2015-28764,2015-11-13,Source Determination for Certain Emission Units in the Oil and Natural Gas Sector; Oil and Natural Gas Sector: Emission Standards for New and Modified Sources; Review of New Sources and Modifications in Indian Country: Federal Implementation Plan for Managing Air Emissions From True Minor Sources Engaged in Oil and Natural Gas Production in Indian Country,,5571,data/raw/federal_register/EPA-HQ-OAR-2010-0505_proposed_2015-28764.txt,https://www.federalregister.gov/documents/full_text/text/2015/11/13/2015-28764.txt,"On September 18, 2015, the Environmental Protection Agency (EPA) proposed three rules titled, ""Source Determination for Certain Emission Units in the Oil and Natural Gas Sector,"" ""Oil and Natural Gas Sector: Emission Standards for New and Modified Sources,"" and ""Review of New Sources and Modifications in Indian Country: Federal Implementation Plan for Managing Air Emissions from True Minor Sources Engaged in Oil and Natural Gas Production in Indian Country."" The EPA is extending the comment peri"
EPA-HQ-OAR-2010-0505,proposed,2017-12698,2017-06-16,"Oil and Natural Gas Sector: Emission Standards for New, Reconstructed, and Modified Sources: Stay of Certain Requirements",,53744,data/raw/federal_register/EPA-HQ-OAR-2010-0505_proposed_2017-12698.txt,https://www.federalregister.gov/documents/full_text/text/2017/06/16/2017-12698.txt,"The Environmental Protection Agency (EPA) is proposing to stay for two years certain requirements that are contained within the Final Rule titled ""Oil and Natural Gas Sector: Emission Standards for New, Reconstructed, and Modified Sources,"" published in the Federal Register on June 3, 2016 (2016 Rule). On June 5, 2017, the EPA published a notice that it stayed for three months the; fugitive emissions requirements, well site pneumatic pump standards, and the requirements for certification of clos"
EPA-HQ-OAR-2010-0505,proposed,2017-24344,2017-11-08,"Oil and Natural Gas Sector: Emission Standards for New, Reconstructed, and Modified Sources: Stay of Certain Requirements",,47698,data/raw/federal_register/EPA-HQ-OAR-2010-0505_proposed_2017-24344.txt,https://www.federalregister.gov/documents/full_text/text/2017/11/08/2017-24344.txt,"The Environmental Protection Agency (EPA) is issuing this notice of data availability (NODA) in support of the proposed rule titled ""Oil and Natural Gas Sector: Emission Standards for New, Reconstructed, and Modified Sources: Stay of Certain Requirements,"" which was published on June 16, 2017. In this document, the EPA is providing additional information on several topics raised by stakeholders and is soliciting comment on the information presented. The two topic areas are the legal authority to"
EPA-HQ-OAR-2010-0682,final,2015-26486,2015-12-01,Petroleum Refinery Sector Risk and Technology Review and New Source Performance Standards,,1331191,data/raw/federal_register/EPA-HQ-OAR-2010-0682_final_2015-26486.txt,https://www.federalregister.gov/documents/full_text/text/2015/12/01/2015-26486.txt,This action finalizes the residual risk and technology review conducted for the Petroleum Refinery source categories regulated under national emission standards for hazardous air pollutants (NESHAP) Refinery MACT 1 and Refinery MACT 2. It also includes revisions to the Refinery MACT 1 and MACT 2 rules in accordance with provisions regarding establishment of MACT standards. This action also finalizes technical corrections and clarifications for the new source performance standards (NSPS) for petr
EPA-HQ-OAR-2010-0682,final,2016-16451,2016-07-13,National Emission Standards for Hazardous Air Pollutant Emissions: Petroleum Refinery Sector Amendments,,92034,data/raw/federal_register/EPA-HQ-OAR-2010-0682_final_2016-16451.txt,https://www.federalregister.gov/documents/full_text/text/2016/07/13/2016-16451.txt,"This action amends the National Emissions Standards for Hazardous Air Pollutants (NESHAP) for Petroleum Refineries in three respects. First, this action adjusts the compliance date for regulatory requirements that apply at maintenance vents during periods of startup, shutdown, maintenance or inspection for sources constructed or reconstructed on or before June 30, 2014. Second, this action amends the compliance dates for the regulatory requirements that apply during startup, shutdown, or hot sta"
EPA-HQ-OAR-2010-0682,final,2018-25080,2018-11-26,National Emission Standards for Hazardous Air Pollutants and New Source Performance Standards: Petroleum Refinery Sector Amendments,,234542,data/raw/federal_register/EPA-HQ-OAR-2010-0682_final_2018-25080.txt,https://www.federalregister.gov/documents/full_text/text/2018/11/26/2018-25080.txt,"This action finalizes amendments to the petroleum refinery National Emission Standards for Hazardous Air Pollutants (NESHAP) (referred to as Refinery MACT 1 and Refinery MACT 2) and to the New Source Performance Standards (NSPS) for Petroleum Refineries to clarify the requirements of these rules and to make technical corrections and minor revisions to requirements for work practice standards, recordkeeping, and reporting which were proposed in the Federal Register on April 10, 2018. This action "
EPA-HQ-OAR-2010-0682,final,2020-01108,2020-02-04,National Emission Standards for Hazardous Air Pollutants: Petroleum Refinery Sector,,184941,data/raw/federal_register/EPA-HQ-OAR-2010-0682_final_2020-01108.txt,https://www.federalregister.gov/documents/full_text/text/2020/02/04/2020-01108.txt,"This action sets forth the U.S. Environmental Protection Agency's (EPA's) decision on aspects of the Agency's proposed reconsideration of the December 1, 2015, final rule: Petroleum Refinery Sector Residual Risk and Technology Review (RTR) and New Source Performance Standards (NSPS). This action also finalizes proposed amendments to clarify a compliance issue raised by stakeholders subject to the rule, to correct referencing errors, and to correct publication errors associated with amendments to"
EPA-HQ-OAR-2010-0682,final,2020-23491,2020-10-26,National Emission Standards for Hazardous Air Pollutants: Petroleum Refinery Sector: Action Denying a Petition for Reconsideration,,9097,data/raw/federal_register/EPA-HQ-OAR-2010-0682_final_2020-23491.txt,https://www.federalregister.gov/documents/full_text/text/2020/10/26/2020-23491.txt,"The U.S. Environmental Protection Agency (EPA) is providing notice that it has responded to a petition for reconsideration of a final rule published in the Federal Register on February 4, 2020. The rule promulgated amendments to the National Emission Standards for Hazardous Air Pollutants (NESHAP): Petroleum Refinery Sector based on the residual risk and technology review (RTR) conducted for the Petroleum Refinery source category. On April 6, 2020, the EPA received a petition for reconsideration"
EPA-HQ-OAR-2010-0682,proposed,2014-12167,2014-06-30,Petroleum Refinery Sector Risk and Technology Review and New Source Performance Standards,,1455073,data/raw/federal_register/EPA-HQ-OAR-2010-0682_proposed_2014-12167.txt,https://www.federalregister.gov/documents/full_text/text/2014/06/30/2014-12167.txt,"This action proposes amendments to the national emission standards for hazardous air pollutants for petroleum refineries to address the risk remaining after application of the standards promulgated in 1995 and 2002. This action also proposes amendments to the national emission standards for hazardous air pollutants for petroleum refineries based on the results of the Environmental Protection Agency (EPA) review of developments in practices, processes and control technologies and includes new mon"
EPA-HQ-OAR-2010-0682,proposed,2014-19281,2014-08-15,Petroleum Refinery Sector Risk and Technology Review and New Source Performance Standards,,5172,data/raw/federal_register/EPA-HQ-OAR-2010-0682_proposed_2014-19281.txt,https://www.federalregister.gov/documents/full_text/text/2014/08/15/2014-19281.txt,"The Environmental Protection Agency (EPA) is announcing that the period for providing public comments on the June 30, 2014, proposed ""Petroleum Refinery Sector Risk and Technology Review and New Source Performance Standards"" is being extended by 60 days."
EPA-HQ-OAR-2010-0682,proposed,2016-02306,2016-02-09,National Emission Standards for Hazardous Air Pollutant Emissions: Petroleum Refinery Sector Amendments,,71636,data/raw/federal_register/EPA-HQ-OAR-2010-0682_proposed_2016-02306.txt,https://www.federalregister.gov/documents/full_text/text/2016/02/09/2016-02306.txt,"This action proposes amendments to the National Emission Standards for Hazardous Air Pollutants (NESHAP) Refinery MACT 1 and Refinery MACT 2 regulations and the New Source Performance Standards (NSPS) for petroleum refineries, which were published on December 1, 2015. In that action, as a result of a risk and technology review, the Environmental Protection Agency (EPA) finalized amendments to Refinery MACT 1 and Refinery MACT 2. In this action, the EPA is proposing to amend the compliance date i"
EPA-HQ-OAR-2010-0682,proposed,2016-25162,2016-10-18,National Emission Standards for Hazardous Air Pollutant Emissions: Petroleum Refinery Sector,,51177,data/raw/federal_register/EPA-HQ-OAR-2010-0682_proposed_2016-25162.txt,https://www.federalregister.gov/documents/full_text/text/2016/10/18/2016-25162.txt,"On December 1, 2015, the Environmental Protection Agency (EPA) finalized amendments to the National Emission Standards for Hazardous Air Pollutants (NESHAP) Refinery Maximum Achievable Control Technology (MACT) 1 and Refinery MACT 2 regulations and the New Source Performance Standards (NSPS) for petroleum refineries. Subsequently, the EPA received three petitions for reconsideration of the final rules. The EPA is announcing reconsideration and request for public comment on five issues raised in "
EPA-HQ-OAR-2010-0682,proposed,2016-26595,2016-11-03,National Emission Standards for Hazardous Air Pollutant Emissions: Petroleum Refinery Sector,,9941,data/raw/federal_register/EPA-HQ-OAR-2010-0682_proposed_2016-26595.txt,https://www.federalregister.gov/documents/full_text/text/2016/11/03/2016-26595.txt,"On October 18, 2016, the Environmental Protection Agency (EPA) published a document to announce its reconsideration of and request for public comment on five issues in the final National Emission Standards for Hazardous Air Pollutant Emissions: Petroleum Refinery Sector that was published on December 1, 2015. Petitioners claim that the public was not afforded an adequate opportunity to comment on these five issues. Additionally, the EPA proposed amendments to the final rule to clarify a complian"
EPA-HQ-OAR-2010-0682,proposed,2018-06223,2018-04-10,National Emission Standards for Hazardous Air Pollutants and New Source Performance Standards: Petroleum Refinery Sector Amendments,,244793,data/raw/federal_register/EPA-HQ-OAR-2010-0682_proposed_2018-06223.txt,https://www.federalregister.gov/documents/full_text/text/2018/04/10/2018-06223.txt,"This action proposes amendments to the National Emission Standards for Hazardous Air Pollutants (NESHAP) Refinery MACT 1 and Refinery MACT 2 regulations to clarify the requirements of these rules and to make technical corrections and minor revisions to requirements for work practice standards, recordkeeping and reporting. This action also proposes technical corrections for the New Source Performance Standards (NSPS) for Petroleum Refineries."
EPA-HQ-OAR-2010-0682,proposed,2018-14736,2018-07-10,National Emission Standards for Hazardous Air Pollutants and New Source Performance Standards: Petroleum Refinery Sector Amendments,,32875,data/raw/federal_register/EPA-HQ-OAR-2010-0682_proposed_2018-14736.txt,https://www.federalregister.gov/documents/full_text/text/2018/07/10/2018-14736.txt,"This action proposes amendments to the National Emission Standards for Hazardous Air Pollutants (NESHAP) Refinery MACT 1, which was published in the Federal Register on December 1, 2015, and subsequently amended on July 13, 2016. The December 1, 2015, action was the result of a risk and technology review in which the Environmental Protection Agency (EPA) finalized amendments to Refinery MACT 1 and Refinery MACT 2. The July 13, 2016, action finalized technical corrections and clarifications, as w"
EPA-HQ-OAR-2011-0044,final,2012-806,2012-02-16,"National Emission Standards for Hazardous Air Pollutants From Coal- and Oil-Fired Electric Utility Steam Generating Units and Standards of Performance for Fossil-Fuel-Fired Electric Utility, Industrial-Commercial-Institutional, and Small Industrial-Commercial-Institutional Steam Generating Units",,1649087,data/raw/federal_register/EPA-HQ-OAR-2011-0044_final_2012-806.txt,https://www.federalregister.gov/documents/full_text/text/2012/02/16/2012-806.txt,"On May 3, 2011, under authority of Clean Air Act (CAA) sections 111 and 112, the EPA proposed both national emission standards for hazardous air pollutants (NESHAP) from coal- and oil-fired electric utility steam generating units (EGUs) and standards of performance for fossil-fuel-fired electric utility, industrial-commercial- institutional, and small industrial-commercial-institutional steam generating units (76 FR 24976). After consideration of public comments, the EPA is finalizing these rule"
EPA-HQ-OAR-2011-0044,final,2012-8703,2012-04-19,"National Emission Standards for Hazardous Air Pollutants From Coal- and Oil-Fired Electric Utility Steam Generating Units and Standards of Performance for Fossil-Fuel-Fired Electric Utility, Industrial-Commercial-Institutional, and Small Industrial-Commercial-Institutional Steam Generating Units; Correction",,78476,data/raw/federal_register/EPA-HQ-OAR-2011-0044_final_2012-8703.txt,https://www.federalregister.gov/documents/full_text/text/2012/04/19/2012-8703.txt,"This document corrects certain preamble and regulatory text. This action corrects typographical errors, such as cross-reference errors and certain preamble text that is not consistent with the final regulatory text, which published in the Federal Register on Thursday, February 16, 2012 (77 FR 9304)."
EPA-HQ-OAR-2011-0044,final,2012-18871,2012-08-02,"National Emission Standards for Hazardous Air Pollutants From Coal- and Oil-Fired Electric Utility Steam Generating Units and Standards of Performance for Fossil-Fuel-Fired Electric Utility, Industrial-Commercial-Institutional, and Small Industrial-Commercial-Institutional Steam Generating Units: Notice of Partial Stay",,5375,data/raw/federal_register/EPA-HQ-OAR-2011-0044_final_2012-18871.txt,https://www.federalregister.gov/documents/full_text/text/2012/08/02/2012-18871.txt,"This action stays the effectiveness of national new source emission standards for hazardous air pollutants from coal- and oil- fired electric utility steam generating units issued pursuant to Clean Air Act section 112 that were published in the Federal Register on February 16, 2012 (77 FR 9304)."
EPA-HQ-OAR-2011-0044,final,2012-28729,2012-11-30,"Reconsideration of Certain New Source and Startup/Shutdown Issues: National Emission Standards for Hazardous Air Pollutants From Coal- and Oil-Fired Electric Utility Steam Generating Units and Standards of Performance for Fossil-Fuel-Fired Electric Utility, Industrial-Commercial-Institutional, and Small Industrial-Commercial-Institutional Steam Generating Units",,160884,data/raw/federal_register/EPA-HQ-OAR-2011-0044_final_2012-28729.txt,https://www.federalregister.gov/documents/full_text/text/2012/11/30/2012-28729.txt,"On February 16, 2012, pursuant to sections 111 and 112 of the Clean Air Act (CAA), the EPA published the final rules titled ""National Emission Standards for Hazardous Air Pollutants from Coal- and Oil-fired Electric Utility Steam Generating Units and Standards of Performance for Fossil-Fuel-Fired Electric Utility, Industrial- Commercial-Institutional, and Small Industrial-Commercial-Institutional Steam Generating Units."" The National Emission Standards for Hazardous Air Pollutants (NESHAP) rule "
EPA-HQ-OAR-2011-0044,final,2013-07859,2013-04-24,"Reconsideration of Certain New Source Issues: National Emission Standards for Hazardous Air Pollutants From Coal- and Oil-Fired Electric Utility Steam Generating Units and Standards of Performance for Fossil-Fuel-Fired Electric Utility, Industrial-Commercial-Institutional, and Small Industrial-Commercial-Institutional Steam Generating Units",,146958,data/raw/federal_register/EPA-HQ-OAR-2011-0044_final_2013-07859.txt,https://www.federalregister.gov/documents/full_text/text/2013/04/24/2013-07859.txt,"The EPA is taking final action on its reconsideration of certain issues in the final rules titled, ""National Emission Standards for Hazardous Air Pollutants from Coal- and Oil-fired Electric Utility Steam Generating Units and Standards of Performance for Fossil-Fuel- Fired Electric Utility, Industrial-Commercial-Institutional, and Small Industrial-Commercial-Institutional Steam Generating Units."" The National Emission Standards for Hazardous Air Pollutants (NESHAP) rule issued pursuant to Clean "
EPA-HQ-OAR-2011-0044,final,2014-27125,2014-11-19,"Reconsideration of Certain Startup/Shutdown Issues: National Emission Standards for Hazardous Air Pollutants From Coal- and Oil-Fired Electric Utility Steam Generating Units and Standards of Performance for Fossil-Fuel-Fired Electric Utility, Industrial-Commercial-Institutional, and Small Industrial-Commercial-Institutional Steam Generating Units",,142755,data/raw/federal_register/EPA-HQ-OAR-2011-0044_final_2014-27125.txt,https://www.federalregister.gov/documents/full_text/text/2014/11/19/2014-27125.txt,"The Environmental Protection Agency (EPA) is taking final action on its reconsideration of the startup and shutdown provisions in the final rules titled, ""National Emission Standards for Hazardous Air Pollutants from Coal- and Oil-fired Electric Utility Steam Generating Units and Standards of Performance for Fossil-Fuel-Fired Electric Utility, Industrial-Commercial-Institutional, and Small Industrial- Commercial-Institutional Steam Generating Units."" The national emission standards for hazardous"
EPA-HQ-OAR-2011-0044,final,2015-10118,2015-04-30,Reconsideration on the Mercury and Air Toxics Standards (MATS) and the Utility New Source Performance Standards; Final Action,,12801,data/raw/federal_register/EPA-HQ-OAR-2011-0044_final_2015-10118.txt,https://www.federalregister.gov/documents/full_text/text/2015/04/30/2015-10118.txt,"The U.S. Environmental Protection Agency (EPA) is providing notice that it has responded to 23 petitions for reconsideration of the final rules titled National Emission Standards for Hazardous Air Pollutants (NESHAP) From Coal- and Oil-Fired Electric Utility Steam Generating Units and Standards of Performance (NSPS) for Fossil-Fuel- Fired Electric Utility, Industrial-Commercial-Institutional, and Small Industrial-Commercial-Institutional Steam Generating Units, published in the Federal Register "
EPA-HQ-OAR-2011-0044,final,2016-06563,2016-04-06,"National Emission Standards for Hazardous Air Pollutants From Coal- and Oil-Fired Electric Utility Steam Generating Units and Standards of Performance for Fossil-Fuel-Fired Electric Utility, Industrial-Commercial-Institutional, and Small Industrial-Commercial-Institutional Steam Generating Units; Technical Correction",,297168,data/raw/federal_register/EPA-HQ-OAR-2011-0044_final_2016-06563.txt,https://www.federalregister.gov/documents/full_text/text/2016/04/06/2016-06563.txt,"This action finalizes the technical corrections that the Environmental Protection Agency (EPA) proposed on February 17, 2015, to correct and clarify certain text of the EPA's regulations regarding ""National Emission Standards for Hazardous Air Pollutants from Coal- and Oil-fired Electric Utility Steam Generating Units and Standards of Performance for Fossil-Fuel-Fired Electric Utility, Industrial- Commercial-Institutional, and Small Industrial-Commercial-Institutional Steam Generating Units"". We"
EPA-HQ-OAR-2011-0044,proposed,2011-10283,2011-04-28,"National Emission Standards for Hazardous Air Pollutants From Coal- and Oil-Fired Electric Utility Steam Generating Units and Standards of Performance for Fossil-Fuel-Fired Electric Utility, Industrial-Commercial-Institutional, and Small Industrial-Commercial-Institutional Steam Generating Units",,8349,data/raw/federal_register/EPA-HQ-OAR-2011-0044_proposed_2011-10283.txt,https://www.federalregister.gov/documents/full_text/text/2011/04/28/2011-10283.txt,"EPA published in the Federal Register on May 3, 2011, the proposed rule ""National Emission Standards for Hazardous Air Pollutants from Coal- and Oil-fired Electric Utility Steam Generating Units and Standards of Performance for Fossil-Fuel-Fired Electric Utility, Industrial-Commercial-Institutional, and Small Industrial- Commercial-Institutional Steam Generating Units."" EPA is announcing three public hearings to be held for the proposed rule."
EPA-HQ-OAR-2011-0044,proposed,2011-7237,2011-05-03,"National Emission Standards for Hazardous Air Pollutants From Coal- and Oil-Fired Electric Utility Steam Generating Units and Standards of Performance for Fossil-Fuel-Fired Electric Utility, Industrial-Commercial-Institutional, and Small Industrial-Commercial-Institutional Steam Generating Units",,1341421,data/raw/federal_register/EPA-HQ-OAR-2011-0044_proposed_2011-7237.txt,https://www.federalregister.gov/documents/full_text/text/2011/05/03/2011-7237.txt,The United States (U.S.) Environmental Protection Agency (EPA or Agency) is proposing national emission standards for hazardous air pollutants (NESHAP) from coal- and oil-fired electric utility steam generating units (EGUs) under Clean Air Act (CAA or the Act) section 112(d) and proposing revised new source performance standards (NSPS) for fossil fuel-fired EGUs under CAA section 111(b). The proposed NESHAP would protect air quality and promote public health by reducing emissions of the hazardou
EPA-HQ-OAR-2011-0044,proposed,2011-16493,2011-07-01,"Proposed National Emission Standards for Hazardous Air Pollutants From Coal- and Oil-Fired Electric Utility Steam Generating Units and Standards of Performance for Fossil-Fuel-Fired Electric Utility, Industrial-Commercial-Institutional, and Small Industrial-Commercial-Institutional Steam Generating Units; Extension of Comment Period",,5005,data/raw/federal_register/EPA-HQ-OAR-2011-0044_proposed_2011-16493.txt,https://www.federalregister.gov/documents/full_text/text/2011/07/01/2011-16493.txt,"The EPA is announcing that the period for providing public comments on the May 3, 2011, Proposed National Emission Standards for Hazardous Air Pollutants from Coal- and Oil-fired Electric Utility Steam Generating Units and Standards of Performance for Fossil-Fuel- Fired Electric Utility, Industrial-Commercial-Institutional, and Small Industrial-Commercial-Institutional Steam Generating Units is being extended for 30 days."
EPA-HQ-OAR-2011-0044,proposed,C1-2012-28729,2012-12-05,"Reconsideration of Certain New Source and Startup/Shutdown Issues: National Emission Standards for Hazardous Air Pollutants From Coal- and Oil-Fired Electric Utility Steam Generating Units and Standards of Performance for Fossil-Fuel-Fired Electric Utility, Industrial-Commercial-Institutional, and Small Industrial-Commercial-Institutional Steam Generating Units",,1223,data/raw/federal_register/EPA-HQ-OAR-2011-0044_proposed_C1-2012-28729.txt,https://www.federalregister.gov/documents/full_text/text/2012/12/05/C1-2012-28729.txt,
EPA-HQ-OAR-2011-0044,proposed,2012-29973,2012-12-12,"Reconsideration of Certain New Source and Startup/Shutdown Issues: National Emission Standards for Hazardous Air Pollutants From Coal- and Oil-Fired Electric Utility Steam Generating Units and Standards of Performance for Fossil-Fuel-Fired Electric Utility, Industrial-Commercial-Institutional, and Small Industrial-Commercial-Institutional Steam Generating Units",,5614,data/raw/federal_register/EPA-HQ-OAR-2011-0044_proposed_2012-29973.txt,https://www.federalregister.gov/documents/full_text/text/2012/12/12/2012-29973.txt,"The EPA is announcing that the period for providing public comments on the November 30, 2012, proposed ""Reconsideration of Certain New Source and Startup/Shutdown Issues: National Emission Standards for Hazardous Air Pollutants from Coal- and Oil-fired Electric Utility Steam Generating Units and Standards of Performance for Fossil-Fuel-Fired Electric Utility, Industrial-Commercial- Institutional, and Small Industrial-Commercial-Institutional Steam Generating Units"" is being extended by 7 days."
EPA-HQ-OAR-2011-0044,proposed,2013-15146,2013-06-25,"Reconsideration of Certain Startup/Shutdown Issues: National Emission Standards for Hazardous Air Pollutants From Coal- and Oil-Fired Electric Utility Steam Generating Units and Standards of Performance for Fossil-Fuel-Fired Electric Utility, Industrial-Commercial-Institutional, and Small Industrial-Commercial-Institutional Steam Generating Units",,32526,data/raw/federal_register/EPA-HQ-OAR-2011-0044_proposed_2013-15146.txt,https://www.federalregister.gov/documents/full_text/text/2013/06/25/2013-15146.txt,"On November 30, 2012, the EPA published in the Federal Register the proposed rule, ""Reconsideration of Certain New Source and Startup/Shutdown Issues: National Emission Standards for Hazardous Air Pollutants from Coal- and Oil-fired Electric Utility Steam Generating Units and Standards of Performance for Fossil-Fuel-Fired Electric Utility, Industrial-Commercial-Institutional, and Small Industrial- Commercial-Institutional Steam Generating Units."" That proposal opened for reconsideration certain "
EPA-HQ-OAR-2011-0044,proposed,2015-01699,2015-02-17,"National Emission Standards for Hazardous Air Pollutants From Coal- and Oil-Fired Electric Utility Steam Generating Units and Standards of Performance for Fossil-Fuel-Fired Electric Utility, Industrial-Commercial-Institutional, and Small Industrial-Commercial-Institutional Steam Generating Units; Revisions",,238376,data/raw/federal_register/EPA-HQ-OAR-2011-0044_proposed_2015-01699.txt,https://www.federalregister.gov/documents/full_text/text/2015/02/17/2015-01699.txt,"The U.S. Environmental Protection Agency (EPA) is proposing this action to correct and clarify certain text of the final action titled ""National Emission Standards for Hazardous Air Pollutants From Coal- and Oil-Fired Electric Utility Steam Generating Units and Standards of Performance for Fossil-Fuel-Fired Electric Utility, Industrial-Commercial-Institutional, and Small Industrial-Commercial- Institutional Steam Generating Units,"" which was published in the Federal Register of Thursday, Februar"
EPA-HQ-OAR-2011-0817,final,2012-31633,2013-02-12,National Emission Standards for Hazardous Air Pollutants for the Portland Cement Manufacturing Industry and Standards of Performance for Portland Cement Plants,,345139,data/raw/federal_register/EPA-HQ-OAR-2011-0817_final_2012-31633.txt,https://www.federalregister.gov/documents/full_text/text/2013/02/12/2012-31633.txt,"On July 18, 2012, the EPA proposed amendments to the National Emission Standards for Hazardous Air Pollutants for the Portland Cement Manufacturing Industry and the Standards of Performance for Portland Cement Plants. This final action amends the national emission standards for hazardous air pollutants for the Portland cement industry. The EPA is also promulgating amendments with respect to issues on which it granted reconsideration on May 17, 2011. In addition, the EPA is amending the new sourc"
EPA-HQ-OAR-2011-0817,final,2015-16811,2015-07-27,National Emission Standards for Hazardous Air Pollutants for the Portland Cement Manufacturing Industry and Standards of Performance for Portland Cement Plants,,145849,data/raw/federal_register/EPA-HQ-OAR-2011-0817_final_2015-16811.txt,https://www.federalregister.gov/documents/full_text/text/2015/07/27/2015-16811.txt,"This action finalizes amendments to the National Emission Standards for Hazardous Air Pollutants (NESHAP) for the Portland Cement Manufacturing Industry and Standards of Performance for Portland Cement Plants. On February 12, 2013, the Environmental Protection Agency (EPA) finalized amendments to the NESHAP and the new source performance standards (NSPS) for the Portland cement industry. Subsequently, the EPA became aware of certain minor technical errors in those amendments, and thus issued a p"
EPA-HQ-OAR-2011-0817,final,2015-22945,2015-09-11,National Emission Standards for Hazardous Air Pollutants for the Portland Cement Manufacturing Industry and Standards of Performance for Portland Cement Plants; Correction,,9445,data/raw/federal_register/EPA-HQ-OAR-2011-0817_final_2015-22945.txt,https://www.federalregister.gov/documents/full_text/text/2015/09/11/2015-22945.txt,"The Environmental Protection Agency (EPA) published a final rule in the Federal Register on July 27, 2015, titled National Emission Standards for Hazardous Air Pollutants for the Portland Cement Manufacturing Industry and Standards of Performance for Portland Cement Plants. This final rule makes technical corrections and clarifications to the regulations published in that final rule. The rule also includes a provision describing performance testing requirements when a source demonstrates complia"
EPA-HQ-OAR-2011-0817,final,2016-17293,2016-07-25,National Emission Standards for Hazardous Air Pollutants for the Portland Cement Manufacturing Industry,,37892,data/raw/federal_register/EPA-HQ-OAR-2011-0817_final_2016-17293.txt,https://www.federalregister.gov/documents/full_text/text/2016/07/25/2016-17293.txt,"The Environmental Protection Agency (EPA) is taking direct final action to amend the National Emission Standards for Hazardous Air Pollutants for the Portland Cement Manufacturing Industry. This direct final rule provides, for a period of 1 year, an additional compliance alternative for sources that would otherwise be required to use an HCl CEMS to demonstrate compliance with the HCl emissions limit. This compliance alternative is needed due to the current unavailability of a calibration gas use"
EPA-HQ-OAR-2011-0817,proposed,2012-16166,2012-07-18,National Emission Standards for Hazardous Air Pollutants for the Portland Cement Manufacturing Industry and Standards of Performance for Portland Cement Plants,,325334,data/raw/federal_register/EPA-HQ-OAR-2011-0817_proposed_2012-16166.txt,https://www.federalregister.gov/documents/full_text/text/2012/07/18/2012-16166.txt,"The EPA is proposing amendments to the National Emission Standards for Hazardous Air Pollutants for the Portland cement industry for Portland cement plants issued under sections 112(d) of the Clean Air Act. Specifically, the EPA is proposing to amend the existing and new source standards for particulate matter (PM). The EPA is also proposing amendments with respect to issues on which it granted reconsideration on May 17, 2011. In addition, the EPA is proposing amendments to the new source perfor"
EPA-HQ-OAR-2011-0817,proposed,2012-19126,2012-08-03,National Emission Standards for Hazardous Air Pollutants for the Portland Cement Manufacturing Industry and Standards of Performance for Portland Cement Plants,,6969,data/raw/federal_register/EPA-HQ-OAR-2011-0817_proposed_2012-19126.txt,https://www.federalregister.gov/documents/full_text/text/2012/08/03/2012-19126.txt,"The EPA has been requested to hold a public hearing on its proposed rule, ""National Emission Standards for Hazardous Air Pollutants for the Portland Cement Manufacturing Industry and Standards of Performance for Portland Cement Plants,"" which was published in the Federal Register on July 18, 2012. The EPA will hold the hearing on August 16, 2012, in Arlington, Texas."
EPA-HQ-OAR-2011-0817,proposed,2014-26905,2014-11-19,National Emission Standards for Hazardous Air Pollutants for the Portland Cement Manufacturing Industry and Standards of Performance for Portland Cement Plants: Amendments,,147395,data/raw/federal_register/EPA-HQ-OAR-2011-0817_proposed_2014-26905.txt,https://www.federalregister.gov/documents/full_text/text/2014/11/19/2014-26905.txt,"On February 12, 2013, the Environmental Protection Agency (EPA) finalized amendments to the national emission standards for the control of hazardous air pollutants (NESHAP) from the new and existing Portland cement manufacturing industry at major sources of hazardous air pollutants (HAP). Subsequently, the EPA has become aware of certain minor technical errors in those amendments, and is, accordingly, proposing amendments and technical corrections to the final rule. In addition, the EPA plans to"
EPA-HQ-OAR-2011-0817,proposed,2016-17292,2016-07-25,National Emission Standards for Hazardous Air Pollutants for the Portland Cement Manufacturing Industry,,6871,data/raw/federal_register/EPA-HQ-OAR-2011-0817_proposed_2016-17292.txt,https://www.federalregister.gov/documents/full_text/text/2016/07/25/2016-17292.txt,"The Environmental Protection Agency (EPA) is proposing to amend the National Emission Standards for Hazardous Air Pollutants for the Portland Cement Manufacturing Industry. In the ""Rules and Regulations"" section of this Federal Register, we are publishing a direct final rule, without a prior proposed rule, that corrects an inadvertent error and temporarily revises the testing and monitoring requirements for hydrochloric acid (HCl) due to the current unavailability of a calibration gas used for q"
EPA-HQ-OAR-2013-0495,final,2015-22837,2015-10-23,"Standards of Performance for Greenhouse Gas Emissions From New, Modified, and Reconstructed Stationary Sources: Electric Utility Generating Units",,1230248,data/raw/federal_register/EPA-HQ-OAR-2013-0495_final_2015-22837.txt,https://www.federalregister.gov/documents/full_text/text/2015/10/23/2015-22837.txt,"The Environmental Protection Agency (EPA) is finalizing new source performance standards (NSPS) under Clean Air Act (CAA) section 111(b) that, for the first time, will establish standards for emissions of carbon dioxide (CO<INF>2</INF>) for newly constructed, modified, and reconstructed affected fossil fuel-fired electric utility generating units (EGUs). This action establishes separate standards of performance for fossil fuel-fired electric utility steam generating units and fossil fuel-fired s"
EPA-HQ-OAR-2013-0495,final,2021-00389,2021-01-13,"Pollutant-Specific Significant Contribution Finding for Greenhouse Gas Emissions From New, Modified, and Reconstructed Stationary Sources: Electric Utility Generating Units, and Process for Determining Significance of Other New Source Performance Standards Source Categories",,127019,data/raw/federal_register/EPA-HQ-OAR-2013-0495_final_2021-00389.txt,https://www.federalregister.gov/documents/full_text/text/2021/01/13/2021-00389.txt,"In this final action, the U.S. Environmental Protection Agency (EPA) is finalizing a significant contribution finding (SCF) for purposes of regulating source categories for greenhouse gas (GHG) emissions, under section 111(b) of the Clean Air Act (CAA) for electric generating units (EGUs), and in doing so, reaffirming that EGUs remain a listed source category. The EPA has reached that conclusion by articulating a framework under which source categories are considered to contribute significantly "
EPA-HQ-OAR-2013-0495,proposed,2013-28668,2014-01-08,Standards of Performance for Greenhouse Gas Emissions From New Stationary Sources: Electric Utility Generating Units,,722769,data/raw/federal_register/EPA-HQ-OAR-2013-0495_proposed_2013-28668.txt,https://www.federalregister.gov/documents/full_text/text/2014/01/08/2013-28668.txt,"On April 13, 2012, the EPA proposed a new source performance standard for emissions of carbon dioxide for new affected fossil fuel- fired electric utility generating units. The EPA received more than 2.5 million comments on the proposed rule. After consideration of information provided in those comments, as well as consideration of continuing changes in the electricity sector, the EPA determined that revisions in its proposed approach are warranted. Thus, in a separate action, the EPA is withdra"
EPA-HQ-OAR-2013-0495,proposed,2014-01065,2014-01-22,Standards of Performance for Greenhouse Gas Emissions for New Stationary Sources: Electric Utility Generating Units,,6803,data/raw/federal_register/EPA-HQ-OAR-2013-0495_proposed_2014-01065.txt,https://www.federalregister.gov/documents/full_text/text/2014/01/22/2014-01065.txt,"The Environmental Protection Agency (EPA) published in the Federal Register on January 8, 2014, the proposed rule, ""Standards of Performance for Greenhouse Gas Emissions for New Stationary Sources: Electric Utility Generating Units."" The EPA is announcing a change in the date for the public hearing to be held for the proposed Standards of Performance for Greenhouse Gas Emissions for New Stationary Sources: Electric Utility Generating Units."
EPA-HQ-OAR-2013-0495,proposed,C1-2014-01065,2014-01-28,Standards of Performance for Greenhouse Gas Emissions for New Stationary Sources: Electric Utility Generating Units,,1226,data/raw/federal_register/EPA-HQ-OAR-2013-0495_proposed_C1-2014-01065.txt,https://www.federalregister.gov/documents/full_text/text/2014/01/28/C1-2014-01065.txt,
EPA-HQ-OAR-2013-0495,proposed,2014-03115,2014-02-26,Standards of Performance for Greenhouse Gas Emissions From New Stationary Sources: Electric Utility Generating Units,,17574,data/raw/federal_register/EPA-HQ-OAR-2013-0495_proposed_2014-03115.txt,https://www.federalregister.gov/documents/full_text/text/2014/02/26/2014-03115.txt,"The EPA is issuing this NODA in support of the proposed rule titled ""Standards of Performance for Greenhouse Gas Emissions From New Stationary Sources: Electric Utility Generating Units"" that was published on January 8, 2014. Through this NODA and the technical support document it references, the EPA solicits comment on its interpretation of the provisions in the Energy Policy Act of 2005, including the federal tax credits contained in that Act, which limit the EPA's authority to rely on informa"
EPA-HQ-OAR-2013-0495,proposed,2014-04633,2014-03-06,Standards of Performance for Greenhouse Gas Emissions From New Stationary Sources: Electric Utility Generating Units,,5429,data/raw/federal_register/EPA-HQ-OAR-2013-0495_proposed_2014-04633.txt,https://www.federalregister.gov/documents/full_text/text/2014/03/06/2014-04633.txt,"The EPA is announcing that the period for providing public comments on the January 8, 2014, proposed ""Standards of Performance for Greenhouse Gas Emissions From New Stationary Sources: Electric Utility Generating Units"" and on the February 26, 2014, notice of data availability soliciting comment on the provisions in the Energy Policy Act of 2005, is being extended by 60 days."
EPA-HQ-OAR-2013-0495,proposed,2018-27052,2018-12-20,"Review of Standards of Performance for Greenhouse Gas Emissions From New, Modified, and Reconstructed Stationary Sources: Electric Utility Generating Units",,327096,data/raw/federal_register/EPA-HQ-OAR-2013-0495_proposed_2018-27052.txt,https://www.federalregister.gov/documents/full_text/text/2018/12/20/2018-27052.txt,"The Environmental Protection Agency (EPA) is proposing amendments to the rulemaking titled ""Standards of Performance for Greenhouse Gas Emissions from New, Modified, and Reconstructed Stationary Sources: Electric Utility Generating Units (EGUs),"" which the EPA promulgated by notice dated October 23, 2015 (i.e., the 2015 Rule). Specifically, the EPA proposes to amend its previous determination that the best system of emission reduction (BSER) for newly constructed coal-fired steam generating unit"
EPA-HQ-OAR-2013-0495,proposed,2018-27668,2018-12-21,"Review of Standards of Performance for Greenhouse Gas Emissions From New, Modified, and Reconstructed Stationary Sources: Electric Utility Generating Units",,6776,data/raw/federal_register/EPA-HQ-OAR-2013-0495_proposed_2018-27668.txt,https://www.federalregister.gov/documents/full_text/text/2018/12/21/2018-27668.txt,"On December 6, 2018, the Environmental Protection Agency (EPA) Acting Administrator signed a proposed rule titled ""Review of Standards of Performance for Greenhouse Gas Emissions from New, Modified, and Reconstructed Stationary Sources: Electric Utility Generating Units."" The EPA is announcing that it will hold a public hearing on the proposed action. The hearing will provide interested parties the opportunity to present data, views, or arguments concerning the proposed action."
EPA-HQ-OAR-2013-0495,proposed,2019-01365,2019-02-07,"Review of Standards of Performance for Greenhouse Gas Emissions From New, Modified, and Reconstructed Stationary Sources: Electric Utility Generating Units",,5871,data/raw/federal_register/EPA-HQ-OAR-2013-0495_proposed_2019-01365.txt,https://www.federalregister.gov/documents/full_text/text/2019/02/07/2019-01365.txt,"On December 6, 2018, the Environmental Protection Agency (EPA) proposed a rule titled ""Review of Standards of Performance for Greenhouse Gas Emissions from New, Modified, and Reconstructed Stationary Sources: Electric Utility Generating Units."" The EPA is extending the public comment period from February 19, 2019, until March 18, 2019, which is consistent with the requirement to keep the record open for at least 30 days after the public hearing, which is scheduled for February 14, 2019, in Washi"
EPA-HQ-OAR-2013-0602,final,2015-22842,2015-10-23,Carbon Pollution Emission Guidelines for Existing Stationary Sources: Electric Utility Generating Units,,2543293,data/raw/federal_register/EPA-HQ-OAR-2013-0602_final_2015-22842.txt,https://www.federalregister.gov/documents/full_text/text/2015/10/23/2015-22842.txt,"In this action, the Environmental Protection Agency (EPA) is establishing final emission guidelines for states to follow in developing plans to reduce greenhouse gas (GHG) emissions from existing fossil fuel-fired electric generating units (EGUs). Specifically, the EPA is establishing: Carbon dioxide (CO<INF>2</INF>) emission performance rates representing the best system of emission reduction (BSER) for two subcategories of existing fossil fuel-fired EGUs--fossil fuel-fired electric utility ste"
EPA-HQ-OAR-2013-0602,proposed,2014-13726,2014-06-18,Carbon Pollution Emission Guidelines for Existing Stationary Sources: Electric Utility Generating Units,,1036901,data/raw/federal_register/EPA-HQ-OAR-2013-0602_proposed_2014-13726.txt,https://www.federalregister.gov/documents/full_text/text/2014/06/18/2014-13726.txt,"In this action, the Environmental Protection Agency (EPA) is proposing emission guidelines for states to follow in developing plans to address greenhouse gas emissions from existing fossil fuel-fired electric generating units. Specifically, the EPA is proposing state- specific rate-based goals for carbon dioxide emissions from the power sector, as well as guidelines for states to follow in developing plans to achieve the state-specific goals. This rule, as proposed, would continue progress alrea"
EPA-HQ-OAR-2013-0602,proposed,2014-15664,2014-07-03,Carbon Pollution Emission Guidelines for Existing Stationary Sources and Standards for Modified and Reconstructed Stationary Sources: EGUs,,10270,data/raw/federal_register/EPA-HQ-OAR-2013-0602_proposed_2014-15664.txt,https://www.federalregister.gov/documents/full_text/text/2014/07/03/2014-15664.txt,"The Environmental Protection Agency (EPA) published in the Federal Register on June 18, 2014, the proposed rules, ""Carbon Pollution Emission Guidelines for Existing Stationary Sources: Electric Utility Generating Units"" and ""Carbon Pollution Standards for Modified and Reconstructed Stationary Sources: Electric Utility Generating Units."" The EPA is announcing four additional public hearings, in addition to the previously announced dates on June 18, 2014."
EPA-HQ-OAR-2013-0602,proposed,2014-22832,2014-09-25,Carbon Pollution Emission Guidelines for Existing Stationary Sources: Electric Utility Generating Units,,4539,data/raw/federal_register/EPA-HQ-OAR-2013-0602_proposed_2014-22832.txt,https://www.federalregister.gov/documents/full_text/text/2014/09/25/2014-22832.txt,"The Environmental Protection Agency (EPA) is announcing that the period for providing public comments on the proposed rule published on June 18, 2014, titled ""Carbon Pollution Emission Guidelines for Existing Stationary Sources: Electric Utility Generating Units"" is being extended by 45 days."
EPA-HQ-OAR-2013-0602,proposed,2014-25486,2014-10-27,Carbon Pollution Emission Guidelines for Existing Stationary Sources: Electric Utility Generating Units,,3219,data/raw/federal_register/EPA-HQ-OAR-2013-0602_proposed_2014-25486.txt,https://www.federalregister.gov/documents/full_text/text/2014/10/27/2014-25486.txt,"The Environmental Protection Agency (EPA) published in the Federal Register on September 25, 2014, an extending the comment period for the proposed rule titled ""Carbon Pollution Emission Guidelines for Existing Stationary Sources: Electric Utility Generating Units"" by 45 days. Inadvertently, that proposed rule included an incorrect digit in the docket number for the proposed rule. This proposed rule corrects that error."
EPA-HQ-OAR-2013-0602,proposed,2014-25845,2014-10-30,Carbon Pollution Emission Guidelines for Existing Stationary Sources: Electric Utility Generating Units,,87422,data/raw/federal_register/EPA-HQ-OAR-2013-0602_proposed_2014-25845.txt,https://www.federalregister.gov/documents/full_text/text/2014/10/30/2014-25845.txt,"The Environmental Protection Agency (EPA) is issuing this notice of data availability (NODA) in support of the proposed rule titled ""Carbon Pollution Emission Guidelines for Existing Stationary Sources: Electric Utility Generating Units,"" which was published on June 18, 2014. In this document, the EPA is providing additional information on several topics raised by stakeholders and is soliciting comment on the information presented. The three topic areas are the emission reduction compliance traj"
EPA-HQ-OAR-2013-0602,proposed,2014-26112,2014-11-04,Carbon Pollution Emission Guidelines for Existing Stationary Sources: EGUs in Indian Country and U.S. Territories; Multi-Jurisdictional Partnerships,,182306,data/raw/federal_register/EPA-HQ-OAR-2013-0602_proposed_2014-26112.txt,https://www.federalregister.gov/documents/full_text/text/2014/11/04/2014-26112.txt,"On June 18, 2014, the Environmental Protection Agency (EPA) proposed emission guidelines for states to follow in developing plans to address greenhouse gas (GHG) emissions from existing fossil fuel- fired electric generating units (EGUs). In this supplemental action, the EPA is proposing emission guidelines for U.S. territories and areas of Indian country with existing fossil fuel-fired EGUs. Specifically, the EPA is proposing rate-based goals for carbon dioxide (CO<INF>2</INF>) emissions for U."
EPA-HQ-OAR-2013-0602,proposed,2014-26900,2014-11-13,Carbon Pollution Emission Guidelines for Existing Stationary Sources: Electric Utility Generating Units,,22431,data/raw/federal_register/EPA-HQ-OAR-2013-0602_proposed_2014-26900.txt,https://www.federalregister.gov/documents/full_text/text/2014/11/13/2014-26900.txt,"The Environmental Protection Agency (EPA) is issuing this notice in support of the proposed rule, ""Carbon Pollution Emission Guidelines for Existing Stationary Sources: Electric Utility Generating Units,"" published on June 18, 2014 and the supplemental proposal, ""Carbon Pollution Emission Guidelines: Existing Stationary Sources in Indian Country and U.S. Territories; Multi-jurisdictional Partnerships,"" issued on October 28, 2014, to provide further discussion of potential approaches for translat"
EPA-HQ-OAR-2014-0828,final,2016-18399,2016-08-15,Finding That Greenhouse Gas Emissions From Aircraft Cause or Contribute to Air Pollution That May Reasonably Be Anticipated To Endanger Public Health and Welfare,,444845,data/raw/federal_register/EPA-HQ-OAR-2014-0828_final_2016-18399.txt,https://www.federalregister.gov/documents/full_text/text/2016/08/15/2016-18399.txt,"In this action, the Administrator finds that elevated concentrations of greenhouse gases in the atmosphere endanger the public health and welfare of current and future generations within the meaning of section 231(a)(2)(A) of the Clean Air Act (CAA, or Act). She makes this finding specifically with respect to the same six well-mixed greenhouse gases--carbon dioxide (CO<INF>2</INF>), methane, nitrous oxide, hydrofluorocarbons, perfluorocarbons, and sulfur hexafluoride-- that together were defined"
EPA-HQ-OAR-2014-0828,proposed,2015-15192,2015-07-01,Proposed Finding That Greenhouse Gas Emissions From Aircraft Cause or Contribute to Air Pollution That May Reasonably Be Anticipated To Endanger Public Health and Welfare and Advance Notice of Proposed Rulemaking,,385468,data/raw/federal_register/EPA-HQ-OAR-2014-0828_proposed_2015-15192.txt,https://www.federalregister.gov/documents/full_text/text/2015/07/01/2015-15192.txt,"In this action, the Administrator is proposing to determine that greenhouse gas concentrations in the atmosphere endanger the public health and welfare of current and future generations within the meaning of section 231(a) of the Clean Air Act. She proposes to make this finding specifically with respect to the same six well-mixed greenhouse gases (GHGs)--carbon dioxide, methane, nitrous oxide, hydrofluorocarbons, perfluorocarbons, and sulfur hexafluoride--that together were defined as the air po"
EPA-HQ-OAR-2014-0828,proposed,2015-18518,2015-07-29,Proposed Finding That Greenhouse Gas Emissions From Aircraft Cause or Contribute to Air Pollution That May Reasonably Be Anticipated To Endanger Public Health and Welfare and Advance Notice of Proposed Rulemaking; Notice of Updates to Public Hearing,,4517,data/raw/federal_register/EPA-HQ-OAR-2014-0828_proposed_2015-18518.txt,https://www.federalregister.gov/documents/full_text/text/2015/07/29/2015-18518.txt,"The Environmental Protection Agency (EPA) published the Proposed Finding that Greenhouse Gas Emissions from Aircraft Cause or Contribute to Air Pollution that May Reasonably Be Anticipated to Endanger Public Health and Welfare and Advance Notice of Proposed Rulemaking in the Federal Register on July 1, 2015. This action provides notice of three updates regarding the public hearing."
EPA-HQ-OAR-2014-0828,proposed,2016-31644,2016-12-30,Reconsideration of Finding That Greenhouse Gas Emissions From Aircraft Cause or Contribute to Air Pollution That May Reasonably Be Anticipated To Endanger Public Health and Welfare,,11184,data/raw/federal_register/EPA-HQ-OAR-2014-0828_proposed_2016-31644.txt,https://www.federalregister.gov/documents/full_text/text/2016/12/30/2016-31644.txt,"This action provides notice that the U.S. Environmental Protection Agency (EPA) Administrator, Gina McCarthy, denied a petition for reconsideration of the final Finding that Greenhouse Gas Emissions from Aircraft Cause or Contribute to Air Pollution that May Reasonably Be Anticipated to Endanger Public Health and Welfare, published in the Federal Register on August 15, 2016."
EPA-HQ-OAR-2015-0072,final,2020-27125,2020-12-18,Review of the National Ambient Air Quality Standards for Particulate Matter,,536413,data/raw/federal_register/EPA-HQ-OAR-2015-0072_final_2020-27125.txt,https://www.federalregister.gov/documents/full_text/text/2020/12/18/2020-27125.txt,"Based on the Environmental Protection Agency's (EPA's) review of the air quality criteria and the national ambient air quality standards (NAAQS) for particulate matter (PM), the Administrator has reached final decisions on the primary and secondary PM NAAQS. With regard to the primary standards meant to protect against fine particle exposures (i.e., annual and 24-hour PM<INF>2.5</INF> standards), the primary standard meant to protect against coarse particle exposures (i.e., 24-hour PM<INF>10</IN"
EPA-HQ-OAR-2015-0072,final,2024-02637,2024-03-06,Reconsideration of the National Ambient Air Quality Standards for Particulate Matter,,1605483,data/raw/federal_register/EPA-HQ-OAR-2015-0072_final_2024-02637.txt,https://www.federalregister.gov/documents/full_text/text/2024/03/06/2024-02637.txt,"Based on the Environmental Protection Agency's (EPA's) reconsideration of the air quality criteria and the national ambient air quality standards (NAAQS) for particulate matter (PM), the EPA is revising the primary annual PM<INF>2.5</INF> standard by lowering the level from 12.0 [micro]g/m\3\ to 9.0 [micro]g/m\3\. The Agency is retaining the current primary 24-hour PM<INF>2.5</INF> standard and the primary 24-hour PM<INF>10</INF> standard. The Agency also is not changing the secondary 24-hour PM"
EPA-HQ-OAR-2015-0072,final,2024-29223,2024-12-19,Reconsideration of the National Ambient Air Quality Standards for Particulate Matter; Correction,,39630,data/raw/federal_register/EPA-HQ-OAR-2015-0072_final_2024-29223.txt,https://www.federalregister.gov/documents/full_text/text/2024/12/19/2024-29223.txt,"The Environmental Protection Agency (EPA) is correcting a final rule published in the Federal Register on March 6, 2024, that became effective on May 6, 2024. The final rule revised the primary annual PM<INF>2.5</INF> standard by lowering the level from 12.0 [micro]g/m\3\ to 9.0 [micro]g/m\3\, retained the current primary 24- hour PM<INF>2.5</INF> standard and the primary 24-hour PM<INF>10</INF> standard, retained the secondary 24-hour PM<INF>2.5</INF> standard, secondary annual PM<INF>2.5</INF>"
EPA-HQ-OAR-2015-0072,proposed,2020-08143,2020-04-30,Review of the National Ambient Air Quality Standards for Particulate Matter,,415450,data/raw/federal_register/EPA-HQ-OAR-2015-0072_proposed_2020-08143.txt,https://www.federalregister.gov/documents/full_text/text/2020/04/30/2020-08143.txt,"Based on the Environmental Protection Agency's (EPA's) review of the air quality criteria and the national ambient air quality standards (NAAQS) for particulate matter (PM), the Administrator has reached proposed decisions on the primary and secondary PM NAAQS. With regard to the primary standards meant to protect against fine particle exposures (i.e., annual and 24-hour PM<INF>2.5</INF> standards), the primary standard meant to protect against coarse particle exposures (i.e., 24-hour PM<INF>10<"
EPA-HQ-OAR-2015-0072,proposed,2020-09480,2020-05-05,Public Hearing for the Review of the National Ambient Air Quality Standards for Particulate Matter,,12379,data/raw/federal_register/EPA-HQ-OAR-2015-0072_proposed_2020-09480.txt,https://www.federalregister.gov/documents/full_text/text/2020/05/05/2020-09480.txt,"The Environmental Protection Agency (EPA) is announcing that a virtual public hearing will be held for the proposed action titled, ""Review of the National Ambient Air Quality Standards for Particulate Matter,"" which was signed on April 14, 2020. The hearing will be held May 20 and 21, 2020. Based on its review of the air quality criteria and the national ambient air quality standards (NAAQS) for particulate matter (PM), the EPA is proposing to retain both the primary and secondary PM standards, "
EPA-HQ-OAR-2015-0072,proposed,2022-10972,2022-05-26,Release of the Policy Assessment for the Reconsideration of the National Ambient Air Quality Standards for Particulate Matter,,7737,data/raw/federal_register/EPA-HQ-OAR-2015-0072_proposed_2022-10972.txt,https://www.federalregister.gov/documents/full_text/text/2022/05/26/2022-10972.txt,"On or about May 23, 2022, the Environmental Protection Agency (EPA) will make available the document, Policy Assessment for the Reconsideration of the National Ambient Air Quality Standards for Particulate Matter (PA). This document was prepared as a part of the current reconsideration of the 2020 final decision on the National Ambient Air Quality Standards (NAAQS) for Particulate Matter (PM). The PA serves to ""bridge the gap"" between the currently available scientific and technical information "
EPA-HQ-OAR-2015-0072,proposed,2023-00269,2023-01-27,Reconsideration of the National Ambient Air Quality Standards for Particulate Matter,,1267575,data/raw/federal_register/EPA-HQ-OAR-2015-0072_proposed_2023-00269.txt,https://www.federalregister.gov/documents/full_text/text/2023/01/27/2023-00269.txt,"Based on the Environmental Protection Agency's (EPA's) reconsideration of the air quality criteria and the national ambient air quality standards (NAAQS) for particulate matter (PM), the EPA proposes to revise the primary annual PM<INF>2.5</INF> standard by lowering the level. The Agency proposes to retain the current primary 24-hour PM<INF>2.5</INF> standard and the primary 24-hour PM<INF>10</INF> standard. The Agency also proposes not to change the secondary 24-hour PM<INF>2.5</INF> standard, "
EPA-HQ-OAR-2015-0072,proposed,2023-01924,2023-01-31,Public Hearing for the Reconsideration of the National Ambient Air Quality Standards for Particulate Matter,,12278,data/raw/federal_register/EPA-HQ-OAR-2015-0072_proposed_2023-01924.txt,https://www.federalregister.gov/documents/full_text/text/2023/01/31/2023-01924.txt,"The Environmental Protection Agency (EPA) is announcing that a virtual public hearing will be held for the proposed action titled, ""Reconsideration of the National Ambient Air Quality Standards for Particulate Matter,"" which was signed on January 5, 2023. The hearing will be held on Tuesday, February 21, 2023, and Wednesday, February 22, 2023. Based on the EPA's reconsideration of the air quality criteria and the national ambient air quality standards (NAAQS) for particulate matter (PM), the EPA"
EPA-HQ-OAR-2015-0531,final,2017-00268,2017-01-10,Protection of Visibility: Amendments to Requirements for State Plans,,412090,data/raw/federal_register/EPA-HQ-OAR-2015-0531_final_2017-00268.txt,https://www.federalregister.gov/documents/full_text/text/2017/01/10/2017-00268.txt,"The Environmental Protection Agency (EPA) is finalizing revisions to requirements under the Clean Air Act (CAA) for state plans for protection of visibility in mandatory Class I Federal areas in order to continue steady environmental progress while addressing administrative aspects of the program. In summary, the revisions clarify the relationship between long-term strategies and reasonable progress goals (RPGs) in state implementation plans (SIPs) and the long-term strategy obligation of all st"
EPA-HQ-OAR-2015-0531,proposed,2016-10228,2016-05-04,Protection of Visibility: Amendments to Requirements for State Plans,,272433,data/raw/federal_register/EPA-HQ-OAR-2015-0531_proposed_2016-10228.txt,https://www.federalregister.gov/documents/full_text/text/2016/05/04/2016-10228.txt,"The Environmental Protection Agency (EPA) is proposing amendments to requirements under the Clean Air Act (CAA) for state plans for protection of visibility in mandatory Class I federal areas (Class I areas) in order to continue steady environmental progress while addressing administrative aspects of the program. The EPA amendments would clarify the relationship between long-term strategies and reasonable progress goals in state plans, and the long-term strategy obligation of all states. The ame"
EPA-HQ-OAR-2015-0531,proposed,2016-11007,2016-05-11,Protection of Visibility: Amendments to Requirements for State Plans,,9483,data/raw/federal_register/EPA-HQ-OAR-2015-0531_proposed_2016-11007.txt,https://www.federalregister.gov/documents/full_text/text/2016/05/11/2016-11007.txt,"The Environmental Protection Agency (EPA) is announcing a public hearing to be held for the proposed rule titled, ""Protection of Visibility: Amendments to Requirements for State Plans"" which published in the Federal Register on May 4, 2016. The hearing will be held on Wednesday, June 1, 2016, in Denver, Colorado. Please note that this hearing is being held in addition to the May 19, 2016, public hearing in Washington, DC that was announced in the notice of proposed rulemaking."
EPA-HQ-OAR-2015-0531,proposed,2016-15493,2016-07-01,Protection of Visibility: Amendments to Requirements for State Plans,,3725,data/raw/federal_register/EPA-HQ-OAR-2015-0531_proposed_2016-15493.txt,https://www.federalregister.gov/documents/full_text/text/2016/07/01/2016-15493.txt,"On May 4, 2016, the Environmental Protection Agency (EPA) proposed a rule titled, ""Protection of Visibility: Amendments to Requirements for State Plans."" The EPA is extending the comment period on the proposed rule that was scheduled to close on July 5, 2016. The EPA has received requests for additional time to review and comment on the proposed rule revisions."
EPA-HQ-OAR-2017-0355,final,2019-13507,2019-07-08,Repeal of the Clean Power Plan; Emission Guidelines for Greenhouse Gas Emissions From Existing Electric Utility Generating Units; Revisions to Emission Guidelines Implementing Regulations,,534440,data/raw/federal_register/EPA-HQ-OAR-2017-0355_final_2019-13507.txt,https://www.federalregister.gov/documents/full_text/text/2019/07/08/2019-13507.txt,"The U.S. Environmental Protection Agency (EPA) is finalizing three separate and distinct rulemakings. First, the EPA is repealing the Clean Power Plan (CPP) because the Agency has determined that the CPP exceeded the EPA's statutory authority under the Clean Air Act (CAA). Second, the EPA is finalizing the Affordable Clean Energy rule (ACE), consisting of Emission Guidelines for Greenhouse Gas (GHG) Emissions from Existing Electric Utility Generating Units (EGUs) under CAA section 111(d), that w"
EPA-HQ-OAR-2017-0355,final,2023-04959,2023-03-10,Delay of Submittal Date for State Plans Required Under the Affordable Clean Energy Rule,,18399,data/raw/federal_register/EPA-HQ-OAR-2017-0355_final_2023-04959.txt,https://www.federalregister.gov/documents/full_text/text/2023/03/10/2023-04959.txt,"This action extends until April 15, 2024, the deadline for state plans required to be submitted under the Clean Air Act (CAA) in accordance with the Affordable Clean Energy (ACE) rule."
EPA-HQ-OAR-2017-0355,proposed,2017-22349,2017-10-16,Repeal of Carbon Pollution Emission Guidelines for Existing Stationary Sources: Electric Utility Generating Units,,113946,data/raw/federal_register/EPA-HQ-OAR-2017-0355_proposed_2017-22349.txt,https://www.federalregister.gov/documents/full_text/text/2017/10/16/2017-22349.txt,"In this action, the U.S. Environmental Protection Agency (EPA) is proposing to repeal the Carbon Pollution Emission Guidelines for Existing Stationary Sources: Electric Utility Generating Units (EGUs), commonly referred to as the Clean Power Plan (CPP), as promulgated on October 23, 2015."
EPA-HQ-OAR-2017-0355,proposed,2017-24216,2017-11-08,Repeal of Carbon Pollution Emission Guidelines for Existing Stationary Sources: Electric Utility Generating Units,,8410,data/raw/federal_register/EPA-HQ-OAR-2017-0355_proposed_2017-24216.txt,https://www.federalregister.gov/documents/full_text/text/2017/11/08/2017-24216.txt,"On October 16, 2017, the Environmental Protection Agency (EPA) published a proposal to announce its intention to repeal the Carbon Pollution Emission Guidelines for Existing Stationary Sources: Electric Utility Generating Units, commonly referred to as the Clean Power Plan (CPP), as promulgated on October 23, 2015. The proposal also requested public comment on the proposed rule. The EPA is announcing that a public hearing will be held. In addition, the EPA is extending the public comment period."
EPA-HQ-OAR-2017-0355,proposed,2018-01321,2018-02-01,Repeal of Carbon Pollution Emission Guidelines for Existing Stationary Sources: Electric Utility Generating Units,,10767,data/raw/federal_register/EPA-HQ-OAR-2017-0355_proposed_2018-01321.txt,https://www.federalregister.gov/documents/full_text/text/2018/02/01/2018-01321.txt,"On October 16, 2017, the Environmental Protection Agency (EPA) published a proposal to announce its intention to repeal the Carbon Pollution Emission Guidelines for Existing Stationary Sources: Electric Utility Generating Units, commonly referred to as the Clean Power Plan, as promulgated on October 23, 2015. The proposal also requested public comment on the proposed rule. The EPA held public hearings on November 28 and 29, 2017, in Charleston, West Virginia, and extended the public comment peri"
EPA-HQ-OAR-2017-0355,proposed,2018-18755,2018-08-31,Emission Guidelines for Greenhouse Gas Emissions From Existing Electric Utility Generating Units; Revisions to Emission Guideline Implementing Regulations; Revisions to New Source Review Program,,496207,data/raw/federal_register/EPA-HQ-OAR-2017-0355_proposed_2018-18755.txt,https://www.federalregister.gov/documents/full_text/text/2018/08/31/2018-18755.txt,"The Environmental Protection Agency (EPA) is proposing three distinct actions, including Emission Guidelines for Greenhouse Gas Emissions from Existing Electric Utility Generating Units (EGUs). First, EPA is proposing to replace the Clean Power Plan (CPP) with revised emissions guidelines (the Affordable Clean Energy (ACE) rule) that inform the development, submittal, and implementation of state plans to reduce greenhouse gas (GHG) emission from certain EGUs. In the proposed emissions guidelines"
EPA-HQ-OAR-2017-0355,proposed,2018-19505,2018-09-10,Emission Guidelines for Greenhouse Gas Emissions From Existing Electric Utility Generating Units; Revisions to Emission Guideline Implementing Regulations; Revisions to New Source Review Program,,7804,data/raw/federal_register/EPA-HQ-OAR-2017-0355_proposed_2018-19505.txt,https://www.federalregister.gov/documents/full_text/text/2018/09/10/2018-19505.txt,"On August 31, 2018, the Environmental Protection Agency (EPA) published a document in the Federal Register to announce its proposed Emission Guidelines for Greenhouse Gas Emissions From Existing Electric Utility Generating Units; Revisions to Emission Guideline Implementing Regulations; Revisions to New Source Review Program, also being called the Affordable Clean Energy (ACE) rule. The document also requested public comment on the proposed action. The EPA is announcing that it will hold a publi"
EPA-HQ-OAR-2017-0483,final,2020-18115,2020-09-15,"Oil and Natural Gas Sector: Emission Standards for New, Reconstructed, and Modified Sources Reconsideration",,482982,data/raw/federal_register/EPA-HQ-OAR-2017-0483_final_2020-18115.txt,https://www.federalregister.gov/documents/full_text/text/2020/09/15/2020-18115.txt,"This action finalizes amendments to the new source performance standards (NSPS) for the oil and natural gas sector. The Environmental Protection Agency (EPA) granted reconsideration on the fugitive emissions requirements, well site pneumatic pump standards, requirements for certification of closed vent systems (CVS) by a professional engineer (PE), and the provisions to apply for the use of an alternative means of emission limitation (AMEL). This final action includes amendments as a result of t"
EPA-HQ-OAR-2017-0483,proposed,2018-20961,2018-10-15,"Oil and Natural Gas Sector: Emission Standards for New, Reconstructed, and Modified Sources Reconsideration",,400207,data/raw/federal_register/EPA-HQ-OAR-2017-0483_proposed_2018-20961.txt,https://www.federalregister.gov/documents/full_text/text/2018/10/15/2018-20961.txt,"This action proposes reconsideration amendments to the new source performance standards (NSPS) at 40 Code of Federal Regulations (CFR) part 60, subpart OOOOa (2016 NSPS OOOOa). The Environmental Protection Agency (EPA) received petitions for reconsideration on the 2016 NSPS OOOOa. In 2017, the EPA granted reconsideration on the fugitive emissions requirements, well site pneumatic pump standards, and the requirements for certification of closed vent systems by a professional engineer based on spe"
EPA-HQ-OAR-2017-0483,proposed,2018-23570,2018-10-29,"Oil and Natural Gas Sector: Emission Standards for New, Reconstructed, and Modified Sources Reconsideration",,7225,data/raw/federal_register/EPA-HQ-OAR-2017-0483_proposed_2018-23570.txt,https://www.federalregister.gov/documents/full_text/text/2018/10/29/2018-23570.txt,"On October 15, 2018, the Environmental Protection Agency (EPA) published in the Federal Register a proposed rule titled ""Oil and Natural Gas Sector: Emission Standards for New, Reconstructed, and Modified Sources Reconsideration."" The comment period on the proposed action will end on December 17, 2018. The EPA is announcing that it will hold a public hearing on the proposed action. The hearing will provide interested parties the opportunity to present data, views, or arguments concerning the pro"
EPA-HQ-OAR-2017-0757,final,2020-18114,2020-09-14,"Oil and Natural Gas Sector: Emission Standards for New, Reconstructed, and Modified Sources Review",,425198,data/raw/federal_register/EPA-HQ-OAR-2017-0757_final_2020-18114.txt,https://www.federalregister.gov/documents/full_text/text/2020/09/14/2020-18114.txt,"This action finalizes amendments to the oil and natural gas new source performance standards (NSPS) promulgated in 2012 and 2016. These amendments remove sources in the transmission and storage segment from the source category, rescind the NSPS (including both the volatile organic compounds (VOC) and methane requirements) applicable to those sources, and separately rescinds the methane-specific requirements of the NSPS applicable to sources in the production and processing segments. Furthermore,"
EPA-HQ-OAR-2017-0757,proposed,2019-20242,2019-09-20,"Oil and Natural Gas Sector: Emission Standards for New, Reconstructed, and Modified Sources Review",,7127,data/raw/federal_register/EPA-HQ-OAR-2017-0757_proposed_2019-20242.txt,https://www.federalregister.gov/documents/full_text/text/2019/09/20/2019-20242.txt,"On August 28, 2019, the Administrator of the U.S. Environmental Protection Agency (EPA) signed the proposed rulemaking, ""Oil and Natural Gas Sector: Emission Standards for New, Reconstructed, and Modified Sources Review."" The EPA also requested public comment on the proposed action. The EPA is announcing that it will hold a public hearing to provide interested parties the opportunity to present data, views, or arguments concerning the proposed action."
EPA-HQ-OAR-2017-0757,proposed,2019-19876,2019-09-24,"Oil and Natural Gas Sector: Emission Standards for New, Reconstructed, and Modified Sources Review",,326131,data/raw/federal_register/EPA-HQ-OAR-2017-0757_proposed_2019-19876.txt,https://www.federalregister.gov/documents/full_text/text/2019/09/24/2019-19876.txt,"This action proposes reconsideration amendments to the new source performance standards (NSPS). These amendments, if finalized, would remove sources in the transmission and storage segment from the source category, rescind the NSPS (including both the volatile organic compounds (VOC) and methane requirements) applicable to those sources, and rescind the methane-specific requirements (the ""methane requirements"") of the NSPS applicable to sources in the production and processing segments. The U.S."
EPA-HQ-OAR-2018-0775,final,2019-11653,2019-06-10,Modifications to Fuel Regulations To Provide Flexibility for E15; Modifications to RFS RIN Market Regulations,,372023,data/raw/federal_register/EPA-HQ-OAR-2018-0775_final_2019-11653.txt,https://www.federalregister.gov/documents/full_text/text/2019/06/10/2019-11653.txt,"The Environmental Protection Agency (EPA) is adopting a new statutory interpretation and making corresponding regulatory changes to allow gasoline blended with up to 15 percent ethanol to take advantage of the 1-pound per square inch (psi) Reid Vapor Pressure (RVP) waiver afforded under the Clean Air Act (CAA). In doing so, EPA is finalizing an interpretive rulemaking which defines gasoline blended with up to 15 percent ethanol as ""substantially similar"" to the fuel used to certify Tier 3 motor "
EPA-HQ-OAR-2018-0775,proposed,2019-05034,2019-03-18,Public Hearing for Modifications To Fuel Regulations To Provide Flexibility for E15; Modifications to RFS RIN Market Regulations,,5777,data/raw/federal_register/EPA-HQ-OAR-2018-0775_proposed_2019-05034.txt,https://www.federalregister.gov/documents/full_text/text/2019/03/18/2019-05034.txt,"The EPA is announcing a public hearing to be held in Ypsilanti, MI on March 29, 2019 for the proposed rule ""Modifications to Fuel Regulations to Provide Flexibility for E15; Modifications to RFS RIN Market Regulations."" This proposed rule will be published separately in the Federal Register. The pre-publication version of this proposal can be found at https://www.epa.gov/renewable-fuel-standard- program/notice-proposed-rulemaking-modifications-fuel-regulations- provide. In the separate notice of"
EPA-HQ-OAR-2018-0775,proposed,2019-05030,2019-03-21,Modifications to Fuel Regulations To Provide Flexibility for E15; Modifications to RFS RIN Market Regulations,,375857,data/raw/federal_register/EPA-HQ-OAR-2018-0775_proposed_2019-05030.txt,https://www.federalregister.gov/documents/full_text/text/2019/03/21/2019-05030.txt,"The Environmental Protection Agency (EPA) is proposing regulatory changes to allow gasoline blended with up to 15 percent ethanol to take advantage of the 1-pound per square inch (psi) Reid Vapor Pressure (RVP) waiver that currently applies to E10 during the summer months. EPA is also proposing an interpretive rulemaking which defines gasoline blended with up to 15 percent ethanol as ""substantially similar"" to the fuel used to certify Tier 3 motor vehicles. Finally, EPA is proposing regulatory c"
EPA-HQ-OAR-2018-0794,final,2020-07878,2020-04-15,National Emission Standards for Hazardous Air Pollutants: Coal- and Oil-Fired Electric Utility Steam Generating Units-Subcategory of Certain Existing Electric Utility Steam Generating Units Firing Eastern Bituminous Coal Refuse for Emissions of Acid Gas Hazardous Air Pollutants,,138816,data/raw/federal_register/EPA-HQ-OAR-2018-0794_final_2020-07878.txt,https://www.federalregister.gov/documents/full_text/text/2020/04/15/2020-07878.txt,"The U.S. Environmental Protection Agency (EPA) is taking final action establishing a subcategory of certain existing electric utility steam generating units (EGUs) firing eastern bituminous coal refuse (EBCR) for acid gas hazardous air pollutant (HAP) emissions that was noticed in a February 7, 2019, proposed rule titled ""National Emission Standards for Hazardous Air Pollutants: Coal- and Oil-Fired Electric Utility Steam Generating Units--Reconsideration of Supplemental Finding and Residual Risk"
EPA-HQ-OAR-2018-0794,final,2020-08607,2020-05-22,National Emission Standards for Hazardous Air Pollutants: Coal- and Oil-Fired Electric Utility Steam Generating Units-Reconsideration of Supplemental Finding and Residual Risk and Technology Review,,278701,data/raw/federal_register/EPA-HQ-OAR-2018-0794_final_2020-08607.txt,https://www.federalregister.gov/documents/full_text/text/2020/05/22/2020-08607.txt,"The U.S. Environmental Protection Agency (EPA) is revising its response to the U.S. Supreme Court decision in Michigan v. EPA, which held that the EPA erred by not considering cost in its determination that regulation under section 112 of the Clean Air Act (CAA) of hazardous air pollutant (HAP) emissions from coal- and oil-fired electric utility steam generating units (EGUs) is appropriate and necessary. After primarily comparing the cost of compliance relative to the benefits of HAP emission re"
EPA-HQ-OAR-2018-0794,final,2020-15950,2020-09-09,Mercury and Air Toxics Standards for Power Plants Electronic Reporting Revisions,,294077,data/raw/federal_register/EPA-HQ-OAR-2018-0794_final_2020-15950.txt,https://www.federalregister.gov/documents/full_text/text/2020/09/09/2020-15950.txt,"The U.S Environmental Protection Agency (EPA) is finalizing amendments to the electronic reporting requirements for the National Emission Standards for Hazardous Air Pollutants: Coal- and Oil-Fired Electric Utility Steam Generating Units (also known as the Mercury and Air Toxics Standards (MATS)). This action revises and streamlines the electronic data reporting requirements of MATS, increases data transparency by requiring use of one electronic reporting system instead of two separate systems, "
EPA-HQ-OAR-2018-0794,final,2023-03574,2023-03-06,National Emission Standards for Hazardous Air Pollutants: Coal- and Oil-Fired Electric Utility Steam Generating Units-Revocation of the 2020 Reconsideration and Affirmation of the Appropriate and Necessary Supplemental Finding,,446296,data/raw/federal_register/EPA-HQ-OAR-2018-0794_final_2023-03574.txt,https://www.federalregister.gov/documents/full_text/text/2023/03/06/2023-03574.txt,"After consideration of public comments, the EPA is revoking a May 22, 2020 finding that it is not appropriate and necessary to regulate coal- and oil-fired electric utility steam generating units (EGUs) under Clean Air Act (CAA) section 112, and concluding, as it did in its April 25, 2016 finding, that it remains appropriate and necessary to regulate hazardous air pollutant (HAP) emissions from EGUs after considering cost."
EPA-HQ-OAR-2018-0794,final,2024-09148,2024-05-07,National Emission Standards for Hazardous Air Pollutants: Coal- and Oil-Fired Electric Utility Steam Generating Units Review of the Residual Risk and Technology Review,,524520,data/raw/federal_register/EPA-HQ-OAR-2018-0794_final_2024-09148.txt,https://www.federalregister.gov/documents/full_text/text/2024/05/07/2024-09148.txt,"This action finalizes amendments to the national emission standards for hazardous air pollutants (NESHAP) for the Coal- and Oil- Fired Electric Utility Steam Generating Units (EGUs) source category. These final amendments are the result of the EPA's review of the 2020 Residual Risk and Technology Review (RTR). The changes, which were proposed under the technology review in April 2023, include amending the filterable particulate matter (fPM) surrogate emission standard for non-mercury metal hazar"
EPA-HQ-OAR-2018-0794,final,2026-03638,2026-02-24,National Emission Standards for Hazardous Air Pollutants: Coal- and Oil-Fired Electric Utility Steam Generating Units: Final Repeal,,384663,data/raw/federal_register/EPA-HQ-OAR-2018-0794_final_2026-03638.txt,https://www.federalregister.gov/documents/full_text/text/2026/02/24/2026-03638.txt,"The U.S. Environmental Protection Agency (EPA) is finalizing the repeal of specific amendments to the National Emission Standards for Hazardous Air Pollutants (NESHAP) for Coal- and Oil-Fired Electric Utility Steam Generating Units (EGUs), commonly referred to as the Mercury and Air Toxics Standards (MATS), that were promulgated on May 7, 2024. Specifically, the EPA is repealing the revised filterable particulate matter (fPM) emission standard, which serves as a surrogate for non-mercury hazardo"
EPA-HQ-OAR-2018-0794,final,2026-07396,2026-04-16,National Emission Standards for Hazardous Air Pollutants: Coal- and Oil-Fired Electric Utility Steam Generating Units: Final Repeal; Correction,,7003,data/raw/federal_register/EPA-HQ-OAR-2018-0794_final_2026-07396.txt,https://www.federalregister.gov/documents/full_text/text/2026/04/16/2026-07396.txt,"The U.S. Environmental Protection Agency (EPA) is correcting a final rule that published in the Federal Register (FR) on February 24, 2026, and will become effective on April 27, 2026. The EPA finalized the repeal of specific amendments to the National Emission Standards for Hazardous Air Pollutants (NESHAP) for Coal- and Oil-Fired Electric Utility Steam Generating Units (EGUs), commonly referred to as the Mercury and Air Toxics Standards (MATS), that were promulgated on May 7, 2024 (""MATS NESHA"
EPA-HQ-OAR-2018-0794,proposed,2019-00936,2019-02-07,National Emission Standards for Hazardous Air Pollutants: Coal- and Oil-Fired Electric Utility Steam Generating Units-Reconsideration of Supplemental Finding and Residual Risk and Technology Review,,273091,data/raw/federal_register/EPA-HQ-OAR-2018-0794_proposed_2019-00936.txt,https://www.federalregister.gov/documents/full_text/text/2019/02/07/2019-00936.txt,The Environmental Protection Agency (EPA) is proposing a revision to its response to the U.S. Supreme Court decision in Michigan v. EPA which held that the EPA erred by not considering cost in its determination that regulation under section 112 of the Clean Air Act (CAA) of hazardous air pollutant (HAP) emissions from coal- and oil- fired electric utility steam generating units (EGUs) is appropriate and necessary. After considering the cost of compliance relative to the HAP benefits of regulatio
EPA-HQ-OAR-2018-0794,proposed,2019-03518,2019-02-28,National Emission Standards for Hazardous Air Pollutants: Coal- and Oil-Fired Electric Utility Steam Generating Units-Reconsideration of Supplemental Finding and Residual Risk and Technology Review,,7669,data/raw/federal_register/EPA-HQ-OAR-2018-0794_proposed_2019-03518.txt,https://www.federalregister.gov/documents/full_text/text/2019/02/28/2019-03518.txt,"On February 7, 2019, the Environmental Protection Agency (EPA) published a document in the Federal Register to announce its proposed National Emission Standards for Hazardous Air Pollutants: Coal- and Oil-Fired Electric Utility Steam Generating Units--Reconsideration of Supplemental Finding and Residual Risk and Technology Review. The document also requested public comment on the proposed action. The EPA is announcing that it will hold a public hearing to provide interested parties the opportuni"
EPA-HQ-OAR-2018-0794,proposed,2020-07471,2020-04-10,Mercury and Air Toxics Standards for Power Plants Electronic Reporting Revisions,,294482,data/raw/federal_register/EPA-HQ-OAR-2018-0794_proposed_2020-07471.txt,https://www.federalregister.gov/documents/full_text/text/2020/04/10/2020-07471.txt,"The U.S Environmental Protection Agency (EPA) is proposing amendments to the electronic reporting requirements for the National Emission Standards for Hazardous Air Pollutants: Coal- and Oil-Fired Electric Utility Steam Generating Units (also known as the Mercury and Air Toxics Standards (MATS)). This proposed action would revise and streamline the electronic data reporting requirements of MATS and increase data transparency by requiring use of one electronic reporting system, instead of two sep"
EPA-HQ-OAR-2018-0794,proposed,2022-02343,2022-02-09,"National Emission Standards for Hazardous Air Pollutants: Coal- and Oil-Fired Electric Utility Steam Generating Units-Revocation of the 2020 Reconsideration, and Affirmation of the Appropriate and Necessary Supplemental Finding; Notice of Proposed Rulemaking",,407430,data/raw/federal_register/EPA-HQ-OAR-2018-0794_proposed_2022-02343.txt,https://www.federalregister.gov/documents/full_text/text/2022/02/09/2022-02343.txt,"The EPA is proposing to revoke a May 22, 2020 finding that it is not appropriate and necessary to regulate coal- and oil-fired electric utility steam generating units (EGUs) under Clean Air Act (CAA) section 112, and to reaffirm the Agency's April 25, 2016 finding that it remains appropriate and necessary to regulate hazardous air pollutant (HAP) emissions from EGUs after considering cost. The Agency is also reviewing another part of the May 22, 2020 action, a residual risk and technology review"
EPA-HQ-OAR-2018-0794,proposed,2023-07383,2023-04-24,National Emission Standards for Hazardous Air Pollutants: Coal- and Oil-Fired Electric Utility Steam Generating Units Review of the Residual Risk and Technology Review,,343595,data/raw/federal_register/EPA-HQ-OAR-2018-0794_proposed_2023-07383.txt,https://www.federalregister.gov/documents/full_text/text/2023/04/24/2023-07383.txt,"The EPA is proposing to amend the National Emission Standards for Hazardous Air Pollutants (NESHAP) for Coal- and Oil-Fired Electric Utility Steam Generating Units (EGUs), commonly known as the Mercury and Air Toxics Standards (MATS). Specifically, the EPA is proposing to amend the surrogate standard for non-mercury (Hg) metal HAP (filterable particulate matter (fPM)) for existing coal-fired EGUs; the fPM compliance demonstration requirements; the Hg standard for lignite- fired EGUs; and the def"
EPA-HQ-OAR-2018-0794,proposed,2025-10992,2025-06-17,National Emission Standards for Hazardous Air Pollutants: Coal- and Oil-Fired Electric Utility Steam Generating Units,,94334,data/raw/federal_register/EPA-HQ-OAR-2018-0794_proposed_2025-10992.txt,https://www.federalregister.gov/documents/full_text/text/2025/06/17/2025-10992.txt,"In this action, the U.S. Environmental Protection Agency (EPA) is proposing to repeal specific amendments to the National Emission Standards for Hazardous Air Pollutants (NESHAP) for Coal- and Oil-Fired Electric Utility Steam Generating Units (EGUs), commonly referred to as the Mercury and Air Toxics Standards (MATS), that were promulgated on May 7, 2024. The amendments that the EPA is proposing to repeal include the revised filterable particulate matter (fPM) emission standard, which serves as "
EPA-HQ-OAR-2020-0044,final,2020-23784,2020-11-24,Prevention of Significant Deterioration (PSD) and Nonattainment New Source Review (NNSR): Project Emissions Accounting,,154927,data/raw/federal_register/EPA-HQ-OAR-2020-0044_final_2020-23784.txt,https://www.federalregister.gov/documents/full_text/text/2020/11/24/2020-23784.txt,
EPA-HQ-OAR-2020-0044,final,2020-27368,2020-12-23,Increasing Consistency and Transparency in Considering Benefits and Costs in the Clean Air Act Rulemaking Process,,213591,data/raw/federal_register/EPA-HQ-OAR-2020-0044_final_2020-27368.txt,https://www.federalregister.gov/documents/full_text/text/2020/12/23/2020-27368.txt,
EPA-HQ-OAR-2020-0044,final,2021-00597,2021-01-19,Securing Updated and Necessary Statutory Evaluations Timely,,611453,data/raw/federal_register/EPA-HQ-OAR-2020-0044_final_2021-00597.txt,https://www.federalregister.gov/documents/full_text/text/2021/01/19/2021-00597.txt,
EPA-HQ-OAR-2020-0044,final,2021-10216,2021-05-14,Rescinding the Rule on Increasing Consistency and Transparency in Considering Benefits and Costs in the Clean Air Act Rulemaking Process,,108690,data/raw/federal_register/EPA-HQ-OAR-2020-0044_final_2021-10216.txt,https://www.federalregister.gov/documents/full_text/text/2021/05/14/2021-10216.txt,
EPA-HQ-OAR-2020-0044,final,2021-12327,2021-06-15,Corrosive Waste Rulemaking Petition; Denial,,125890,data/raw/federal_register/EPA-HQ-OAR-2020-0044_final_2021-12327.txt,https://www.federalregister.gov/documents/full_text/text/2021/06/15/2021-12327.txt,
EPA-HQ-OAR-2020-0044,final,2021-20992,2021-09-29,Rulemaking and Guidance Procedures,,53065,data/raw/federal_register/EPA-HQ-OAR-2020-0044_final_2021-20992.txt,https://www.federalregister.gov/documents/full_text/text/2021/09/29/2021-20992.txt,
EPA-HQ-OAR-2020-0044,final,2022-01449,2022-02-01,Freedom of Information Act Procedural Rules,,60315,data/raw/federal_register/EPA-HQ-OAR-2020-0044_final_2022-01449.txt,https://www.federalregister.gov/documents/full_text/text/2022/02/01/2022-01449.txt,
EPA-HQ-OAR-2020-0044,final,2023-04959,2023-03-10,Delay of Submittal Date for State Plans Required Under the Affordable Clean Energy Rule,,18399,data/raw/federal_register/EPA-HQ-OAR-2020-0044_final_2023-04959.txt,https://www.federalregister.gov/documents/full_text/text/2023/03/10/2023-04959.txt,
EPA-HQ-OAR-2020-0044,final,2023-14707,2023-07-13,Rescinding the Rule on Increasing Consistency and Transparency in Considering Benefits and Costs in the Clean Air Act Rulemaking Process,,86168,data/raw/federal_register/EPA-HQ-OAR-2020-0044_final_2023-14707.txt,https://www.federalregister.gov/documents/full_text/text/2023/07/13/2023-14707.txt,
EPA-HQ-OAR-2020-0044,final,2023-14312,2023-07-20,Phasedown of Hydrofluorocarbons: Allowance Allocation Methodology for 2024 and Later Years,,484570,data/raw/federal_register/EPA-HQ-OAR-2020-0044_final_2023-14312.txt,https://www.federalregister.gov/documents/full_text/text/2023/07/20/2023-14312.txt,
EPA-HQ-OAR-2020-0044,final,2023-25269,2023-11-17,Adoption and Submittal of State Plans for Designated Facilities: Implementing Regulations Under Clean Air Act Section 111(d),,536708,data/raw/federal_register/EPA-HQ-OAR-2020-0044_final_2023-25269.txt,https://www.federalregister.gov/documents/full_text/text/2023/11/17/2023-25269.txt,
EPA-HQ-OAR-2020-0044,final,2024-06899,2024-04-05,Endangered and Threatened Wildlife and Plants; Listing Endangered and Threatened Species and Designating Critical Habitat,,277706,data/raw/federal_register/EPA-HQ-OAR-2020-0044_final_2024-06899.txt,https://www.federalregister.gov/documents/full_text/text/2024/04/05/2024-06899.txt,
EPA-HQ-OAR-2020-0044,final,2024-27981,2024-12-05,Establishing Reasonable Period of Time and Clarifications Regarding Clean Water Act Section 401(a)(1) Certifications for Hydroelectric Proceedings,,61489,data/raw/federal_register/EPA-HQ-OAR-2020-0044_final_2024-27981.txt,https://www.federalregister.gov/documents/full_text/text/2024/12/05/2024-27981.txt,
EPA-HQ-OAR-2020-0044,final,2024-29436,2024-12-16,Determination of Attainment by the Attainment Date for the 2010 1-Hour Primary Sulfur Dioxide National Ambient Air Quality Standard; Texas; Freestone-Anderson and Titus Counties,,13490,data/raw/federal_register/EPA-HQ-OAR-2020-0044_final_2024-29436.txt,https://www.federalregister.gov/documents/full_text/text/2024/12/16/2024-29436.txt,
EPA-HQ-OAR-2020-0044,final,2024-29438,2024-12-16,Finding of Failure To Attain by the Attainment Date for the 2010 1-Hour Primary Sulfur Dioxide National Ambient Air Quality Standard; Louisiana; Evangeline Parish Nonattainment Area,,13667,data/raw/federal_register/EPA-HQ-OAR-2020-0044_final_2024-29438.txt,https://www.federalregister.gov/documents/full_text/text/2024/12/16/2024-29438.txt,
EPA-HQ-OAR-2020-0044,final,2025-00703,2025-01-17,Procedural Rules,,128080,data/raw/federal_register/EPA-HQ-OAR-2020-0044_final_2025-00703.txt,https://www.federalregister.gov/documents/full_text/text/2025/01/17/2025-00703.txt,
EPA-HQ-OAR-2020-0044,final,2025-03014,2025-02-25,Removal of National Environmental Policy Act Implementing Regulations,,49865,data/raw/federal_register/EPA-HQ-OAR-2020-0044_final_2025-03014.txt,https://www.federalregister.gov/documents/full_text/text/2025/02/25/2025-03014.txt,
EPA-HQ-OAR-2020-0044,final,2025-07449,2025-04-30,Policy Statement on the Treatment of Environmental Justice Matters in NRC Regulatory and Licensing Actions; Environmental Justice Strategy,,4984,data/raw/federal_register/EPA-HQ-OAR-2020-0044_final_2025-07449.txt,https://www.federalregister.gov/documents/full_text/text/2025/04/30/2025-07449.txt,
EPA-HQ-OAR-2020-0044,proposed,2018-14330,2018-07-03,Increasing Consistency and Transparency in Considering Costs and Benefits in the Rulemaking Process,,3838,data/raw/federal_register/EPA-HQ-OAR-2020-0044_proposed_2018-14330.txt,https://www.federalregister.gov/documents/full_text/text/2018/07/03/2018-14330.txt,
EPA-HQ-OAR-2020-0044,proposed,2018-24084,2018-11-16,Introduction to the Unified Agenda of Federal Regulatory and Deregulatory Actions-Fall 2018,,1422605,data/raw/federal_register/EPA-HQ-OAR-2020-0044_proposed_2018-24084.txt,https://www.federalregister.gov/documents/full_text/text/2018/11/16/2018-24084.txt,
EPA-HQ-OAR-2020-0044,proposed,2020-12535,2020-06-11,Increasing Consistency and Transparency in Considering Benefits and Costs in the Clean Air Act Rulemaking Process,,124391,data/raw/federal_register/EPA-HQ-OAR-2020-0044_proposed_2020-12535.txt,https://www.federalregister.gov/documents/full_text/text/2020/06/11/2020-12535.txt,
EPA-HQ-OAR-2020-0044,proposed,2020-13222,2020-06-19,Increasing Consistency and Transparency in Considering Benefits and Costs in the Clean Air Act Rulemaking Process; Extension of Comment Period and Public Hearing,,11869,data/raw/federal_register/EPA-HQ-OAR-2020-0044_proposed_2020-13222.txt,https://www.federalregister.gov/documents/full_text/text/2020/06/19/2020-13222.txt,
EPA-HQ-OAR-2020-0044,proposed,2020-23888,2020-11-04,Securing Updated and Necessary Statutory Evaluations Timely,,254120,data/raw/federal_register/EPA-HQ-OAR-2020-0044_proposed_2020-23888.txt,https://www.federalregister.gov/documents/full_text/text/2020/11/04/2020-23888.txt,
EPA-HQ-OAR-2020-0044,proposed,2022-27557,2022-12-23,Adoption and Submittal of State Plans for Designated Facilities: Implementing Regulations Under Clean Air Act Section 111(d),,289221,data/raw/federal_register/EPA-HQ-OAR-2020-0044_proposed_2022-27557.txt,https://www.federalregister.gov/documents/full_text/text/2022/12/23/2022-27557.txt,
EPA-HQ-OAR-2020-0044,proposed,2023-13903,2023-07-05,Hazardous Materials: Modernizing Regulations To Improve Safety and Efficiency,,246874,data/raw/federal_register/EPA-HQ-OAR-2020-0044_proposed_2023-13903.txt,https://www.federalregister.gov/documents/full_text/text/2023/07/05/2023-13903.txt,
EPA-HQ-OAR-2020-0044,proposed,2024-00447,2024-02-09,Regulatory Agenda,,4759,data/raw/federal_register/EPA-HQ-OAR-2020-0044_proposed_2024-00447.txt,https://www.federalregister.gov/documents/full_text/text/2024/02/09/2024-00447.txt,
EPA-HQ-OAR-2020-0044,proposed,2024-11896,2024-06-06,Establishment of Categorical Reasonable Period of Time for Action on Requests for Water Quality Certification Under Section 401(a)(1) of the Clean Water Act and Clarifying Types of Hydroelectric Project Proceedings That May Require Water Quality Certification,,42303,data/raw/federal_register/EPA-HQ-OAR-2020-0044_proposed_2024-11896.txt,https://www.federalregister.gov/documents/full_text/text/2024/06/06/2024-11896.txt,
EPA-HQ-OAR-2020-0044,proposed,2024-16454,2024-08-16,Regulatory Agenda,,6361,data/raw/federal_register/EPA-HQ-OAR-2020-0044_proposed_2024-16454.txt,https://www.federalregister.gov/documents/full_text/text/2024/08/16/2024-16454.txt,
EPA-HQ-OAR-2020-0044,proposed,2024-29454,2024-12-18,Approval and Promulgation of State Air Quality Plans for Designated Facilities and Pollutants; Oklahoma; Control of Emissions From Existing Municipal Solid Waste Landfills,,39004,data/raw/federal_register/EPA-HQ-OAR-2020-0044_proposed_2024-29454.txt,https://www.federalregister.gov/documents/full_text/text/2024/12/18/2024-29454.txt,
EPA-HQ-OAR-2020-0044,proposed,2025-06729,2025-04-18,Energy Conservation Program: Proposed Withdrawal of Determination of Portable Electric Spas as a Covered Consumer Product,,34415,data/raw/federal_register/EPA-HQ-OAR-2020-0044_proposed_2025-06729.txt,https://www.federalregister.gov/documents/full_text/text/2025/04/18/2025-06729.txt,
EPA-HQ-OAR-2020-0044,proposed,2025-08572,2025-05-16,Rescinding the Production Incentives for Cellulosic Biofuels,,18570,data/raw/federal_register/EPA-HQ-OAR-2020-0044_proposed_2025-08572.txt,https://www.federalregister.gov/documents/full_text/text/2025/05/16/2025-08572.txt,
EPA-HQ-OAR-2020-0044,proposed,2025-08579,2025-05-16,Energy Conservation Program: Exempt Power Supplies Under the EPS Service Parts Act of 2014,,33241,data/raw/federal_register/EPA-HQ-OAR-2020-0044_proposed_2025-08579.txt,https://www.federalregister.gov/documents/full_text/text/2025/05/16/2025-08579.txt,
EPA-HQ-OAR-2020-0044,proposed,2025-08592,2025-05-16,Energy Conservation Program: Test Procedures for Small Electric Motors,,33890,data/raw/federal_register/EPA-HQ-OAR-2020-0044_proposed_2025-08592.txt,https://www.federalregister.gov/documents/full_text/text/2025/05/16/2025-08592.txt,
EPA-HQ-OAR-2020-0044,proposed,2025-08596,2025-05-16,Energy Conservation Program: Proposed Withdrawal of Determination of Air Cleaners as a Covered Consumer Product,,37610,data/raw/federal_register/EPA-HQ-OAR-2020-0044_proposed_2025-08596.txt,https://www.federalregister.gov/documents/full_text/text/2025/05/16/2025-08596.txt,
EPA-HQ-OAR-2020-0044,proposed,2025-10090,2025-06-04,Pipeline Safety: Mandatory Regulatory Reviews To Unleash American Energy and Improve Government Efficiency,,27857,data/raw/federal_register/EPA-HQ-OAR-2020-0044_proposed_2025-10090.txt,https://www.federalregister.gov/documents/full_text/text/2025/06/04/2025-10090.txt,
EPA-HQ-OAR-2020-0044,proposed,2025-10091,2025-06-04,Hazardous Materials: Mandatory Regulatory Reviews To Unleash American Energy and Improve Government Efficiency,,37208,data/raw/federal_register/EPA-HQ-OAR-2020-0044_proposed_2025-10091.txt,https://www.federalregister.gov/documents/full_text/text/2025/06/04/2025-10091.txt,
EPA-HQ-OAR-2020-0044,proposed,2025-10991,2025-06-17,Repeal of Greenhouse Gas Emissions Standards for Fossil Fuel-Fired Electric Generating Units,,248711,data/raw/federal_register/EPA-HQ-OAR-2020-0044_proposed_2025-10991.txt,https://www.federalregister.gov/documents/full_text/text/2025/06/17/2025-10991.txt,
EPA-HQ-OAR-2020-0044,proposed,2025-19155,2025-10-01,National Emission Standards for Hazardous Air Pollutants From Secondary Lead Smelting Technology Review,,148455,data/raw/federal_register/EPA-HQ-OAR-2020-0044_proposed_2025-19155.txt,https://www.federalregister.gov/documents/full_text/text/2025/10/01/2025-19155.txt,
EPA-HQ-OAR-2021-0668,final,2022-18318,2022-08-26,Deadlines for Submission and Recordation of Allowance Allocations Under the Cross-State Air Pollution Rule (CSAPR) Trading Programs and the Texas SO2 Trading Program,,59431,data/raw/federal_register/EPA-HQ-OAR-2021-0668_final_2022-18318.txt,https://www.federalregister.gov/documents/full_text/text/2022/08/26/2022-18318.txt,The Environmental Protection Agency (EPA) is revising certain administrative deadlines under seven allowance trading programs for emissions of sulfur dioxide (SO<INF>2</INF>) and nitrogen oxides (NO<INF>X</INF>).
EPA-HQ-OAR-2021-0668,final,2023-05744,2023-06-05,Federal “Good Neighbor Plan” for the 2015 Ozone National Ambient Air Quality Standards,,2079369,data/raw/federal_register/EPA-HQ-OAR-2021-0668_final_2023-05744.txt,https://www.federalregister.gov/documents/full_text/text/2023/06/05/2023-05744.txt,"This action finalizes Federal Implementation Plan (FIP) requirements to address 23 states' obligations to eliminate significant contribution to nonattainment, or interference with maintenance, of the 2015 ozone National Ambient Air Quality Standards (NAAQS) in other states. The U.S. Environmental Protection Agency (EPA) is taking this action under the ""good neighbor"" or ""interstate transport"" provision of the Clean Air Act (CAA or Act). The Agency is defining the amount of ozone-precursor emissi"
EPA-HQ-OAR-2021-0668,final,2023-14180,2023-07-31,Federal “Good Neighbor Plan” for the 2015 Ozone National Ambient Air Quality Standards; Response to Judicial Stays of SIP Disapproval Action for Certain States,,109729,data/raw/federal_register/EPA-HQ-OAR-2021-0668_final_2023-14180.txt,https://www.federalregister.gov/documents/full_text/text/2023/07/31/2023-14180.txt,"The Environmental Protection Agency (EPA) is taking interim final action to stay, for emissions sources in Arkansas, Kentucky, Louisiana, Mississippi, Missouri, and Texas only, the effectiveness of the federal implementation plan (FIP) requirements established to address the obligations of these and other states to mitigate interstate air pollution with respect to the 2015 national ambient air quality standards (NAAQS) for ozone (the Good Neighbor Plan). The EPA is also revising certain other re"
EPA-HQ-OAR-2021-0668,final,2023-21040,2023-09-29,Federal “Good Neighbor Plan” for the 2015 Ozone National Ambient Air Quality Standards; Response to Additional Judicial Stays of SIP Disapproval Action for Certain States,,49098,data/raw/federal_register/EPA-HQ-OAR-2021-0668_final_2023-21040.txt,https://www.federalregister.gov/documents/full_text/text/2023/09/29/2023-21040.txt,"The Environmental Protection Agency (EPA) is taking interim final action to stay, for emissions sources in Alabama, Minnesota, Nevada, Oklahoma, Utah, and West Virginia only, the effectiveness of the Federal Implementation Plan (FIP) requirements established to address the obligations of these and other States to mitigate interstate air pollution with respect to the 2015 national ambient air quality standards (NAAQS) for ozone (the Good Neighbor Plan). The EPA is also revising certain other regu"
EPA-HQ-OAR-2021-0668,final,2024-06912,2024-04-04,Partial Denial of Petitions for Reconsideration: Federal “Good Neighbor Plan” for the 2015 Ozone National Ambient Air Quality Standards,,11330,data/raw/federal_register/EPA-HQ-OAR-2021-0668_final_2024-06912.txt,https://www.federalregister.gov/documents/full_text/text/2024/04/04/2024-06912.txt,"The Environmental Protection Agency (EPA) is providing notice that it has responded to petitions for reconsideration and administrative stay of a final action under the ""good neighbor"" or ""interstate transport"" provision of the Clean Air Act (CAA) published in the Federal Register on June 5, 2023, titled ""Federal `Good Neighbor Plan' for the 2015 Ozone National Ambient Air Quality Standards"" (""Good Neighbor Plan""). In August 2023, the EPA received the four petitions addressed by this action, whi"
EPA-HQ-OAR-2021-0668,final,2024-25501,2024-11-06,Federal “Good Neighbor Plan” for the 2015 Ozone National Ambient Air Quality Standards; Response to Judicial Stay,,129108,data/raw/federal_register/EPA-HQ-OAR-2021-0668_final_2024-25501.txt,https://www.federalregister.gov/documents/full_text/text/2024/11/06/2024-25501.txt,"The Environmental Protection Agency (EPA) is taking interim final action to stay, for emissions sources in California, Illinois, Indiana, Maryland, Michigan, New Jersey, New York, Ohio, Pennsylvania, Virginia, and Wisconsin, the effectiveness of the requirements established to address the obligations of these and other states to mitigate interstate air pollution with respect to the 2015 national ambient air quality standards (NAAQS) for ozone (the Good Neighbor Plan). The EPA is also revising ce"
EPA-HQ-OAR-2021-0668,final,2024-28739,2024-12-10,Federal “Good Neighbor Plan” for the 2015 Ozone National Ambient Air Quality Standards; Notice on Remand of the Record of the Good Neighbor Plan To Respond to Certain Comments,,201300,data/raw/federal_register/EPA-HQ-OAR-2021-0668_final_2024-28739.txt,https://www.federalregister.gov/documents/full_text/text/2024/12/10/2024-28739.txt,The Environmental Protection Agency (EPA) is addressing certain comments that were submitted on the proposed Good Neighbor Plan that the Supreme Court of the United States concluded the EPA had likely not sufficiently addressed in the final Good Neighbor Plan. The EPA is providing a fuller explanation of its reasoning at the time of its action in response to these comments. The Good Neighbor Plan addressed 23 states' obligations to eliminate significant contribution to nonattainment or interfere
EPA-HQ-OAR-2021-0668,proposed,2022-04551,2022-04-06,Federal Implementation Plan Addressing Regional Ozone Transport for the 2015 Ozone National Ambient Air Quality Standard,,1432611,data/raw/federal_register/EPA-HQ-OAR-2021-0668_proposed_2022-04551.txt,https://www.federalregister.gov/documents/full_text/text/2022/04/06/2022-04551.txt,"This action proposes Federal Implementation Plan (FIP) requirements to address twenty-six states' obligations to eliminate significant contribution to nonattainment, or interference with maintenance, of the 2015 ozone National Ambient Air Quality Standard (NAAQS) in other states. The U.S. Environmental Protection Agency (EPA) is proposing this action under the ""good neighbor"" or ""interstate transport"" provision of the Clean Air Act (CAA or Act). The Agency proposes establishing nitrogen oxides e"
EPA-HQ-OAR-2021-0668,proposed,2022-10124,2022-05-12,Federal Implementation Plan Addressing Regional Ozone Transport for the 2015 Ozone National Ambient Air Quality Standard,,3793,data/raw/federal_register/EPA-HQ-OAR-2021-0668_proposed_2022-10124.txt,https://www.federalregister.gov/documents/full_text/text/2022/05/12/2022-10124.txt,"On April 6, 2022, the Environmental Protection Agency (EPA) proposed a rule titled, ""Federal Implementation Plan Addressing Regional Ozone Transport for the 2015 Ozone National Ambient Air Quality Standard."" The EPA is extending the comment period on proposed rule that was scheduled to close on June 6, 2022. The EPA has received several requests for additional time to review and comment on the proposed rule revisions."
EPA-HQ-OAR-2021-0668,proposed,2024-01064,2024-02-16,Supplemental Air Plan Actions: Interstate Transport of Air Pollution for the 2015 8-Hour Ozone National Ambient Air Quality Standards and Supplemental Federal “Good Neighbor Plan” Requirements for the 2015 8-Hour Ozone National Ambient Air Quality Standards,,595185,data/raw/federal_register/EPA-HQ-OAR-2021-0668_proposed_2024-01064.txt,https://www.federalregister.gov/documents/full_text/text/2024/02/16/2024-01064.txt,"Pursuant to the Federal Clean Air Act (CAA or the Act), the Environmental Protection Agency (EPA) is proposing to partially disapprove and partially approve State Implementation Plan (SIP) submissions from Arizona, Iowa, Kansas, New Mexico, and Tennessee regarding interstate transport for the 2015 8-hour ozone national ambient air quality standards (NAAQS). This action also proposes a Federal Implementation Plan (FIP) for Arizona, Iowa, Kansas, New Mexico, and Tennessee to address these States' "
EPA-HQ-OLEM-2017-0286,final,2018-16262,2018-07-30,"Hazardous and Solid Waste Management System: Disposal of Coal Combustion Residuals From Electric Utilities; Amendments to the National Minimum Criteria (Phase One, Part One)",,157692,data/raw/federal_register/EPA-HQ-OLEM-2017-0286_final_2018-16262.txt,https://www.federalregister.gov/documents/full_text/text/2018/07/30/2018-16262.txt,"On April 17, 2015, the Environmental Protection Agency (EPA or the Agency) promulgated national minimum criteria for existing and new coal combustion residuals (CCR) landfills and existing and new CCR surface impoundments. In March 2018, EPA proposed a number of revisions to the 2015 CCR rule and requested comment on additional issues. In this rulemaking EPA is acting to finalize certain revisions to those criteria. First, EPA is adopting two alternative performance standards that either Partici"
EPA-HQ-OLEM-2017-0286,proposed,2018-04941,2018-03-15,Hazardous and Solid Waste Management System: Disposal of Coal Combustion Residuals From Electric Utilities; Amendments to the National Minimum Criteria (Phase One); Proposed Rule,,254364,data/raw/federal_register/EPA-HQ-OLEM-2017-0286_proposed_2018-04941.txt,https://www.federalregister.gov/documents/full_text/text/2018/03/15/2018-04941.txt,"On April 17, 2015, the Environmental Protection Agency (EPA or the Agency) promulgated national minimum criteria for existing and new coal combustion residuals (CCR) landfills and existing and new CCR surface impoundments. The Agency is proposing a rule that will address four provisions of the final rule that were remanded back to the Agency on June 14, 2016 by the U.S. Court of Appeals for the D.C. Circuit. The Agency is also proposing six provisions that establish alternative performance stand"
EPA-HQ-OPA-2006-0090,final,2021-15122,2021-07-27,National Oil and Hazardous Substances Pollution Contingency Plan; Monitoring Requirements for Use of Dispersants and Other Chemicals,,228733,data/raw/federal_register/EPA-HQ-OPA-2006-0090_final_2021-15122.txt,https://www.federalregister.gov/documents/full_text/text/2021/07/27/2021-15122.txt,"The Environmental Protection Agency (EPA or the Agency) is amending the requirements in Subpart J of the National Oil and Hazardous Substances Pollution Contingency Plan (NCP) that govern the use of dispersants, other chemicals and other spill mitigating substances when responding to oil discharges into waters of the United States. Specifically, this action establishes monitoring requirements for dispersant use in response to major oil discharges and/or certain dispersant use situations in the n"
EPA-HQ-OPA-2006-0090,final,2023-11904,2023-06-12,National Oil and Hazardous Substances Pollution Contingency Plan; Product Schedule Listing and Authorization of Use Requirements,,575880,data/raw/federal_register/EPA-HQ-OPA-2006-0090_final_2023-11904.txt,https://www.federalregister.gov/documents/full_text/text/2023/06/12/2023-11904.txt,"The Environmental Protection Agency (EPA or the Agency) is amending the requirements in Subpart J of the National Oil and Hazardous Substances Pollution Contingency Plan (NCP) that govern the use of dispersants, other chemicals and other spill mitigating substances when responding to oil discharges into jurisdictional waters of the United States. This action addresses the efficacy and toxicity of dispersants and other chemical and biological agents, as well as public, state, local, and federal o"
EPA-HQ-OPA-2006-0090,final,C1-2023-11904,2023-06-28,National Oil and Hazardous Substances Pollution Contingency Plan; Product Schedule Listing and Authorization of Use Requirements,,2061,data/raw/federal_register/EPA-HQ-OPA-2006-0090_final_C1-2023-11904.txt,https://www.federalregister.gov/documents/full_text/text/2023/06/28/C1-2023-11904.txt,
EPA-HQ-OPA-2006-0090,final,2025-19918,2025-11-17,National Oil and Hazardous Substances Pollution Contingency Plan; Extension of Transition Period for New Product Schedule Listing,,40761,data/raw/federal_register/EPA-HQ-OPA-2006-0090_final_2025-19918.txt,https://www.federalregister.gov/documents/full_text/text/2025/11/17/2025-19918.txt,"The U.S. Environmental Protection Agency (EPA) is taking interim final action to revise the transition date in recent amendments to the requirements in Subpart J of the National Oil and Hazardous Substances Pollution Contingency Plan (NCP) that governs the use of dispersants, other chemicals, and other spill mitigating substances when responding to oil discharges into jurisdictional waters of the United States. Specifically, the EPA is revising the date until which products listed on the current"
EPA-HQ-OPA-2006-0090,proposed,2015-00544,2015-01-22,National Oil and Hazardous Substances Pollution Contingency Plan,,503940,data/raw/federal_register/EPA-HQ-OPA-2006-0090_proposed_2015-00544.txt,https://www.federalregister.gov/documents/full_text/text/2015/01/22/2015-00544.txt,"The Environmental Protection Agency (EPA or the Agency) proposes to amend the requirements in Subpart J of the National Oil and Hazardous Substances Pollution Contingency Plan (NCP) that govern the use of dispersants, other chemical and biological agents, and other spill mitigating substances when responding to oil discharges into waters of the United States (U.S.). The proposal addresses the efficacy, toxicity, environmental monitoring of dispersants, and other chemical and biological agents, a"
EPA-HQ-OPP-2011-0184,final,2015-11962,2015-05-20,Notification of Submission to the Secretary of Agriculture; Pesticides; Agricultural Worker Protection Standard Revisions,,4413,data/raw/federal_register/EPA-HQ-OPP-2011-0184_final_2015-11962.txt,https://www.federalregister.gov/documents/full_text/text/2015/05/20/2015-11962.txt,"This document notifies the public as required by the Federal Insecticide, Fungicide, and Rodenticide Act (FIFRA) that the EPA Administrator has forwarded to the Secretary of the United States Department of Agriculture (USDA) a draft regulatory document concerning Pesticides; Agricultural Worker Protection Standard Revisions. The draft regulatory document is not available to the public until after it has been signed and made available by EPA."
EPA-HQ-OPP-2011-0184,final,2015-25970,2015-11-02,Pesticides; Agricultural Worker Protection Standard Revisions,,588202,data/raw/federal_register/EPA-HQ-OPP-2011-0184_final_2015-25970.txt,https://www.federalregister.gov/documents/full_text/text/2015/11/02/2015-25970.txt,"EPA is finalizing updates and revisions to the existing worker protection regulation for pesticides. This final rule will enhance the protections provided to agricultural workers, pesticide handlers, and other persons under the Worker Protection Standard (WPS) by strengthening elements of the existing regulation, such as training, notification, pesticide safety and hazard communication information, use of personal protective equipment, and the providing of supplies for routine washing and emerge"
EPA-HQ-OPP-2011-0184,final,2018-13353,2018-06-22,Pesticides; Agricultural Worker Protection Standard; Notification of Availability,,9149,data/raw/federal_register/EPA-HQ-OPP-2011-0184_final_2018-13353.txt,https://www.federalregister.gov/documents/full_text/text/2018/06/22/2018-13353.txt,"EPA is announcing the availability of training materials covering the expanded training content required by the Federal Insecticide, Fungicide and Rodenticide Act Worker Protection Standard (WPS) for both agricultural workers and pesticide handlers. The publication of this notification of availability triggers the WPS requirement that training programs must include all of the topics specified in the 2015 revisions to the WPS."
EPA-HQ-OPP-2011-0184,proposed,2013-17927,2013-07-26,"Notification of Submission to the Secretary of Agriculture; Pesticides, Agricultural Worker Protection Standard Revisions",,4329,data/raw/federal_register/EPA-HQ-OPP-2011-0184_proposed_2013-17927.txt,https://www.federalregister.gov/documents/full_text/text/2013/07/26/2013-17927.txt,"This document notifies the public as required by the Federal Insecticide, Fungicide, and Rodenticide Act (FIFRA) that the EPA Administrator has forwarded to the Secretary of the United States Department of Agriculture (USDA) a draft regulatory document concerning Pesticides; Agricultural Worker Protection Standard Revisions. The draft regulatory document is not available to the public until after it has been signed and made available by EPA."
EPA-HQ-OPP-2011-0184,proposed,2014-04761,2014-03-19,Pesticides; Agricultural Worker Protection Standard Revisions,,654707,data/raw/federal_register/EPA-HQ-OPP-2011-0184_proposed_2014-04761.txt,https://www.federalregister.gov/documents/full_text/text/2014/03/19/2014-04761.txt,"EPA is proposing updates and revisions to the existing worker protection regulation for pesticides. The proposed changes are in response to extensive stakeholder review of the regulation and its implementation since 1992, and reflect current research on how to mitigate occupational pesticide exposure to agricultural workers and pesticide handlers. EPA is proposing to strengthen the protections provided to agricultural workers and handlers under the worker protection standard by improving element"
EPA-HQ-OPP-2011-0184,proposed,2014-10990,2014-05-14,Pesticides; Agricultural Worker Protection Standard Revisions; Extension of Comment Period,,2944,data/raw/federal_register/EPA-HQ-OPP-2011-0184_proposed_2014-10990.txt,https://www.federalregister.gov/documents/full_text/text/2014/05/14/2014-10990.txt,"EPA issued a proposed rule in the Federal Register issue of March 19, 2014, concerning protections from pesticides for agricultural workers. This document extends the comment period for 60 days, from June 17, 2014, to August 18, 2014. The comment period is being extended to provide additional time for commenters to prepare their responses."
EPA-HQ-OPPT-2018-0159,final,2019-08154,2019-04-25,Restrictions on Discontinued Uses of Asbestos; Significant New Use Rule,,116338,data/raw/federal_register/EPA-HQ-OPPT-2018-0159_final_2019-08154.txt,https://www.federalregister.gov/documents/full_text/text/2019/04/25/2019-08154.txt,"Under the Toxic Substances Control Act (TSCA), EPA is promulgating a rule to ensure that any discontinued uses of asbestos cannot re-enter the marketplace without EPA review, closing a loophole in the regulatory regime for asbestos."
EPA-HQ-OPPT-2018-0159,proposed,2018-12513,2018-06-11,Asbestos; Significant New Use Rule,,87235,data/raw/federal_register/EPA-HQ-OPPT-2018-0159_proposed_2018-12513.txt,https://www.federalregister.gov/documents/full_text/text/2018/06/11/2018-12513.txt,"Under the Toxic Substances Control Act (TSCA), EPA is proposing a significant new use rule (SNUR) for asbestos as defined under the Asbestos Hazard Emergency Response Act. The proposed significant new use of asbestos (including as part of an article) is manufacturing (including importing) or processing for certain uses identified by EPA as no longer ongoing. The Agency has found no information indicating that the following uses are ongoing, and therefore, the following uses are subject to this p"
EPA-HQ-OW-2008-0667,final,2014-12164,2014-08-15,National Pollutant Discharge Elimination System-Final Regulations To Establish Requirements for Cooling Water Intake Structures at Existing Facilities and Amend Requirements at Phase I Facilities,,1079447,data/raw/federal_register/EPA-HQ-OW-2008-0667_final_2014-12164.txt,https://www.federalregister.gov/documents/full_text/text/2014/08/15/2014-12164.txt,The purpose of this action is to reduce impingement and entrainment of fish and other aquatic organisms at cooling water intake structures used by certain existing power generation and manufacturing facilities for the withdrawal of cooling water from waters of the United States. This rule establishes requirements under section 316(b) of the Clean Water Act (CWA) for existing power generating facilities and existing manufacturing and industrial facilities that are designed to withdraw more than 2
EPA-HQ-OW-2008-0667,proposed,2011-8033,2011-04-20,National Pollutant Discharge Elimination System-Cooling Water Intake Structures at Existing Facilities and Phase I Facilities,,872160,data/raw/federal_register/EPA-HQ-OW-2008-0667_proposed_2011-8033.txt,https://www.federalregister.gov/documents/full_text/text/2011/04/20/2011-8033.txt,"This proposed rule would establish requirements under section 316(b) of the Clean Water Act (CWA) for all existing power generating facilities and existing manufacturing and industrial facilities that withdraw more than 2 million gallons per day (MGD) of water from waters of the U.S. and use at least twenty-five (25) percent of the water they withdraw exclusively for cooling purposes. The proposed national requirements, which would be implemented through National Pollutant Discharge Elimination "
EPA-HQ-OW-2008-0667,proposed,2011-18407,2011-07-20,National Pollutant Discharge Elimination System-Cooling Water Intake Structures at Existing Facilities and Phase I Facilities,,5819,data/raw/federal_register/EPA-HQ-OW-2008-0667_proposed_2011-18407.txt,https://www.federalregister.gov/documents/full_text/text/2011/07/20/2011-18407.txt,"On April 20, 2011, EPA proposed requirements under section 316(b) of the Clean Water Act for all existing power generating facilities and existing manufacturing and industrial facilities. EPA requested that public comments on the proposal be submitted on or before July 19, 2011. Since publication, the Agency has received several requests for additional time to submit comments. EPA is re- opening the comment period and will accept public comments on the proposal through August 18, 2011."
EPA-HQ-OW-2008-0667,proposed,2012-14153,2012-06-11,National Pollutant Discharge Elimination System-Proposed Regulations to Establish Requirements for Cooling Water Intake Structures at Existing Facilities; Notice of Data Availability Related to Impingement Mortality Control Requirements,,76093,data/raw/federal_register/EPA-HQ-OW-2008-0667_proposed_2012-14153.txt,https://www.federalregister.gov/documents/full_text/text/2012/06/11/2012-14153.txt,"On April 20, 2011, EPA published proposed standards for cooling water intake structures at all existing power generating facilities and existing manufacturing and industrial facilities as part of implementing section 316(b) of the Clean Water Act (CWA). As a result of that notice, EPA received extensive comments on its proposal. These comments included a substantial amount of new information accompanied by reports, studies and other documents often supplemented with the substantiating data. In s"
EPA-HQ-OW-2008-0667,proposed,2012-14104,2012-06-12,National Pollutant Discharge Elimination System-Proposed Regulations To Establish Requirements for Cooling Water Intake Structures at Existing Facilities; Notice of Data Availability Related to EPA's Stated Preference Survey,,31024,data/raw/federal_register/EPA-HQ-OW-2008-0667_proposed_2012-14104.txt,https://www.federalregister.gov/documents/full_text/text/2012/06/12/2012-14104.txt,"On April 20, 2011, EPA published proposed standards for cooling water intake structures at all existing power generating, manufacturing, and industrial facilities as part of implementing section 316(b) of the Clean Water Act (CWA). This notice presents a summary of new information EPA has developed since the rule proposal. The information results from a stated preference survey that EPA conducted after the proposed rule was published. Stated preference surveys are an attempt to determine the eco"
EPA-HQ-OW-2009-0596,final,2010-29943,2010-12-06,Water Quality Standards for the State of Florida's Lakes and Flowing Waters,,379341,data/raw/federal_register/EPA-HQ-OW-2009-0596_final_2010-29943.txt,https://www.federalregister.gov/documents/full_text/text/2010/12/06/2010-29943.txt,"The Environmental Protection Agency (EPA or Agency) is promulgating numeric water quality criteria for nitrogen/phosphorus pollution to protect aquatic life in lakes, flowing waters, and springs within the State of Florida. These criteria apply to Florida waters that are designated as Class I or Class III waters in order to implement the State's narrative nutrient provision at Subsection 62- 302-530(47)(b), Florida Administrative Code (F.A.C.), which provides that ""[i]n no case shall nutrient co"
EPA-HQ-OW-2009-0596,final,2012-5604,2012-03-07,Effective Date for the Water Quality Standards for the State of Florida's Lakes and Flowing Waters,,22677,data/raw/federal_register/EPA-HQ-OW-2009-0596_final_2012-5604.txt,https://www.federalregister.gov/documents/full_text/text/2012/03/07/2012-5604.txt,"The Environmental Protection Agency (EPA) is finalizing an extension of the March 6, 2012 effective date of the ""Water Quality Standards for the State of Florida's Lakes and Flowing Waters; Final Rule"" (inland waters rule) for four months to July 6, 2012. EPA's inland waters rule included an effective date of March 6, 2012 for the entire regulation except for the site-specific alternative criteria provision, which took effect on February 4, 2011. This revision of the effective date for the inlan"
EPA-HQ-OW-2009-0596,final,2012-16421,2012-07-06,Effective Date for the Water Quality Standards for the State of Florida's Lakes and Flowing Waters,,22513,data/raw/federal_register/EPA-HQ-OW-2009-0596_final_2012-16421.txt,https://www.federalregister.gov/documents/full_text/text/2012/07/06/2012-16421.txt,"The Environmental Protection Agency (EPA) is finalizing an extension of the July 6, 2012, effective date of the ""Water Quality Standards for the State of Florida's Lakes and Flowing Waters; Final Rule"" (inland waters rule) for six months to January 6, 2013. EPA's inland waters rule currently includes an effective date of July 6, 2012, for the entire regulation except for the site-specific alternative criteria provision, which took effect on February 4, 2011. This extension of the July 6, 2012, e"
EPA-HQ-OW-2009-0596,final,2014-22835,2014-09-25,Water Quality Standards for the State of Florida's Lakes and Flowing Waters; Withdrawal,,27849,data/raw/federal_register/EPA-HQ-OW-2009-0596_final_2014-22835.txt,https://www.federalregister.gov/documents/full_text/text/2014/09/25/2014-22835.txt,"The Environmental Protection Agency (EPA) is finalizing its withdrawal of federal water quality standards applicable to waters of the state of Florida now that Florida has adopted and EPA has approved relevant state standards. On December 6, 2010, EPA published a rule finalizing numeric nutrient standards for Florida's lakes, springs, and flowing waters outside of the South Florida Nutrient Watershed Region. The EPA established these water quality standards to protect Florida's Class I and III f"
EPA-HQ-OW-2009-0596,proposed,2010-1220,2010-01-26,Water Quality Standards for the State of Florida's Lakes and Flowing Waters,,419054,data/raw/federal_register/EPA-HQ-OW-2009-0596_proposed_2010-1220.txt,https://www.federalregister.gov/documents/full_text/text/2010/01/26/2010-1220.txt,"The Environmental Protection Agency (EPA) is proposing numeric nutrient water quality criteria to protect aquatic life in lakes and flowing waters, including canals, within the State of Florida and proposing regulations to establish a framework for Florida to develop ""restoration standards"" for impaired waters. On January 14, 2009, EPA made a determination under section 303(c)(4)(B) of the Clean Water Act (""CWA"" or ""the Act"") that numeric nutrient water quality criteria for lakes and flowing wat"
EPA-HQ-OW-2009-0596,proposed,2010-5103,2010-03-10,Extension of Public Comment Period for Water Quality Standards for the State of Florida's Lakes and Flowing Waters,,6876,data/raw/federal_register/EPA-HQ-OW-2009-0596_proposed_2010-5103.txt,https://www.federalregister.gov/documents/full_text/text/2010/03/10/2010-5103.txt,"On January 14, 2010, EPA signed a proposed rule entitled ""Water Quality Standards for the State of Florida's Lakes and Flowing Waters."" On January 26, 2010 (75 FR 4174), EPA published this proposed rule. Written comments on the proposed rulemaking were to be submitted to EPA on or before March 29, 2010 (a 60-day public comment period). Since publication, the Agency has received several requests for additional time to submit comments. Therefore, EPA is extending the public comment period for 30 d"
EPA-HQ-OW-2009-0596,proposed,2010-19140,2010-08-03,Water Quality Standards for the State of Florida's Lakes and Flowing Waters; Supplemental Notice of Data Availability and Request for Comment,,33554,data/raw/federal_register/EPA-HQ-OW-2009-0596_proposed_2010-19140.txt,https://www.federalregister.gov/documents/full_text/text/2010/08/03/2010-19140.txt,"This action is a supplemental notice of data availability and a request for comment related to EPA's January 26, 2010, notice of proposed rulemaking (NPRM), proposing numeric nutrient water quality criteria to protect aquatic life in lakes and flowing waters within the State of Florida. In the January 2010 NPRM, EPA proposed to classify Florida's streams into four regions (referred to in the proposed rule as ""Nutrient Watershed Regions"") for application of total nitrogen (TN) and total phosphoru"
EPA-HQ-OW-2009-0596,proposed,2011-32793,2011-12-22,Effective Date for the Water Quality Standards for the State of Florida's Lakes and Flowing Waters,,28339,data/raw/federal_register/EPA-HQ-OW-2009-0596_proposed_2011-32793.txt,https://www.federalregister.gov/documents/full_text/text/2011/12/22/2011-32793.txt,"The Environmental Protection Agency (EPA) is proposing to extend the March 6, 2012 effective date of the ""Water Quality Standards for the State of Florida's Lakes and Flowing Waters; Final Rule"" (inland waters rule) for ninety days to June 4, 2012. EPA's inland waters rule included an effective date of March 6, 2012 for the entire regulation except for the site-specific alternative criteria provision, which took effect on February 4, 2011. This proposal to revise the effective date for the inlan"
EPA-HQ-OW-2009-0596,proposed,2012-11843,2012-05-17,Effective Date for the Water Quality Standards for the State of Florida's Lakes and Flowing Waters,,24327,data/raw/federal_register/EPA-HQ-OW-2009-0596_proposed_2012-11843.txt,https://www.federalregister.gov/documents/full_text/text/2012/05/17/2012-11843.txt,"The Environmental Protection Agency (EPA) is proposing to extend the July 6, 2012, effective date of the ""Water Quality Standards for the State of Florida's Lakes and Flowing Waters; Final Rule"" (inland waters rule) for three months to October 6, 2012. EPA also is soliciting comment on extending the July 6, 2012, effective date by one year to July 6, 2013. EPA's inland waters rule as promulgated on December 6, 2010, included an effective date of March 6, 2012, for the entire regulation except fo"
EPA-HQ-OW-2009-0596,proposed,2012-29800,2012-12-14,Water Quality Standards for the State of Florida's Lakes and Flowing Waters; Proposed Rule; Stay,,23133,data/raw/federal_register/EPA-HQ-OW-2009-0596_proposed_2012-29800.txt,https://www.federalregister.gov/documents/full_text/text/2012/12/14/2012-29800.txt,"The Environmental Protection Agency (EPA) proposes to temporarily stay our regulation the ""Water Quality Standards for the State of Florida's Lakes and Flowing Waters; Final Rule"" (inland waters rule) to November 15, 2013. EPA's inland waters rule currently includes an effective date of January 6, 2013, for the entire regulation except for the site-specific alternative criteria provision, which took effect on February 4, 2011. This proposed stay of its regulations is until November 15, 2013, doe"
EPA-HQ-OW-2009-0596,proposed,2012-30114,2012-12-18,Water Quality Standards for the State of Florida's Streams and Downstream Protection Values for Lakes: Remanded Provisions,,162826,data/raw/federal_register/EPA-HQ-OW-2009-0596_proposed_2012-30114.txt,https://www.federalregister.gov/documents/full_text/text/2012/12/18/2012-30114.txt,"The Environmental Protection Agency (EPA or Agency) is proposing a rule that addresses an order by the U.S. District Court for the Northern District of Florida from February 18, 2012, which remanded to EPA two portions of its numeric water quality standards for nutrients in Florida that were promulgated and published on December 6, 2010. For this proposal, EPA is re-proposing the same numeric nutrient criteria for total nitrogen (TN) and total phosphorus (TP) for Florida streams not covered by E"
EPA-HQ-OW-2009-0596,proposed,2014-07387,2014-04-02,Water Quality Standards for the State of Florida's Lakes and Flowing Waters; Withdrawal,,27403,data/raw/federal_register/EPA-HQ-OW-2009-0596_proposed_2014-07387.txt,https://www.federalregister.gov/documents/full_text/text/2014/04/02/2014-07387.txt,"The Environmental Protection Agency (EPA) is proposing to withdraw federal water quality standards applicable to waters of the state of Florida now that Florida has adopted and EPA has approved relevant state standards. On December 6, 2010, EPA published a rule finalizing numeric nutrient standards for Florida's lakes, springs, and flowing waters outside of the South Florida Nutrient Watershed Region. EPA established these water quality standards to protect Florida's Class I and III freshwaters "
EPA-HQ-OW-2009-0819,final,2015-25663,2015-11-03,Effluent Limitations Guidelines and Standards for the Steam Electric Power Generating Point Source Category,,484057,data/raw/federal_register/EPA-HQ-OW-2009-0819_final_2015-25663.txt,https://www.federalregister.gov/documents/full_text/text/2015/11/03/2015-25663.txt,"This final rule, promulgated under the Clean Water Act (CWA), protects public health and the environment from toxic metals and other harmful pollutants, including nutrients, by strengthening the technology-based effluent limitations guidelines and standards (ELGs) for the steam electric power generating industry. Steam electric power plants contribute the greatest amount of all toxic pollutants discharged to surface waters by industrial categories regulated under the CWA. The pollutants discharg"
EPA-HQ-OW-2009-0819,final,2017-07811,2017-04-25,Postponement of Certain Compliance Dates for Effluent Limitations Guidelines and Standards for the Steam Electric Power Generating Point Source Category,,9511,data/raw/federal_register/EPA-HQ-OW-2009-0819_final_2017-07811.txt,https://www.federalregister.gov/documents/full_text/text/2017/04/25/2017-07811.txt,"By a letter dated April 12, 2017, the Administrator announced the EPA decision to reconsider the final rule that amends the effluent limitations guidelines and standards for the steam electric point source category under the Clean Water Act (""CWA""), published in the Federal Register on November 3, 2015. These regulations have been challenged in the U.S. Court of Appeals for the Fifth Circuit, Southwestern Electric Power Co., et al. v. EPA, No. 15-60821. The EPA is postponing these compliance dat"
EPA-HQ-OW-2009-0819,final,2017-19821,2017-09-18,Postponement of Certain Compliance Dates for the Effluent Limitations Guidelines and Standards for the Steam Electric Power Generating Point Source Category,,42246,data/raw/federal_register/EPA-HQ-OW-2009-0819_final_2017-19821.txt,https://www.federalregister.gov/documents/full_text/text/2017/09/18/2017-19821.txt,"Under the Clean Water Act (""CWA""), The Environmental Protection Agency (EPA) intends to conduct a rulemaking to potentially revise certain best available technology economically achievable (""BAT"") effluent limitations and pretreatment standards for existing sources (""PSES"") for the steam electric power generating point source category, which were published in the Federal Register on November 3, 2015. EPA is, accordingly, postponing the associated compliance dates in the 2015 Rule. In particular,"
EPA-HQ-OW-2009-0819,final,2020-19542,2020-10-13,Steam Electric Reconsideration Rule,,557511,data/raw/federal_register/EPA-HQ-OW-2009-0819_final_2020-19542.txt,https://www.federalregister.gov/documents/full_text/text/2020/10/13/2020-19542.txt,The Environmental Protection Agency (EPA or the Agency) is finalizing a regulation to revise the technology-based effluent limitations guidelines and standards (ELGs) for the steam electric power generating point source category applicable to flue gas desulfurization (FGD) wastewater and bottom ash (BA) transport water. This final regulation is estimated to save approximately $140 million annually in after tax compliance costs as a result of less costly FGD wastewater technologies that could be 
EPA-HQ-OW-2009-0819,final,2023-04985,2023-03-29,Effluent Limitations Guidelines and Standards for the Steam Electric Power Generating Point Source Category-Initial Notification Date Extension,,18248,data/raw/federal_register/EPA-HQ-OW-2009-0819_final_2023-04985.txt,https://www.federalregister.gov/documents/full_text/text/2023/03/29/2023-04985.txt,The Environmental Protection Agency (EPA or agency) is taking direct final action to extend the date for existing coal-fired power plants to submit a notice of planned participation (NOPP) for the permanent cessation of coal combustion subcategory in the 2020 Steam Electric Reconsideration Rule.
EPA-HQ-OW-2009-0819,final,2024-09185,2024-05-09,Supplemental Effluent Limitations Guidelines and Standards for the Steam Electric Power Generating Point Source Category,,780428,data/raw/federal_register/EPA-HQ-OW-2009-0819_final_2024-09185.txt,https://www.federalregister.gov/documents/full_text/text/2024/05/09/2024-09185.txt,"The Environmental Protection Agency (EPA or the Agency) is finalizing a Clean Water Act regulation to revise the technology-based effluent limitations guidelines and standards (ELGs) for the steam electric power generating point source category applicable to flue gas desulfurization (FGD) wastewater, bottom ash (BA) transport water and legacy wastewater at existing sources, and combustion residual leachate (CRL) at new and existing sources. Last updated in 2015 and 2020, this regulation is estim"
EPA-HQ-OW-2009-0819,final,2025-19269,2025-10-02,Effluent Limitations Guidelines and Standards for the Steam Electric Power Generating Point Source Category-Initial Notification Date Extension,,17194,data/raw/federal_register/EPA-HQ-OW-2009-0819_final_2025-19269.txt,https://www.federalregister.gov/documents/full_text/text/2025/10/02/2025-19269.txt,"The U.S. Environmental Protection Agency (the EPA or Agency) is taking direct final action to extend the date for existing steam electric power plants to decide whether to submit a notice of planned participation (NOPP) for the permanent cessation of coal combustion subcategory in the 2024 Supplemental Steam Electric Reconsideration Rule (""2024 rule"")."
EPA-HQ-OW-2009-0819,final,2025-21426,2025-11-28,Effluent Limitations Guidelines and Standards for the Steam Electric Power Generating Point Source Category-Initial Notification Date Extension; Withdrawal of Direct Final Rule,,3532,data/raw/federal_register/EPA-HQ-OW-2009-0819_final_2025-21426.txt,https://www.federalregister.gov/documents/full_text/text/2025/11/28/2025-21426.txt,"Because the U.S. Environmental Protection Agency (EPA) received adverse comment, it is withdrawing the direct final rule entitled, ""Effluent Limitations Guidelines and Standards for the Steam Electric Power Generating Point Source Category--Initial Notification Date Extension,"" published in the Federal Register on October 2, 2025."
EPA-HQ-OW-2009-0819,final,2025-24102,2025-12-31,Effluent Limitations Guidelines and Standards for the Steam Electric Power Generating Point Source Category-Deadline Extensions,,201369,data/raw/federal_register/EPA-HQ-OW-2009-0819_final_2025-24102.txt,https://www.federalregister.gov/documents/full_text/text/2025/12/31/2025-24102.txt,"The U.S. Environmental Protection Agency (the EPA or Agency) is finalizing a Clean Water Act (CWA) rule to extend deadlines promulgated in the 2024 ""Supplemental Effluent Limitations Guidelines and Standards for the Steam Electric Power Generating Point Source Category"" (2024 rule), update the 2024 rule's transfer provisions to allow facilities to switch between compliance alternatives, and create authority for alternative applicability dates and paperwork submission dates, based on site-specifi"
EPA-HQ-OW-2009-0819,final,2026-01913,2026-01-30,Effluent Limitations Guidelines and Standards for the Steam Electric Power Generating Point Source Category-Deadline Extensions; Correction,,8580,data/raw/federal_register/EPA-HQ-OW-2009-0819_final_2026-01913.txt,https://www.federalregister.gov/documents/full_text/text/2026/01/30/2026-01913.txt,"The U.S. Environmental Protection Agency (the EPA or Agency) is issuing a notice to correct some of the deadlines listed in the final rule, ""Effluent Limitations Guidelines and Standards for the Steam Electric Generating Point Source Category-- Deadline Extensions,"" which published in the Federal Register on December 31, 2025. After publication, the EPA became aware of post- signature typographical errors in the published regulatory text concerning compliance deadlines for pretreatment standards"
EPA-HQ-OW-2009-0819,proposed,2013-10191,2013-06-07,Effluent Limitations Guidelines and Standards for the Steam Electric Power Generating Point Source Category,,858451,data/raw/federal_register/EPA-HQ-OW-2009-0819_proposed_2013-10191.txt,https://www.federalregister.gov/documents/full_text/text/2013/06/07/2013-10191.txt,"EPA is proposing a regulation that would strengthen the controls on discharges from certain steam electric power plants by revising technology-based effluent limitations guidelines and standards for the steam electric power generating point source category. Steam electric power plants alone contribute 50-60 percent of all toxic pollutants discharged to surface waters by all industrial categories currently regulated in the United States under the Clean Water Act. Furthermore, power plant discharg"
EPA-HQ-OW-2009-0819,proposed,2013-16774,2013-07-12,Effluent Limitations Guidelines and Standards for the Steam Electric Power Generating Point Source Category,,3675,data/raw/federal_register/EPA-HQ-OW-2009-0819_proposed_2013-16774.txt,https://www.federalregister.gov/documents/full_text/text/2013/07/12/2013-16774.txt,"The EPA is extending the period for providing comments on the proposed rule entitled, ""Effluent Limitations Guidelines and Standards for the Steam Electric Power Generating Point Source Category,"" published in the Federal Register on June 7, 2013, by 45 days."
EPA-HQ-OW-2009-0819,proposed,2017-11221,2017-06-06,Postponement of Certain Compliance Dates for the Effluent Limitations Guidelines and Standards for the Steam Electric Power Generating Point Source Category,,16302,data/raw/federal_register/EPA-HQ-OW-2009-0819_proposed_2017-11221.txt,https://www.federalregister.gov/documents/full_text/text/2017/06/06/2017-11221.txt,"In response to administrative petitions for reconsideration, the Environmental Protection Agency (EPA) proposes to postpone certain compliance dates in the effluent limitations guidelines and standards for the steam electric point source category under the Clean Water Act (""CWA""), published in the Federal Register on November 3, 2015. Specifically, EPA proposes to postpone the compliance dates for the new, and more stringent, best available technology economically achievable (""BAT"") effluent lim"
EPA-HQ-OW-2009-0819,proposed,2019-24686,2019-11-22,Effluent Limitations Guidelines and Standards for the Steam Electric Power Generating Point Source Category,,451496,data/raw/federal_register/EPA-HQ-OW-2009-0819_proposed_2019-24686.txt,https://www.federalregister.gov/documents/full_text/text/2019/11/22/2019-24686.txt,The Environmental Protection Agency (the EPA or the Agency) is proposing a regulation to revise the technology-based effluent limitations guidelines and standards (ELGs) for the steam electric power generating point source category applicable to flue gas desulfurization (FGD) wastewater and bottom ash (BA) transport water. This proposal is estimated to save approximately $175 million dollars annually in pre-tax compliance costs and $137 million dollars annually in social costs as a result of les
EPA-HQ-OW-2009-0819,proposed,2023-04984,2023-03-29,Supplemental Effluent Limitations Guidelines and Standards for the Steam Electric Power Generating Point Source Category,,614066,data/raw/federal_register/EPA-HQ-OW-2009-0819_proposed_2023-04984.txt,https://www.federalregister.gov/documents/full_text/text/2023/03/29/2023-04984.txt,"The Environmental Protection Agency (EPA or the Agency) is proposing a regulation to revise the technology-based effluent limitations guidelines and standards (ELGs) for the steam electric power generating point source category applicable to flue gas desulfurization (FGD) wastewater, bottom ash (BA) transport water, and combustion residual leachate (CRL) at existing sources. EPA is also soliciting comment on ELGs for legacy wastewater. This proposal is estimated to cost $200 million dollars annu"
EPA-HQ-OW-2009-0819,proposed,2025-19268,2025-10-02,Effluent Limitations Guidelines and Standards for the Steam Electric Power Generating Point Source Category-Deadline Extensions,,154510,data/raw/federal_register/EPA-HQ-OW-2009-0819_proposed_2025-19268.txt,https://www.federalregister.gov/documents/full_text/text/2025/10/02/2025-19268.txt,"The U.S. Environmental Protection Agency (the EPA or Agency) is proposing a Clean Water Act (CWA) rule to extend deadlines, promulgated in the 2024 ""Supplemental Effluent Limitations Guidelines and Standards for the Steam Electric Power Generating Point Source Category"" (2024 rule), update the transfer provisions to allow facilities to switch between compliance alternatives, and create authority for an alternative applicability dates and paperwork submission dates, based on site-specific factors"
EPA-HQ-OW-2011-0880,final,2015-13435,2015-06-29,Clean Water Rule: Definition of “Waters of the United States”,,562406,data/raw/federal_register/EPA-HQ-OW-2011-0880_final_2015-13435.txt,https://www.federalregister.gov/documents/full_text/text/2015/06/29/2015-13435.txt,"The Environmental Protection Agency (EPA) and the U.S. Army Corps of Engineers (Corps) are publishing a final rule defining the scope of waters protected under the Clean Water Act (CWA or the Act), in light of the statute, science, Supreme Court decisions in U.S. v. Riverside Bayview Homes, Solid Waste Agency of Northern Cook County v. U.S. Army Corps of Engineers (SWANCC), and Rapanos v. United States (Rapanos), and the agencies' experience and technical expertise. This final rule reflects cons"
EPA-HQ-OW-2011-0880,proposed,2014-07142,2014-04-21,Definition of “Waters of the United States” Under the Clean Water Act,,744888,data/raw/federal_register/EPA-HQ-OW-2011-0880_proposed_2014-07142.txt,https://www.federalregister.gov/documents/full_text/text/2014/04/21/2014-07142.txt,"The Environmental Protection Agency (EPA) and the U.S. Army Corps of Engineers (Corps) are publishing for public comment a proposed rule defining the scope of waters protected under the Clean Water Act (CWA), in light of the U.S. Supreme Court cases in U.S. v. Riverside Bayview, Rapanos v. United States, and Solid Waste Agency of Northern Cook County v. U.S. Army Corps of Engineers (SWANCC), and Rapanos v. United States (Rapanos). This proposal would enhance protection for the nation's public he"
EPA-HQ-OW-2011-0880,proposed,2014-14674,2014-06-24,Definition of “Waters of the United States” Under the Clean Water Act; Extension of Comment Period,,6620,data/raw/federal_register/EPA-HQ-OW-2011-0880_proposed_2014-14674.txt,https://www.federalregister.gov/documents/full_text/text/2014/06/24/2014-14674.txt,"The U.S. Environmental Protection Agency (EPA) and the U.S. Army Corps of Engineers (Corps) are extending the comment period for the proposed rule ""Definition of `Waters of the United States' Under the Clean Water Act"" published on April 21, 2014 (79 FR 22188). The agencies are extending the comment period in response to stakeholder requests for an extension."
EPA-HQ-OW-2011-0880,proposed,2014-24349,2014-10-14,Extension of Comment Period for the Definition of “Waters of the United States” Under the Clean Water Act Proposed Rule and Notice of Availability,,7698,data/raw/federal_register/EPA-HQ-OW-2011-0880_proposed_2014-24349.txt,https://www.federalregister.gov/documents/full_text/text/2014/10/14/2014-24349.txt,"The U.S. Environmental Protection Agency (EPA) and the U.S. Army Corps of Engineers (Corps) are extending the comment period for the proposed rule ""Definition of `Waters of the United States' Under the Clean Water Act"" published on April 21, 2014. The agencies are extending the comment period in response to stakeholder requests for an extension and to allow comments on new supporting materials."
EPA-HQ-OW-2011-0880,proposed,2014-25138,2014-10-24,Definition of “Waters of the United States” Under the Clean Water Act Proposed Rule; Notice of Availability,,4396,data/raw/federal_register/EPA-HQ-OW-2011-0880_proposed_2014-25138.txt,https://www.federalregister.gov/documents/full_text/text/2014/10/24/2014-25138.txt,"This document announces the availability of the Science Advisory Board's (SAB) final peer review of the EPA's draft report Connectivity of Streams and Wetlands to Downstream Waters: A Review and Synthesis. This document has been placed in the docket for the EPA and the Corps proposed rule ""Definition of `Waters of the United States' Under the Clean Water Act."""
EPA-HQ-OW-2017-0203,final,2019-20550,2019-10-22,Definition of “Waters of the United States”-Recodification of Pre-Existing Rules,,366550,data/raw/federal_register/EPA-HQ-OW-2017-0203_final_2019-20550.txt,https://www.federalregister.gov/documents/full_text/text/2019/10/22/2019-20550.txt,"The Environmental Protection Agency (EPA) and the Department of the Army (""the agencies"") are publishing a final rule to repeal the 2015 Clean Water Rule: Definition of ""Waters of the United States"" (""2015 Rule""), which amended portions of the Code of Federal Regulations (CFR), and to restore the regulatory text that existed prior to the 2015 Rule. The agencies will implement the pre-2015 Rule regulations informed by applicable agency guidance documents and consistent with Supreme Court decision"
EPA-HQ-OW-2017-0203,proposed,2017-13997,2017-07-27,Definition of “Waters of the United States”-Recodification of Pre-Existing Rules,,71784,data/raw/federal_register/EPA-HQ-OW-2017-0203_proposed_2017-13997.txt,https://www.federalregister.gov/documents/full_text/text/2017/07/27/2017-13997.txt,"The Environmental Protection Agency and the Department of the Army (""the agencies"") are publishing this proposed rule to initiate the first step in a comprehensive, two-step process intended to review and revise the definition of ""waters of the United States"" consistent with the Executive Order signed on February 28, 2017, ""Restoring the Rule of Law, Federalism, and Economic Growth by Reviewing the `Waters of the United States' Rule."" This first step proposes to rescind the definition of ""waters"
EPA-HQ-OW-2017-0203,proposed,2017-17739,2017-08-22,Definition of “Waters of the United States”-Recodification of Pre-Existing Rules; Extension of Comment Period,,4679,data/raw/federal_register/EPA-HQ-OW-2017-0203_proposed_2017-17739.txt,https://www.federalregister.gov/documents/full_text/text/2017/08/22/2017-17739.txt,"The U.S. Environmental Protection Agency (EPA) and the U.S. Department of the Army are extending the comment period for the proposed rule ""Definition of `Waters of the United States'-- Recodification of Pre-existing Rules."" The agencies are extending the comment period for 30 days in response to stakeholder requests for an extension, from August 28, 2017 to September 27, 2017."
EPA-HQ-OW-2017-0203,proposed,2018-14679,2018-07-12,Definition of “Waters of the United States”-Recodification of Preexisting Rule,,210281,data/raw/federal_register/EPA-HQ-OW-2017-0203_proposed_2018-14679.txt,https://www.federalregister.gov/documents/full_text/text/2018/07/12/2018-14679.txt,"The purpose of this supplemental notice is for the Environmental Protection Agency (EPA) and the Department of the Army (agencies) to clarify, supplement and seek additional comment on an earlier proposal, published on July 27, 2017, to repeal the 2015 Rule Defining Waters of the United States (""2015 Rule""), which amended portions of the Code of Federal Regulations (CFR). As stated in the agencies' July 27, 2017 Notice of Proposed Rulemaking (NPRM), the agencies propose to repeal the 2015 Rule a"
EPA-HQ-OW-2017-0644,final,2018-02429,2018-02-06,Definition of “Waters of the United States”-Addition of an Applicability Date to 2015 Clean Water Rule,,70219,data/raw/federal_register/EPA-HQ-OW-2017-0644_final_2018-02429.txt,https://www.federalregister.gov/documents/full_text/text/2018/02/06/2018-02429.txt,"The Environmental Protection Agency and the Department of the Army (""the agencies"") are publishing a final rule adding an applicability date to the ""Clean Water Rule: Definition of `Waters of the United States' "" published June 29, 2015 (the ""2015 Rule"") of February 6, 2020. On August 27, 2015, the U.S. District Court for the District of North Dakota enjoined the applicability of the 2015 Rule in the 13 States challenging the 2015 Rule in that court. On October 9, 2015, the U.S. Court of Appeals"
EPA-HQ-OW-2017-0644,proposed,2017-25321,2017-11-22,Definition of “Waters of the United States”-Addition of an Applicability Date to 2015 Clean Water Rule,,37346,data/raw/federal_register/EPA-HQ-OW-2017-0644_proposed_2017-25321.txt,https://www.federalregister.gov/documents/full_text/text/2017/11/22/2017-25321.txt,"The Environmental Protection Agency and the Department of the Army (""the agencies"") are proposing to add an applicability date to the ""Clean Water Rule: Definition of `Waters of the United States""' (the ""2015 Rule"") to two years from the date of final action on this proposal. On October 9, 2015, the Sixth Circuit stayed the 2015 Rule nationwide pending further action of the court, but the Supreme Court is currently reviewing the question of whether the court of appeals has original jurisdiction "
EPA-HQ-RCRA-2009-0640,final,2015-00257,2015-04-17,Hazardous and Solid Waste Management System; Disposal of Coal Combustion Residuals From Electric Utilities,,1530641,data/raw/federal_register/EPA-HQ-RCRA-2009-0640_final_2015-00257.txt,https://www.federalregister.gov/documents/full_text/text/2015/04/17/2015-00257.txt,The Environmental Protection Agency (EPA or the Agency) is publishing a final rule to regulate the disposal of coal combustion residuals (CCR) as solid waste under subtitle D of the Resource Conservation and Recovery Act (RCRA). The available information demonstrates that the risks posed to human health and the environment by certain CCR management units warrant regulatory controls. EPA is finalizing national minimum criteria for existing and new CCR landfills and existing and new CCR surface im
EPA-HQ-RCRA-2009-0640,proposed,2010-12286,2010-06-21,Hazardous and Solid Waste Management System; Identification and Listing of Special Wastes; Disposal of Coal Combustion Residuals From Electric Utilities,,1052897,data/raw/federal_register/EPA-HQ-RCRA-2009-0640_proposed_2010-12286.txt,https://www.federalregister.gov/documents/full_text/text/2010/06/21/2010-12286.txt,"The Environmental Protection Agency (EPA or Agency) is proposing to regulate for the first time, coal combustion residuals (CCRs) under the Resource Conservation and Recovery Act (RCRA) to address the risks from the disposal of CCRs generated from the combustion of coal at electric utilities and independent power producers. However, the Agency is considering two options in this proposal and, thus, is proposing two alternative regulations. Under the first proposal, EPA would reverse its August 19"
EPA-HQ-RCRA-2009-0640,proposed,2010-17143,2010-07-15,Hazardous and Solid Waste Management System; Identification and Listing of Special Wastes; Disposal of Coal Combustion Residuals From Electric Utilities,,11832,data/raw/federal_register/EPA-HQ-RCRA-2009-0640_proposed_2010-17143.txt,https://www.federalregister.gov/documents/full_text/text/2010/07/15/2010-17143.txt,"On June 21, 2010, EPA proposed to regulate the disposal of coal combustion residuals generated from the combustion of coal at electric utilities and by independent power producers. Given the significant public interest in this proposed rule and to further public participation opportunities, EPA is announcing five public hearings to be held in cities across the United States. The hearings will provide the public with an opportunity to present data, views or arguments concerning the proposed rule."
EPA-HQ-RCRA-2009-0640,proposed,2010-20703,2010-08-20,Hazardous and Solid Waste Management System; Identification and Listing of Special Wastes; Disposal of Coal Combustion Residuals From Electric Utilities,,20985,data/raw/federal_register/EPA-HQ-RCRA-2009-0640_proposed_2010-20703.txt,https://www.federalregister.gov/documents/full_text/text/2010/08/20/2010-20703.txt,"On June 21, 2010, EPA proposed to regulate the disposal of coal combustion residuals generated from the combustion of coal at electric utilities and by independent power producers. This action makes several administrative corrections in the preamble to the proposed rule, which were discovered after the proposal was published in the Federal Register. In addition, EPA is providing notice that additional support documents are available for public inspection in the rulemaking docket. This action als"
EPA-HQ-RCRA-2009-0640,proposed,2010-26657,2010-10-21,Notice of Data Availability on Coal Combustion Residual Surface Impoundments,,19013,data/raw/federal_register/EPA-HQ-RCRA-2009-0640_proposed_2010-26657.txt,https://www.federalregister.gov/documents/full_text/text/2010/10/21/2010-26657.txt,"This document announces the availability of new information and data posted in the docket for EPA's proposed rulemaking (75 FR 51434, August 20, 2010) on the Disposal of Coal Combustion Residuals from Electric Utilities. The Agency is seeking public comment on how, if at all, this additional information should affect the Agency's decisions as it develops a final rule. The information has been posted on EPA's Web site, and is now currently available in the docket; it consists of responses to Info"
EPA-R08-OAR-2015-0463,final,2016-14645,2016-07-05,"Approval, Disapproval and Promulgation of Air Quality Implementation Plans; Partial Approval and Partial Disapproval of Air Quality Implementation Plans and Federal Implementation Plan; Utah; Revisions to Regional Haze State Implementation Plan; Federal Implementation Plan for Regional Haze",,268152,data/raw/federal_register/EPA-R08-OAR-2015-0463_final_2016-14645.txt,https://www.federalregister.gov/documents/full_text/text/2016/07/05/2016-14645.txt,"The Environmental Protection Agency (EPA) is partially approving and partially disapproving a State Implementation Plan (SIP) revision submitted by the State of Utah on June 4, 2015 to implement the regional haze program pursuant to section 169A of the Clean Air Act (CAA or Act). The State's SIP revisions would establish an alternative to best available retrofit technology (BART) controls that would otherwise be required to control nitrogen oxides (NO<INF>X</INF>) at PacifiCorp's Hunter and Hunt"
EPA-R08-OAR-2015-0463,final,2020-23994,2020-11-27,Approval and Promulgation of Air Quality Implementation Plans; Utah; Regional Haze State and Federal Implementation Plans,,119927,data/raw/federal_register/EPA-R08-OAR-2015-0463_final_2020-23994.txt,https://www.federalregister.gov/documents/full_text/text/2020/11/27/2020-23994.txt,"The Environmental Protection Agency (EPA) is finalizing approval of State Implementation Plan (SIP) revisions submitted by the State of Utah on July 3, 2019, as supplemented on December 3, 2019, to satisfy certain regional haze requirements for the regional haze program's first implementation period (Utah SIP revisions). The EPA is approving the Utah SIP revision that provides an alternative to best available retrofit technology (BART) controls for nitrogen oxides (NO<INF>X</INF>) at the PacifiC"
EPA-R08-OAR-2015-0463,proposed,2015-33108,2016-01-14,"Approval, Disapproval and Promulgation of Air Quality Implementation Plans; Partial Approval and Partial Disapproval of Air Quality Implementation Plans and Federal Implementation Plan; Utah; Revisions to Regional Haze State Implementation Plan; Federal Implementation Plan for Regional Haze",,392340,data/raw/federal_register/EPA-R08-OAR-2015-0463_proposed_2015-33108.txt,https://www.federalregister.gov/documents/full_text/text/2016/01/14/2015-33108.txt,"The Environmental Protection Agency (EPA) is proposing to take action pursuant to section 110 of the Clean Air Act (CAA or Act) on State Implementation Plan (SIP) revisions submitted by the State of Utah on June 4, 2015, and October 20, 2015 to implement the regional haze program. The State's SIP revisions establish an alternative to best available retrofit technology (BART) controls that would otherwise be required to control nitrogen oxides (NO<INF>X</INF>) at PacifiCorp's Hunter and Huntingto"
EPA-R08-OAR-2015-0463,proposed,2020-00495,2020-01-22,Approval and Promulgation of Air Quality Implementation Plans; Utah; Regional Haze State and Federal Implementation Plans,,171518,data/raw/federal_register/EPA-R08-OAR-2015-0463_proposed_2020-00495.txt,https://www.federalregister.gov/documents/full_text/text/2020/01/22/2020-00495.txt,"The Environmental Protection Agency (EPA) is proposing to take action pursuant to section 110 of the Clean Air Act (CAA or Act) on State Implementation Plan (SIP) revisions submitted by the State of Utah on July 3, 2019, as supplemented on December 3, 2019, to satisfy certain regional haze requirements for the program's first implementation period. The EPA is proposing to approve the July 2019 SIP revision that provides an alternative to best available retrofit technology (BART) controls for nit"
